INFO-FLOW: Workspace /home/aion/my_ws/ee5332/matmul/matmul_stream/matVecMul_stream_prj/solution_chocolate opened at Fri Jan 01 00:00:02 IST 2021
Execute       send_msg_by_id INFO @200-1505@%s%s default  vivado 
INFO: [HLS 200-1505] Using default flow_target 'vivado'
Execute       get_config_interface -m_axi_latency 
Execute       get_config_interface -m_axi_alignment_byte_size 
Execute       get_config_interface -m_axi_max_widen_bitwidth 
Execute       get_config_interface -default_interface 
Execute       get_config_rtl -register_reset_num 
Execute     set_part xc7z020-clg400-1 
INFO: [HLS 200-1510] Running: set_part xc7z020-clg400-1 
Execute       create_platform xc7z020-clg400-1 -board  
DBG:HLSDevice: Trying to load device library: /mnt/xilinx/Vitis_HLS/2021.1/lib/lnx64.o/librdi_hlsvwrap.so
DBG:HLSDevice: first parts/arch.xml in RDI_DATADIR: /mnt/xilinx/Vivado/2021.1/data/parts/arch.xml
DBG:HLSDevice: init success
Execute         source /mnt/xilinx/Vitis_HLS/2021.1/common/technology/xilinx/DSP48/dsp48.hlp 
Execute         source /mnt/xilinx/Vitis_HLS/2021.1/common/technology/xilinx/DSP48/zynq_dsp48e1.hlp 
INFO: [HLS 200-1611] Setting target device to 'xc7z020-clg400-1'
Command       create_platform done; 1.42 sec.
Execute       source /mnt/xilinx/Vitis_HLS/2021.1/common/technology/xilinx/common/xilinx.gen 
Execute         source /mnt/xilinx/Vitis_HLS/2021.1/common/technology/xilinx/interface/plb46.gen 
Execute         source /mnt/xilinx/Vitis_HLS/2021.1/common/technology/xilinx/interface/axi4.gen 
Execute         source /mnt/xilinx/Vitis_HLS/2021.1/common/technology/xilinx/interface/nativeAXI4.gen 
Execute           source /mnt/xilinx/Vitis_HLS/2021.1/common/technology/xilinx/interface/saxilite.gen 
Execute           source /mnt/xilinx/Vitis_HLS/2021.1/common/technology/xilinx/interface/maxi.gen 
Execute         source /mnt/xilinx/Vitis_HLS/2021.1/common/technology/xilinx/scripts/xilinxcoregen.gen 
Execute         source /mnt/xilinx/Vitis_HLS/2021.1/common/technology/xilinx/interface/XilEDKCoreGen.gen 
Execute         source /mnt/xilinx/Vitis_HLS/2021.1/common/technology/xilinx/ip/util.gen 
Execute         source /mnt/xilinx/Vitis_HLS/2021.1/common/technology/xilinx/ip/xfir.gen 
Execute         source /mnt/xilinx/Vitis_HLS/2021.1/common/technology/xilinx/ip/dds_compiler.gen 
Execute         source /mnt/xilinx/Vitis_HLS/2021.1/common/technology/xilinx/ip/xfft.gen 
Execute         source /mnt/xilinx/Vitis_HLS/2021.1/common/technology/xilinx/DSP48/dsp48.gen 
Command       ap_source done; 0.16 sec.
Execute       ap_part_info -name xc7z020-clg400-1 -data info 
Execute       config_compile -quiet -complex-mul-dsp=0 
Command     set_part done; 1.6 sec.
Execute     create_clock -period 10 -name default 
INFO: [HLS 200-1510] Running: create_clock -period 10 -name default 
Execute       ap_set_clock -name default -period 10 -default=false 
INFO: [SYN 201-201] Setting up clock 'default' with a period of 10ns.
Execute     csynth_design 
INFO: [HLS 200-1510] Running: csynth_design 
Execute       get_config_compile -effort 
Execute       get_config_compile -enable_clang39 
Execute       get_config_compile -g 
Execute       get_config_compile -hw_syn 
Execute       get_config_compile -ng 
Execute       get_config_compile -opt_fp 
Execute       get_config_compile -skip_cdt 
Execute       get_config_compile -skip_syncheck 
Execute       get_config_compile -skip_transform 
Execute       get_config_compile -pre_tcl 
Execute       get_config_compile -keep_printf 
Execute       elaborate -effort=medium -skip_syncheck=0 -keep_printf=0 -skip_cdt=0 -skip_transform=0 -ng=0 -g=0 -opt_fp=0 -from_csynth_design=1 
INFO: [HLS 200-111] Finished File checks and directory preparation: CPU user time: 0.02 seconds. CPU system time: 0 seconds. Elapsed time: 0.01 seconds; current allocated memory: 207.795 MB.
INFO: [HLS 200-10] Analyzing design file '../matVecMul.cpp' ... 
INFO-FLOW: Compiling one TU...
Execute         get_config_compile -pragma_strict_mode 
INFO-FLOW: Handling ../matVecMul.cpp as C++
Execute         ap_part_info -name xc7z020-clg400-1 -data info 
INFO-FLOW: Running: GCC PP 39
INFO-FLOW: Source preprocessing
Execute         ap_eval exec -ignorestderr /mnt/xilinx/Vitis_HLS/2021.1/lnx64/tools/clang-3.9-csynth/bin/clang ../matVecMul.cpp -foptimization-record-file=/home/aion/my_ws/ee5332/matmul/matmul_stream/matVecMul_stream_prj/solution_chocolate/.autopilot/db/clang.matVecMul.cpp.diag.yml -mllvm -pass-remarks-missed=reflow|pasta|unroll -mllvm -pass-remarks=reflow|pasta|unroll|inline -fno-limit-debug-info -gcc-toolchain /mnt/xilinx/Vitis_HLS/2021.1/tps/lnx64/gcc-6.2.0 -fhls -fno-exceptions -E -fno-math-errno -c -emit-llvm -mllvm -disable-llvm-optzns -Werror=implicit-function-declaration -Werror=implicit-hls-streams -Werror=return-type -Wpragmas -Wunused-parameter -fno-threadsafe-statics -fno-use-cxa-atexit -std=gnu++14 -target fpga64-xilinx-linux-gnu -fno-threadsafe-statics -fno-use-cxa-atexit -I /mnt/xilinx/Vitis_HLS/2021.1/common/technology/autopilot/39 -D__VITIS_HLS__ -DAESL_SYN -D__SYNTHESIS__ -D__HLS_SYN__ -I /mnt/xilinx/Vitis_HLS/2021.1/common/technology/autopilot -I /mnt/xilinx/Vitis_HLS/2021.1/common/technology/autopilot/ap_sysc -include etc/autopilot_ssdm_op.h -D__DSP48E1__ -I /usr/include/x86_64-linux-gnu -o /home/aion/my_ws/ee5332/matmul/matmul_stream/matVecMul_stream_prj/solution_chocolate/.autopilot/db/matVecMul.pp.0.cpp -hls-platform-db-name=/mnt/xilinx/Vitis_HLS/2021.1/common/technology/xilinx/common/platform.db -hls-platform-name=zynq_slow > /home/aion/my_ws/ee5332/matmul/matmul_stream/matVecMul_stream_prj/solution_chocolate/.autopilot/db/clang.matVecMul.cpp.out.log 2> /home/aion/my_ws/ee5332/matmul/matmul_stream/matVecMul_stream_prj/solution_chocolate/.autopilot/db/clang.matVecMul.cpp.err.log 
Command         ap_eval done; 0.18 sec.
INFO-FLOW: Done: GCC PP 39 time: 0.2 seconds per iteration
Execute         set_directive_top matVecMul -name=matVecMul 
Execute         source /mnt/xilinx/Vitis_HLS/2021.1/tps/tcl/tcllib1.11.1/yaml/huddle.tcl 
Execute         source /mnt/xilinx/Vitis_HLS/2021.1/tps/tcl/tcllib1.11.1/yaml/json2huddle.tcl 
Execute           source /mnt/xilinx/Vitis_HLS/2021.1/tps/tcl/tcllib1.11.1/try/try.tcl 
Execute         list_core -type functional_unit 
Execute         ap_eval exec -ignorestderr /mnt/xilinx/Vitis_HLS/2021.1/lnx64/tools/clang-3.9-csynth/bin/clang -foptimization-record-file=/home/aion/my_ws/ee5332/matmul/matmul_stream/matVecMul_stream_prj/solution_chocolate/.autopilot/db/clang.diag.yml -mllvm -pass-remarks-missed=reflow|pasta|unroll -mllvm -pass-remarks=reflow|pasta|unroll|inline -fsyntax-only -fhls -target fpga64-xilinx-linux-gnu /home/aion/my_ws/ee5332/matmul/matmul_stream/matVecMul_stream_prj/solution_chocolate/.autopilot/db/matVecMul.pp.0.cpp -hls-platform-db-name=/mnt/xilinx/Vitis_HLS/2021.1/common/technology/xilinx/common/platform.db -hls-platform-name=zynq_slow > /home/aion/my_ws/ee5332/matmul/matmul_stream/matVecMul_stream_prj/solution_chocolate/.autopilot/db/clang.out.log 2> /home/aion/my_ws/ee5332/matmul/matmul_stream/matVecMul_stream_prj/solution_chocolate/.autopilot/db/clang.err.log 
Command         ap_eval done; 0.6 sec.
WARNING: [HLS 207-5528] Ignore interface attribute or pragma which is not used in top function: ../matVecMul.cpp:21:9
Execute         clang_tidy xilinx-systemc-detector /home/aion/my_ws/ee5332/matmul/matmul_stream/matVecMul_stream_prj/solution_chocolate/.autopilot/db/matVecMul.pp.0.cpp std=gnu++14 -target fpga  -directive=/home/aion/my_ws/ee5332/matmul/matmul_stream/matVecMul_stream_prj/solution_chocolate/.autopilot/db/.systemc_flag 
INFO-FLOW: exec /mnt/xilinx/Vitis_HLS/2021.1/lnx64/tools/clang-3.9-csynth/bin/clang-tidy -header-filter=.* --checks=-*,xilinx-systemc-detector -import-directive=/home/aion/my_ws/ee5332/matmul/matmul_stream/matVecMul_stream_prj/solution_chocolate/.autopilot/db/.systemc_flag -fix-errors /home/aion/my_ws/ee5332/matmul/matmul_stream/matVecMul_stream_prj/solution_chocolate/.autopilot/db/matVecMul.pp.0.cpp -- -std=gnu++14 -target fpga -fhls -ferror-limit=0
Command         clang_tidy done; 0.57 sec.
INFO-FLOW: Running: clang-tidy CDT preprocess 39
Execute         clang_tidy xilinx-directive2pragma /home/aion/my_ws/ee5332/matmul/matmul_stream/matVecMul_stream_prj/solution_chocolate/.autopilot/db/matVecMul.pp.0.cpp std=gnu++14 -target fpga  -directive=/home/aion/my_ws/ee5332/matmul/matmul_stream/matVecMul_stream_prj/solution_chocolate/.autopilot/db/all.directive.json 
INFO-FLOW: exec /mnt/xilinx/Vitis_HLS/2021.1/lnx64/tools/clang-3.9-csynth/bin/clang-tidy -header-filter=.* --checks=-*,xilinx-directive2pragma -import-directive=/home/aion/my_ws/ee5332/matmul/matmul_stream/matVecMul_stream_prj/solution_chocolate/.autopilot/db/all.directive.json -fix-errors /home/aion/my_ws/ee5332/matmul/matmul_stream/matVecMul_stream_prj/solution_chocolate/.autopilot/db/matVecMul.pp.0.cpp -- -std=gnu++14 -target fpga -fhls -ferror-limit=0
Command         clang_tidy done; 0.82 sec.
Execute         clang_tidy xilinx-constantarray-param,xilinx-remove-assert /home/aion/my_ws/ee5332/matmul/matmul_stream/matVecMul_stream_prj/solution_chocolate/.autopilot/db/matVecMul.pp.0.cpp std=gnu++14 -target fpga  
INFO-FLOW: exec /mnt/xilinx/Vitis_HLS/2021.1/lnx64/tools/clang-3.9-csynth/bin/clang-tidy -header-filter=.* --checks=-*,xilinx-constantarray-param,xilinx-remove-assert -fix-errors /home/aion/my_ws/ee5332/matmul/matmul_stream/matVecMul_stream_prj/solution_chocolate/.autopilot/db/matVecMul.pp.0.cpp -- -std=gnu++14 -target fpga -fhls -ferror-limit=0
Command         clang_tidy done; 0.69 sec.
INFO-FLOW: Done: clang-tidy CDT preprocess 39 time: 1.5 seconds per iteration
INFO-FLOW: Calling xilinx-label-all-loops ... 
INFO-FLOW: Calling xilinx-aggregate-on-hls-vector ... 
Execute         clang_tidy -errorcheck xilinx-label-all-loops,xilinx-aggregate-on-hls-vector,,xilinx-warn-mayneed-no-ctor-attribute /home/aion/my_ws/ee5332/matmul/matmul_stream/matVecMul_stream_prj/solution_chocolate/.autopilot/db/matVecMul.pp.0.cpp std=gnu++14 -target fpga  
Execute           ap_eval exec -ignorestderr /mnt/xilinx/Vitis_HLS/2021.1/lnx64/tools/clang-3.9-csynth/bin/clang-tidy -export-fixes=/home/aion/my_ws/ee5332/matmul/matmul_stream/matVecMul_stream_prj/solution_chocolate/.autopilot/db/clang-tidy.matVecMul.pp.0.cpp.diag.yml -header-filter=.* --checks=-*,xilinx-label-all-loops,xilinx-aggregate-on-hls-vector,,xilinx-warn-mayneed-no-ctor-attribute -fix-errors /home/aion/my_ws/ee5332/matmul/matmul_stream/matVecMul_stream_prj/solution_chocolate/.autopilot/db/matVecMul.pp.0.cpp -- -std=gnu++14 -target fpga -fhls -ferror-limit=0 > /home/aion/my_ws/ee5332/matmul/matmul_stream/matVecMul_stream_prj/solution_chocolate/.autopilot/db/clang-tidy.matVecMul.pp.0.cpp.out.log 2> /home/aion/my_ws/ee5332/matmul/matmul_stream/matVecMul_stream_prj/solution_chocolate/.autopilot/db/clang-tidy.matVecMul.pp.0.cpp.err.log 
Command           ap_eval done; 0.72 sec.
Execute           source /mnt/xilinx/Vitis_HLS/2021.1/tps/tcl/tcllib1.11.1/yaml/yaml.tcl 
Command         clang_tidy done; 0.74 sec.
Execute         get_config_dataflow -strict_mode 
Execute         ap_eval exec -ignorestderr /mnt/xilinx/Vitis_HLS/2021.1/lnx64/tools/clang-3.9-csynth/bin/xilinx-dataflow-lawyer -export-fixes=/home/aion/my_ws/ee5332/matmul/matmul_stream/matVecMul_stream_prj/solution_chocolate/.autopilot/db/xilinx-dataflow-lawyer.matVecMul.pp.0.cpp.diag.yml /home/aion/my_ws/ee5332/matmul/matmul_stream/matVecMul_stream_prj/solution_chocolate/.autopilot/db/matVecMul.pp.0.cpp -- -std=gnu++14 -target fpga -fhls -ferror-limit=0 -fstrict-dataflow > /home/aion/my_ws/ee5332/matmul/matmul_stream/matVecMul_stream_prj/solution_chocolate/.autopilot/db/xilinx-dataflow-lawyer.matVecMul.pp.0.cpp.out.log 2> /home/aion/my_ws/ee5332/matmul/matmul_stream/matVecMul_stream_prj/solution_chocolate/.autopilot/db/xilinx-dataflow-lawyer.matVecMul.pp.0.cpp.err.log 
Command         ap_eval done; 0.4 sec.
Execute         ap_part_info -name xc7z020-clg400-1 -data info 
INFO-FLOW: compiling source code to llvm bc
Execute         ap_eval exec -ignorestderr /mnt/xilinx/Vitis_HLS/2021.1/lnx64/tools/clang-3.9-csynth/bin/clang -foptimization-record-file=/home/aion/my_ws/ee5332/matmul/matmul_stream/matVecMul_stream_prj/solution_chocolate/.autopilot/db/clang.matVecMul.pp.0.cpp.diag.yml -mllvm -pass-remarks-missed=reflow|pasta|unroll -mllvm -pass-remarks=reflow|pasta|unroll|inline -fno-limit-debug-info -fhls -flto -fno-exceptions -Wno-error=c++11-narrowing /home/aion/my_ws/ee5332/matmul/matmul_stream/matVecMul_stream_prj/solution_chocolate/.autopilot/db/matVecMul.pp.0.cpp -fno-math-errno -c -emit-llvm -mllvm -disable-llvm-optzns -Werror=implicit-function-declaration -Werror=implicit-hls-streams -Werror=return-type -Wpragmas -Wunused-parameter -fno-threadsafe-statics -fno-use-cxa-atexit -std=gnu++14 -target fpga64-xilinx-linux-gnu -D__VITIS_HLS__ -DAESL_SYN -D__SYNTHESIS__ -D__HLS_SYN__ -I /mnt/xilinx/Vitis_HLS/2021.1/common/technology/autopilot -I /mnt/xilinx/Vitis_HLS/2021.1/common/technology/autopilot/ap_sysc -include etc/autopilot_ssdm_op.h -D__DSP48E1__ -g -o /home/aion/my_ws/ee5332/matmul/matmul_stream/matVecMul_stream_prj/solution_chocolate/.autopilot/db/matVecMul.bc -hls-platform-db-name=/mnt/xilinx/Vitis_HLS/2021.1/common/technology/xilinx/common/platform.db -hls-platform-name=zynq_slow > /home/aion/my_ws/ee5332/matmul/matmul_stream/matVecMul_stream_prj/solution_chocolate/.autopilot/db/clang.matVecMul.pp.0.cpp.out.log 2> /home/aion/my_ws/ee5332/matmul/matmul_stream/matVecMul_stream_prj/solution_chocolate/.autopilot/db/clang.matVecMul.pp.0.cpp.err.log 
Command         ap_eval done; 0.47 sec.
WARNING: [HLS 207-5301] unused parameter 'print': /mnt/xilinx/Vitis_HLS/2021.1/common/technology/autopilot/ap_int_base.h:792:16
INFO: [HLS 200-111] Finished Source Code Analysis and Preprocessing: CPU user time: 6.12 seconds. CPU system time: 0.65 seconds. Elapsed time: 4.56 seconds; current allocated memory: 209.475 MB.
INFO-FLOW: Linking Debug ...
INFO-FLOW: Linking dut bc code.
Execute         run_link_or_opt -out /home/aion/my_ws/ee5332/matmul/matmul_stream/matVecMul_stream_prj/solution_chocolate/.autopilot/db/a.g.ld.0.bc -args  "/home/aion/my_ws/ee5332/matmul/matmul_stream/matVecMul_stream_prj/solution_chocolate/.autopilot/db/matVecMul.g.bc"  
Execute           ap_eval exec -ignorestderr /mnt/xilinx/Vitis_HLS/2021.1/lnx64/tools/clang-3.9-csynth/bin/llvm-link /home/aion/my_ws/ee5332/matmul/matmul_stream/matVecMul_stream_prj/solution_chocolate/.autopilot/db/matVecMul.g.bc -o /home/aion/my_ws/ee5332/matmul/matmul_stream/matVecMul_stream_prj/solution_chocolate/.autopilot/db/a.g.ld.0.bc > /home/aion/my_ws/ee5332/matmul/matmul_stream/matVecMul_stream_prj/solution_chocolate/.autopilot/db/llvm-link.a.g.ld.0.bc.out.log 2> /home/aion/my_ws/ee5332/matmul/matmul_stream/matVecMul_stream_prj/solution_chocolate/.autopilot/db/llvm-link.a.g.ld.0.bc.err.log 
INFO-FLOW: 
Execute         run_link_or_opt -opt -out /home/aion/my_ws/ee5332/matmul/matmul_stream/matVecMul_stream_prj/solution_chocolate/.autopilot/db/a.g.ld.1.lower.bc -args /home/aion/my_ws/ee5332/matmul/matmul_stream/matVecMul_stream_prj/solution_chocolate/.autopilot/db/a.g.ld.0.bc -reflow-lower-math-intrinsics 
Execute           ap_eval exec -ignorestderr /mnt/xilinx/Vitis_HLS/2021.1/lnx64/tools/clang-3.9-csynth/bin/opt -pass-remarks-missed=reflow|pasta|unroll -pass-remarks=reflow|pasta|unroll|inline -pass-remarks-output=/home/aion/my_ws/ee5332/matmul/matmul_stream/matVecMul_stream_prj/solution_chocolate/.autopilot/db/opt.a.g.ld.1.lower.bc.diag.yml /home/aion/my_ws/ee5332/matmul/matmul_stream/matVecMul_stream_prj/solution_chocolate/.autopilot/db/a.g.ld.0.bc -reflow-lower-math-intrinsics -o /home/aion/my_ws/ee5332/matmul/matmul_stream/matVecMul_stream_prj/solution_chocolate/.autopilot/db/a.g.ld.1.lower.bc > /home/aion/my_ws/ee5332/matmul/matmul_stream/matVecMul_stream_prj/solution_chocolate/.autopilot/db/opt.a.g.ld.1.lower.bc.out.log 2> /home/aion/my_ws/ee5332/matmul/matmul_stream/matVecMul_stream_prj/solution_chocolate/.autopilot/db/opt.a.g.ld.1.lower.bc.err.log 
INFO-FLOW: 
INFO-FLOW: Linking math bc lib
Execute         run_link_or_opt -out /home/aion/my_ws/ee5332/matmul/matmul_stream/matVecMul_stream_prj/solution_chocolate/.autopilot/db/a.g.ld.2.m1.bc -args /home/aion/my_ws/ee5332/matmul/matmul_stream/matVecMul_stream_prj/solution_chocolate/.autopilot/db/a.g.ld.1.lower.bc -only-needed /mnt/xilinx/Vitis_HLS/2021.1/lnx64/lib/libhlsm_39.bc /mnt/xilinx/Vitis_HLS/2021.1/lnx64/lib/libhlsmc++_39.bc 
Execute           ap_eval exec -ignorestderr /mnt/xilinx/Vitis_HLS/2021.1/lnx64/tools/clang-3.9-csynth/bin/llvm-link /home/aion/my_ws/ee5332/matmul/matmul_stream/matVecMul_stream_prj/solution_chocolate/.autopilot/db/a.g.ld.1.lower.bc -only-needed /mnt/xilinx/Vitis_HLS/2021.1/lnx64/lib/libhlsm_39.bc /mnt/xilinx/Vitis_HLS/2021.1/lnx64/lib/libhlsmc++_39.bc -o /home/aion/my_ws/ee5332/matmul/matmul_stream/matVecMul_stream_prj/solution_chocolate/.autopilot/db/a.g.ld.2.m1.bc > /home/aion/my_ws/ee5332/matmul/matmul_stream/matVecMul_stream_prj/solution_chocolate/.autopilot/db/llvm-link.a.g.ld.2.m1.bc.out.log 2> /home/aion/my_ws/ee5332/matmul/matmul_stream/matVecMul_stream_prj/solution_chocolate/.autopilot/db/llvm-link.a.g.ld.2.m1.bc.err.log 
Command           ap_eval done; 2.35 sec.
INFO-FLOW: 
Command         run_link_or_opt done; 2.35 sec.
Execute         run_link_or_opt -opt -out /home/aion/my_ws/ee5332/matmul/matmul_stream/matVecMul_stream_prj/solution_chocolate/.autopilot/db/a.g.ld.3.fpc.bc -args /home/aion/my_ws/ee5332/matmul/matmul_stream/matVecMul_stream_prj/solution_chocolate/.autopilot/db/a.g.ld.2.m1.bc -reflow-globaldce -hls-top-function-name=matVecMul -reflow-float-conversion 
Execute           ap_eval exec -ignorestderr /mnt/xilinx/Vitis_HLS/2021.1/lnx64/tools/clang-3.9-csynth/bin/opt -pass-remarks-missed=reflow|pasta|unroll -pass-remarks=reflow|pasta|unroll|inline -pass-remarks-output=/home/aion/my_ws/ee5332/matmul/matmul_stream/matVecMul_stream_prj/solution_chocolate/.autopilot/db/opt.a.g.ld.3.fpc.bc.diag.yml /home/aion/my_ws/ee5332/matmul/matmul_stream/matVecMul_stream_prj/solution_chocolate/.autopilot/db/a.g.ld.2.m1.bc -reflow-globaldce -hls-top-function-name=matVecMul -reflow-float-conversion -o /home/aion/my_ws/ee5332/matmul/matmul_stream/matVecMul_stream_prj/solution_chocolate/.autopilot/db/a.g.ld.3.fpc.bc > /home/aion/my_ws/ee5332/matmul/matmul_stream/matVecMul_stream_prj/solution_chocolate/.autopilot/db/opt.a.g.ld.3.fpc.bc.out.log 2> /home/aion/my_ws/ee5332/matmul/matmul_stream/matVecMul_stream_prj/solution_chocolate/.autopilot/db/opt.a.g.ld.3.fpc.bc.err.log 
Command           ap_eval done; 0.85 sec.
INFO-FLOW: 
Command         run_link_or_opt done; 0.86 sec.
Execute         run_link_or_opt -out /home/aion/my_ws/ee5332/matmul/matmul_stream/matVecMul_stream_prj/solution_chocolate/.autopilot/db/a.g.ld.4.m2.bc -args /home/aion/my_ws/ee5332/matmul/matmul_stream/matVecMul_stream_prj/solution_chocolate/.autopilot/db/a.g.ld.3.fpc.bc -only-needed /mnt/xilinx/Vitis_HLS/2021.1/lnx64/lib/libfloatconversion_39.bc 
Execute           ap_eval exec -ignorestderr /mnt/xilinx/Vitis_HLS/2021.1/lnx64/tools/clang-3.9-csynth/bin/llvm-link /home/aion/my_ws/ee5332/matmul/matmul_stream/matVecMul_stream_prj/solution_chocolate/.autopilot/db/a.g.ld.3.fpc.bc -only-needed /mnt/xilinx/Vitis_HLS/2021.1/lnx64/lib/libfloatconversion_39.bc -o /home/aion/my_ws/ee5332/matmul/matmul_stream/matVecMul_stream_prj/solution_chocolate/.autopilot/db/a.g.ld.4.m2.bc > /home/aion/my_ws/ee5332/matmul/matmul_stream/matVecMul_stream_prj/solution_chocolate/.autopilot/db/llvm-link.a.g.ld.4.m2.bc.out.log 2> /home/aion/my_ws/ee5332/matmul/matmul_stream/matVecMul_stream_prj/solution_chocolate/.autopilot/db/llvm-link.a.g.ld.4.m2.bc.err.log 
Command           ap_eval done; 0.11 sec.
INFO-FLOW: 
Command         run_link_or_opt done; 0.11 sec.
Execute         run_link_or_opt -opt -out /home/aion/my_ws/ee5332/matmul/matmul_stream/matVecMul_stream_prj/solution_chocolate/.autopilot/db/a.g.ld.5.gdce.bc -args /home/aion/my_ws/ee5332/matmul/matmul_stream/matVecMul_stream_prj/solution_chocolate/.autopilot/db/a.g.ld.4.m2.bc -reflow-globaldce -hls-top-function-name=matVecMul 
Execute           ap_eval exec -ignorestderr /mnt/xilinx/Vitis_HLS/2021.1/lnx64/tools/clang-3.9-csynth/bin/opt -pass-remarks-missed=reflow|pasta|unroll -pass-remarks=reflow|pasta|unroll|inline -pass-remarks-output=/home/aion/my_ws/ee5332/matmul/matmul_stream/matVecMul_stream_prj/solution_chocolate/.autopilot/db/opt.a.g.ld.5.gdce.bc.diag.yml /home/aion/my_ws/ee5332/matmul/matmul_stream/matVecMul_stream_prj/solution_chocolate/.autopilot/db/a.g.ld.4.m2.bc -reflow-globaldce -hls-top-function-name=matVecMul -o /home/aion/my_ws/ee5332/matmul/matmul_stream/matVecMul_stream_prj/solution_chocolate/.autopilot/db/a.g.ld.5.gdce.bc > /home/aion/my_ws/ee5332/matmul/matmul_stream/matVecMul_stream_prj/solution_chocolate/.autopilot/db/opt.a.g.ld.5.gdce.bc.out.log 2> /home/aion/my_ws/ee5332/matmul/matmul_stream/matVecMul_stream_prj/solution_chocolate/.autopilot/db/opt.a.g.ld.5.gdce.bc.err.log 
INFO-FLOW: 
Execute         get_solution -flow_target 
Execute         get_config_export -xo 
Execute         get_config_export -format 
Execute         get_config_rtl -module_prefix 
Execute         get_config_interface -default_slave_interface 
Execute         get_solution -flow_target 
Execute         get_config_export -xo 
Execute         get_config_export -format 
Execute         get_config_interface -m_axi_offset 
Execute         get_config_interface -m_axi_latency 
Execute         get_config_interface -m_axi_alignment_byte_size 
Execute         get_config_interface -m_axi_min_bitwidth 
Execute         get_config_interface -m_axi_max_bitwidth 
Execute         get_config_interface -m_axi_max_widen_bitwidth 
Execute         get_config_interface -m_axi_num_read_outstanding 
Execute         get_config_interface -m_axi_num_write_outstanding 
Execute         get_config_interface -m_axi_max_read_burst_length 
Execute         get_config_interface -m_axi_max_write_burst_length 
Execute         get_config_interface -m_axi_min_bitwidth 
Execute         get_config_interface -m_axi_max_bitwidth 
Execute         get_config_interface -m_axi_latency 
Execute         get_config_interface -m_axi_min_bitwidth 
Execute         get_config_interface -m_axi_max_bitwidth 
Execute         get_config_interface -m_axi_max_widen_bitwidth 
Execute         get_config_interface -m_axi_auto_max_ports 
Execute         get_config_interface -m_axi_num_read_outstanding 
Execute         get_config_interface -m_axi_num_write_outstanding 
Execute         get_config_interface -m_axi_max_read_burst_length 
Execute         get_config_interface -m_axi_max_write_burst_length 
Execute         get_config_interface -s_axilite_data64 
Execute         get_config_compile -instruction_warning_threshold 
Execute         get_config_interface -m_axi_alignment_byte_size 
Execute         get_config_compile -pragma_strict_mode 
Execute         get_config_compile -pipeline_style 
Execute         get_config_array_partition -throughput_driven 
Execute         send_msg_by_id INFO @200-777@%s Vivado 
INFO: [HLS 200-777] Using interface defaults for 'Vivado' flow target.
Execute         is_m_axi_addr64 
INFO-FLOW: Doing LTO.
Execute         ap_eval exec -ignorestderr /mnt/xilinx/Vitis_HLS/2021.1/lnx64/tools/clang-3.9-csynth/bin/clang -foptimization-record-file=/home/aion/my_ws/ee5332/matmul/matmul_stream/matVecMul_stream_prj/solution_chocolate/.autopilot/db/clang.a.g.ld.0.bc.diag.yml -mllvm -pass-remarks-missed=reflow|pasta|unroll -mllvm -pass-remarks=reflow|pasta|unroll|inline -fhls -mllvm -hls-top-function-name=matVecMul -mllvm -hls-db-dir -mllvm /home/aion/my_ws/ee5332/matmul/matmul_stream/matVecMul_stream_prj/solution_chocolate/.autopilot/db -emit-llvm -c -target fpga64-xilinx-none -mllvm -xcl-xmlinfo=/home/aion/my_ws/ee5332/matmul/matmul_stream/matVecMul_stream_prj/solution_chocolate/.autopilot/db/kernel.internal.xml -mllvm -top-io-mapping-info=/home/aion/my_ws/ee5332/matmul/matmul_stream/matVecMul_stream_prj/solution_chocolate/.autopilot/db/top-io-fe.xml -mllvm -hls-bitcode-version=3.1 -mllvm -reflow-enable-slave-interface-default-setting=true -mllvm -gen-kernel-xml=false -mllvm -default-maxi-offset=slave -mllvm -maxi-latency=0 -mllvm -hls-maxi-data-size-in-bits=8 -mllvm -hls-maxi-max-data-size-in-bits=1024 -mllvm -hls-max-widen-size-in-bits=0 -mllvm -xcl-kernel-max-mem-ports=0 -mllvm -maxi-read-trans=16 -mllvm -maxi-write-trans=16 -mllvm -maxi-read-burst-len=16 -mllvm -maxi-write-burst-len=16 -mllvm -reflow-enable-saxi-64bits=0 -mllvm -reflow-basic-block-instr-threshhold=200000 -mllvm -assume-maxi-align=0 -mllvm -no-unaligned-maxi-accesses -mllvm -reflow-pipeline-style-llvm-setting=0 -mllvm -reflow-auto-array-partition-mode=default -mllvm -reflow-enable-auto-array-partition=true -mllvm -reflow-aggregate-bitwidth-threshold=4096 -mllvm -reflow-disaggregate-bitwidth-threshold=4096 -mllvm -hls -mllvm -disable-inlined-alloca-merging=true -x ir /home/aion/my_ws/ee5332/matmul/matmul_stream/matVecMul_stream_prj/solution_chocolate/.autopilot/db/a.g.ld.5.gdce.bc -o /home/aion/my_ws/ee5332/matmul/matmul_stream/matVecMul_stream_prj/solution_chocolate/.autopilot/db/a.g.lto.bc -hls-platform-db-name=/mnt/xilinx/Vitis_HLS/2021.1/common/technology/xilinx/common/platform.db -hls-platform-name=zynq_slow > /home/aion/my_ws/ee5332/matmul/matmul_stream/matVecMul_stream_prj/solution_chocolate/.autopilot/db/clang.a.g.ld.0.bc.out.log 2> /home/aion/my_ws/ee5332/matmul/matmul_stream/matVecMul_stream_prj/solution_chocolate/.autopilot/db/clang.a.g.ld.0.bc.err.log 
Command         ap_eval done; 0.33 sec.
INFO: [HLS 214-279] Initial Interval estimation mode is set into default.
INFO: [HLS 214-284] Auto array partition mode is set into default.
INFO: [HLS 214-131] Inlining function 'hls::axis<ap_int<32>, 1ul, 1ul, 1ul>::get_user_ptr()' into 'hls::stream<hls::axis<ap_int<32>, 1ul, 1ul, 1ul>, 0>::read()' (/mnt/xilinx/Vitis_HLS/2021.1/common/technology/autopilot/ap_axi_sdata.h:293:50)
INFO: [HLS 214-131] Inlining function 'hls::axis<ap_int<32>, 1ul, 1ul, 1ul>::get_dest_ptr()' into 'hls::stream<hls::axis<ap_int<32>, 1ul, 1ul, 1ul>, 0>::read()' (/mnt/xilinx/Vitis_HLS/2021.1/common/technology/autopilot/ap_axi_sdata.h:296:25)
INFO: [HLS 214-131] Inlining function 'hls::axis<ap_int<32>, 1ul, 1ul, 1ul>::get_id_ptr()' into 'hls::stream<hls::axis<ap_int<32>, 1ul, 1ul, 1ul>, 0>::read()' (/mnt/xilinx/Vitis_HLS/2021.1/common/technology/autopilot/ap_axi_sdata.h:295:67)
INFO: [HLS 214-131] Inlining function 'hls::axis<ap_int<32>, 1ul, 1ul, 1ul>::get_user_ptr()' into 'hls::stream<hls::axis<ap_int<32>, 1ul, 1ul, 1ul>, 0>::read()' (/mnt/xilinx/Vitis_HLS/2021.1/common/technology/autopilot/ap_axi_sdata.h:295:36)
INFO: [HLS 214-131] Inlining function 'hls::axis<ap_int<32>, 1ul, 1ul, 1ul>::get_dest_ptr()' into 'hls::stream<hls::axis<ap_int<32>, 1ul, 1ul, 1ul>, 0>::read()' (/mnt/xilinx/Vitis_HLS/2021.1/common/technology/autopilot/ap_axi_sdata.h:294:39)
INFO: [HLS 214-131] Inlining function 'hls::axis<ap_int<32>, 1ul, 1ul, 1ul>::get_id_ptr()' into 'hls::stream<hls::axis<ap_int<32>, 1ul, 1ul, 1ul>, 0>::read()' (/mnt/xilinx/Vitis_HLS/2021.1/common/technology/autopilot/ap_axi_sdata.h:294:23)
INFO: [HLS 214-131] Inlining function 'hls::axis<ap_int<32>, 1ul, 1ul, 1ul>::get_user_ptr()' into 'hls::stream<hls::axis<ap_int<32>, 1ul, 1ul, 1ul>, 0>::write(hls::axis<ap_int<32>, 1ul, 1ul, 1ul> const&)' (/mnt/xilinx/Vitis_HLS/2021.1/common/technology/autopilot/ap_axi_sdata.h:304:51)
INFO: [HLS 214-131] Inlining function 'hls::axis<ap_int<32>, 1ul, 1ul, 1ul>::get_dest_ptr()' into 'hls::stream<hls::axis<ap_int<32>, 1ul, 1ul, 1ul>, 0>::write(hls::axis<ap_int<32>, 1ul, 1ul, 1ul> const&)' (/mnt/xilinx/Vitis_HLS/2021.1/common/technology/autopilot/ap_axi_sdata.h:307:26)
INFO: [HLS 214-131] Inlining function 'hls::axis<ap_int<32>, 1ul, 1ul, 1ul>::get_id_ptr()' into 'hls::stream<hls::axis<ap_int<32>, 1ul, 1ul, 1ul>, 0>::write(hls::axis<ap_int<32>, 1ul, 1ul, 1ul> const&)' (/mnt/xilinx/Vitis_HLS/2021.1/common/technology/autopilot/ap_axi_sdata.h:306:68)
INFO: [HLS 214-131] Inlining function 'hls::axis<ap_int<32>, 1ul, 1ul, 1ul>::get_user_ptr()' into 'hls::stream<hls::axis<ap_int<32>, 1ul, 1ul, 1ul>, 0>::write(hls::axis<ap_int<32>, 1ul, 1ul, 1ul> const&)' (/mnt/xilinx/Vitis_HLS/2021.1/common/technology/autopilot/ap_axi_sdata.h:306:37)
INFO: [HLS 214-131] Inlining function 'hls::axis<ap_int<32>, 1ul, 1ul, 1ul>::get_dest_ptr()' into 'hls::stream<hls::axis<ap_int<32>, 1ul, 1ul, 1ul>, 0>::write(hls::axis<ap_int<32>, 1ul, 1ul, 1ul> const&)' (/mnt/xilinx/Vitis_HLS/2021.1/common/technology/autopilot/ap_axi_sdata.h:305:40)
INFO: [HLS 214-131] Inlining function 'hls::axis<ap_int<32>, 1ul, 1ul, 1ul>::get_id_ptr()' into 'hls::stream<hls::axis<ap_int<32>, 1ul, 1ul, 1ul>, 0>::write(hls::axis<ap_int<32>, 1ul, 1ul, 1ul> const&)' (/mnt/xilinx/Vitis_HLS/2021.1/common/technology/autopilot/ap_axi_sdata.h:305:24)
INFO: [HLS 214-131] Inlining function 'hls::stream<hls::axis<ap_int<32>, 1ul, 1ul, 1ul>, 0>::read()' into 'matVecMul(ap_fixed<16, 8, (ap_q_mode)0, (ap_o_mode)0, 0> (*) [64], hls::stream<hls::axis<ap_int<32>, 1ul, 1ul, 1ul>, 0>&, hls::stream<hls::axis<ap_int<32>, 1ul, 1ul, 1ul>, 0>&, int, int, int)' (../matVecMul.cpp:39:32)
INFO: [HLS 214-131] Inlining function 'hls::stream<hls::axis<ap_int<32>, 1ul, 1ul, 1ul>, 0>::write(hls::axis<ap_int<32>, 1ul, 1ul, 1ul> const&)' into 'matVecMul(ap_fixed<16, 8, (ap_q_mode)0, (ap_o_mode)0, 0> (*) [64], hls::stream<hls::axis<ap_int<32>, 1ul, 1ul, 1ul>, 0>&, hls::stream<hls::axis<ap_int<32>, 1ul, 1ul, 1ul>, 0>&, int, int, int)' (../matVecMul.cpp:69:24)
INFO: [HLS 214-178] Inlining function 'unpack(ap_int<32>)' into 'matVecMul(ap_fixed<16, 8, (ap_q_mode)0, (ap_o_mode)0, 0> (*) [64], hls::stream<hls::axis<ap_int<32>, 1ul, 1ul, 1ul>, 0>&, hls::stream<hls::axis<ap_int<32>, 1ul, 1ul, 1ul>, 0>&, int, int, int)' (../matVecMul.cpp:10:0)
INFO: [HLS 214-178] Inlining function 'pack(ap_fixed<16, 8, (ap_q_mode)0, (ap_o_mode)0, 0>)' into 'matVecMul(ap_fixed<16, 8, (ap_q_mode)0, (ap_o_mode)0, 0> (*) [64], hls::stream<hls::axis<ap_int<32>, 1ul, 1ul, 1ul>, 0>&, hls::stream<hls::axis<ap_int<32>, 1ul, 1ul, 1ul>, 0>&, int, int, int)' (../matVecMul.cpp:10:0)
INFO: [HLS 214-248] Applying array_partition to 'A': Cyclic partitioning with factor 4 on dimension 2. (../matVecMul.cpp:10:0)
INFO: [HLS 214-270] Starting automatic array partition analysis...
INFO-FLOW: DBG:PUTS: copy_raw_kernel_xml ap_link_39: kernel.xml not generated: /home/aion/my_ws/ee5332/matmul/matmul_stream/matVecMul_stream_prj/solution_chocolate/.autopilot/db/kernel.internal.xml
INFO: [HLS 200-111] Finished Compiling Optimization and Transform: CPU user time: 3.72 seconds. CPU system time: 0.38 seconds. Elapsed time: 4.11 seconds; current allocated memory: 210.992 MB.
INFO: [HLS 200-111] Finished Checking Pragmas: CPU user time: 0 seconds. CPU system time: 0 seconds. Elapsed time: 0 seconds; current allocated memory: 210.993 MB.
Execute         opt_and_import_c a -opt_level=2 -skip_syncheck=0 -ng=0 -keep_printf=0 
Execute           cleanup_all_models 
INFO: [HLS 200-10] Starting code transformations ...
INFO-FLOW: Running Standard Transforms...
Execute           transform -hls -share-std-xform -demangle-name -inline-byval-memcpy -always-inline -promote-dbg-pointer -interface-preproc -mem2reg -scalarrepl -mem2reg -keep-read-access -instcombine -dce -promote-dbg-pointer -bitop-raise -loop-simplify -indvarspre -indvars -loop-simplify -xunroll -constprop -instcombine -simplifycfg -indvars -simplifycfg -dce -globaldce -basicaa -simplifycfg -mem2reg -globalopt -global-constprop -deadargelim -instcombine -simplifycfg -scalarrepl -instcombine -reassociate -licm -simplifycfg -loop-simplify -indvars -instcombine -simplifycfg -mem2reg -loop-simplify -indvars -instcombine -gvn -gvn -instcombine -adce -break-crit-edges -simplifycfg -loop-delete -global-array-opt -dce -dse -adce -find-syn-modules -top matVecMul -deadargelim -mem2reg -instcombine -dce -presyn-prepare -auto-rom-infer -interface-preproc -syn-check -check-rec-only -find-region -simplifycfg -func-extr -function-inline -globaldce -mem2reg -instcombine -dce -gvn -globaldce -adce -adse -constprop -instcombine -bit-constprop -instcombine -dce -simplifycfg -bitop-raise -simplifycfg -dce -loop-delete -reassociate -globalopt -global-privatize -mem2reg -dce -global-constprop -pointer-simplify -constprop -dce -func-inst -deadargelim -auto-shift-reg-idiom -promote-dbg-pointer -norm-name /home/aion/my_ws/ee5332/matmul/matmul_stream/matVecMul_stream_prj/solution_chocolate/.autopilot/db/a.g.0.bc -o /home/aion/my_ws/ee5332/matmul/matmul_stream/matVecMul_stream_prj/solution_chocolate/.autopilot/db/a.g.1.bc -f -phase std-opt 
INFO: [HLS 200-111] Finished Standard Transforms: CPU user time: 0.09 seconds. CPU system time: 0.02 seconds. Elapsed time: 0.1 seconds; current allocated memory: 223.994 MB.
INFO: [HLS 200-10] Checking synthesizability ...
INFO-FLOW: Checking Synthesizability 1/2..
Execute           transform -hls -syn-check -check-rec-only -scalarrepl -norm-name -dce -mem2reg -instcombine -function-uniquify -directive-preproc -mem2reg -dse -dce -auto-rom-infer -dce -pag -array-normalize -instcombine -dce -array-seg-normalize -instcombine -dce -data-pack -instcombine -dce -inst-simplify -array-flatten -instcombine -dce -array-burst -dce -deadargelim -promote-global-argument -simplifycfg -mem2reg -globaldce -dce -deadargelim -dce -instcombine -function-inline -globaldce -dce -doublePtrSimplify -doublePtrElim -dce -doublePtrSimplify -promote-dbg-pointer -dce -scalarrepl -dse -adse -instcombine -ptrLegalization -simplifycfg -dce -instcombine -pointer-simplify -ptrArgReplace -dce -instcombine -resolve-double-ptr -scalarrepl -norm-name -dce -mem2reg -instcombine -ptrLegalization -simplifycfg -deadargelim -instcombine -dce -inst-simplify -function-uniquify -directive-preproc -mem2reg -dse -dce -globaldce -check-dspbuiltin /home/aion/my_ws/ee5332/matmul/matmul_stream/matVecMul_stream_prj/solution_chocolate/.autopilot/db/a.g.1.bc -o /home/aion/my_ws/ee5332/matmul/matmul_stream/matVecMul_stream_prj/solution_chocolate/.autopilot/db/a.g.2.prechk.bc -f 
INFO-FLOW: Checking Synthesizability 2/2..
Execute           transform -syn-check /home/aion/my_ws/ee5332/matmul/matmul_stream/matVecMul_stream_prj/solution_chocolate/.autopilot/db/a.g.2.prechk.bc -o /home/aion/my_ws/ee5332/matmul/matmul_stream/matVecMul_stream_prj/solution_chocolate/.autopilot/db/a.g.2.bc -f -phase syn-check 
INFO: [HLS 200-111] Finished Checking Synthesizability: CPU user time: 0.16 seconds. CPU system time: 0.01 seconds. Elapsed time: 0.18 seconds; current allocated memory: 241.576 MB.
INFO-FLOW: Compiler optimizing ...
INFO-FLOW: Share syncheck's 1.bc for syn flow: copy /home/aion/my_ws/ee5332/matmul/matmul_stream/matVecMul_stream_prj/solution_chocolate/.autopilot/db/a.g.1.bc to /home/aion/my_ws/ee5332/matmul/matmul_stream/matVecMul_stream_prj/solution_chocolate/.autopilot/db/a.o.1.bc
INFO-FLOW: Presyn 1...
Execute           transform -hls -tmp /home/aion/my_ws/ee5332/matmul/matmul_stream/matVecMul_stream_prj/solution_chocolate/.autopilot/db -interface-port-rename -function-uniquify -directive-preproc -mem2reg -dse -dce -scalarrepl -norm-name -deadargelim -mem2reg -instcombine -dce -simplifycfg -auto-rom-infer -dce -function-uniquify -resource-proc -clib-intrinsic-prepare -dce -func-buffer -dce -pag -array-normalize -func-legal -instcombine -gvn -constprop -dce -simplifycfg -mem2reg -globaldce -resolve-double-ptr -dce -deadargelim -dce -instcombine -ptrArgReplace -mem2reg -dce -array-seg-normalize -deadargelim -instcombine -dce -function-uniquify -directive-preproc -mem2reg -dse -dce -pointer-simplify -dce -port-alignment -dce -interface-preproc -data-pack -instcombine -dce -basicaa -aggr-aa -aggrmodref-aa -aggr-aa -gvn -gvn -basicaa -aggr-aa -aggrmodref-aa -aggr-aa -dse -adse -adce -loop-simplify -indvars -instcombine -gvn -loop-simplify -mem2reg -dce -find-region -instcombine -auto-loop-pipeline -inst-simplify -interface-preproc -cfgopt -instcombine -indvars -auto-loop-unroll -loop-simplify -loop-bound -xunroll -constprop -instcombine -simplifycfg -indvars -simplifycfg -dce -globaldce -clean-region -attach-range -gvn -inst-simplify -constprop -simplifycfg -dce -pointer-simplify -dce -globalopt -constprop -dce -array-promote -constprop -dce -ptrArgReplace -mem2reg -simplifycfg -dce -instcombine -dce -array-transform-check -array-reshape -instcombine -simplifycfg -dce -ptrArgReplace -deadargelim -mem2reg -instcombine -simplifycfg -dce -indvars -loop-simplify -loop-bound -xunroll -constprop -instcombine -simplifycfg -indvars -simplifycfg -dce -globaldce -basicaa -aggr-aa -aggrmodref-aa -aggr-aa -dse -duplicate-dataflow-processes -globaldce -instcombine -array-partition -instcombine -simplifycfg -dce -ptrArgReplace -global-constprop -deadargelim -mem2reg -func-legal -dce -global-constprop -deadargelim -mem2reg -simplifycfg -dce -merge-param -deadargelim -globalopt -constprop -dce -array-promote -constprop -dce -ptrArgReplace -mem2reg -simplifycfg -dce -mem-intrinsic-preproc -dce -global-internalize -global-privatize -mem2reg -globaldce -promote-global-argument -ptrArgReplace -mem2reg -dce -globalopt -mergereturn -simplify-global-access -mem2reg -dce -pointer-simplify -dce -functionattrs -basicaa -aggr-aa -aggrmodref-aa -aggr-aa -gvn -gvn -basicaa -aggr-aa -aggrmodref-aa -aggr-aa -dse -adse -adce -dce -norm-name -basicaa -aggr-aa -aggrmodref-aa -aggr-aa -accesses-merge -function-inline -complex-op-raise -inst-simplify -globaldce -func-inst -constprop -instcombine -simplifycfg -dce -func-legal -dce -loop-bound -arraycheck -bitwidthmin2 -bitwidthmin2 -on-by-dataflow -loop-delete -instcombine -simplifycfg -globaldce -dce -gvn -deadargelim -dce -loop-simplify -clean-region -simplifycfg -propagate-stable-arguments -loop-stream -instcombine -simplifycfg -dce -globaldce -duplicate-dataflow-processes -stream-intrinsic-preproc -dce -check-ap-stream -loop-simplify -eliminate-keepreads -extract-dataflow-in-loop -loop-simplify -dce -gvn -deadargelim -dse -duplicate-dataflow-processes -check-dataflow-syntax -legalize-stream-variable -legalize-global -extract-subproc -dce -dead-channel-elimination -canonicalize-gep -globaldce -dce -gvn -hls-dead-arg-elim -deadargelim -directive-preproc -annotate-dataflow-channels -scalar-preprocessing -scalar-propagation2 -deadargelim -globaldce -mem2reg -check-dataflow-channels -function-stream -dce -globaldce -prop-fifo-spec -internal-stream-gen -canonicalize-gep -globaldce -dce -gvn -deadargelim -mergereturn -indvars -loop-simplify -instcombine -array-stream -array-seg-normalize -array-partition -func-legal -instcombine -simplifycfg -dce -bundle-memfifo-ops -deadargelim -function-uniquify -directive-preproc -mem2reg -dse -dce -group-axi-access -licm -simplifycfg -dce -loop-delete -hls-display -norm-name /home/aion/my_ws/ee5332/matmul/matmul_stream/matVecMul_stream_prj/solution_chocolate/.autopilot/db/a.o.1.bc -o /home/aion/my_ws/ee5332/matmul/matmul_stream/matVecMul_stream_prj/solution_chocolate/.autopilot/db/a.o.1.tmp.bc -f 
INFO: [XFORM 203-501] Unrolling loop 'matmul_inner_loop' (../matVecMul.cpp:50) in function 'matVecMul' partially with a factor of 4.
INFO: [XFORM 203-101] Partitioning array 'x_localbuff.V'  in dimension 1 with a cyclic factor 4.
Command           transform done; 0.17 sec.
INFO-FLOW: Presyn 2...
Execute           transform -hls -keep-callgraph -scalarrepl -mem2reg -port-alignment -attach-range -dce -pipe-mux-gen -indvars -loop-bound -inst-simplify -instcombine -dce -merge-array-access -mem2reg -dce -clean-region -mergereturn -if-conv -instcombine -dce -constprop -basicaa -aggr-aa -aggrmodref-aa -aggr-aa -gvn -gvn -basicaa -aggr-aa -aggrmodref-aa -aggr-aa -dse -adse -adce -scalarrepl -mem2reg -global-constprop -deadargelim -deadargelim -instcombine -dce -simplifycfg -ptrArgReplace -mem2reg -function-inline -globaldce -mem2reg -instcombine -dce -expr-balance -instcombine -dce -bitwidthmin2 -bitwidthmin2 -interface-preproc -directive-preproc -inst-rectify -instcombine -dce -functionattrs -constprop -instcombine -bit-constprop -simplify-global-access -globalopt -globaldce -inst-simplify -instcombine -elimdeaddata -dce -loop-delete -simplifycfg -loop-simplify -auto-burst -barrier -norm-name /home/aion/my_ws/ee5332/matmul/matmul_stream/matVecMul_stream_prj/solution_chocolate/.autopilot/db/a.o.1.tmp.bc -o /home/aion/my_ws/ee5332/matmul/matmul_stream/matVecMul_stream_prj/solution_chocolate/.autopilot/db/a.o.2.bc -f -phase presyn 
INFO: [XFORM 203-401] Performing if-conversion on hyperblock in function 'matVecMul'... converting 3 basic blocks.
Command           transform done; 0.13 sec.
INFO: [HLS 200-111] Finished Loop, function and other optimizations: CPU user time: 0.28 seconds. CPU system time: 0.02 seconds. Elapsed time: 0.3 seconds; current allocated memory: 282.553 MB.
Execute           get_config_compile -enable_auto_rewind 
Execute           get_config_compile -enable_loop_extract 
INFO-FLOW: Building ssdm...
Execute           transform -hls -function-uniquify -auto-function-inline -globaldce -ptrArgReplace -mem2reg -dce -reset-lda -loop-simplify -indvars -aggr-aa -licm -loop-dep -loop-bound -licm -loop-simplify -flattenloopnest -array-flatten -gvn -instcombine -dce -array-map -dce -func-legal -gvn -adce -instcombine -cfgopt -simplifycfg -loop-simplify -array-burst -promote-global-argument -dce -array-seg-normalize -basicaa -aggrmodref-aa -globalsmodref-aa -aggr-aa -gvn -gvn -basicaa -aggrmodref-aa -globalsmodref-aa -aggr-aa -dse -adse -adce -licm -inst-simplify -dce -globaldce -instcombine -array-stream -eliminate-keepreads -instcombine -dce -deadargelim -doublePtrSimplify -doublePtrElim -dce -doublePtrSimplify -promote-dbg-pointer -dce -scalarrepl -mem2reg -norm-name -mem2reg -instcombine -dse -adse -adce -ptrLegalization -dce -auto-rom-infer -array-flatten -dce -instcombine -check-doubleptr -loop-rot -constprop -cfgopt -simplifycfg -loop-simplify -indvars -pointer-simplify -dce -loop-bound -loop-simplify -loop-preproc -constprop -global-constprop -gvn -mem2reg -instcombine -dce -loop-bound -loop-merge -dce -deadargelim -dce -canonicalize-dataflow -dce -scalar-propagation2 -deadargelim -globaldce -mem2reg -load-elim -read-loop-dep -loop-simplify -loop-extract-inner -directive-preproc -bitwidthmin2 -bitwidthmin2 -read-loop-dep -interface-preproc -directive-preproc -interface-gen -bram-byte-enable -deadargelim -inst-simplify -dce -gvn -mem2reg -instcombine -dce -adse -loop-bound -instcombine -cfgopt -simplifycfg -loop-simplify -clean-region -io-protocol -find-region -mem2reg -bitop-raise -complex-op-raise -inst-simplify -inst-rectify -instcombine -adce -deadargelim -float-op-raise -loop-simplify -phi-opt -bitop-raise -cfgopt -simplifycfg -strip-dead-prototypes -interface-lower -bitop-lower -intrinsic-lower -auto-function-inline -basicaa -aggrmodref-aa -globalsmodref-aa -aggr-aa -inst-simplify -simplifycfg -loop-simplify -mergereturn -inst-simplify -inst-rectify -dce -load-elim -bitop-lower -float-op-raise -fma-raise -loop-rewind -pointer-simplify -dce -cfgopt -dce -loop-bound -loop-dep -read-loop-dep -dce -dyn-mem-reuse -dce -recurrence-min -dce -check-stream -norm-name -legalize -validate-dataflow -inst-clarity -bitwidth -dump-loop-dep-to-ir -check-all-ssdm -cdfg-build /home/aion/my_ws/ee5332/matmul/matmul_stream/matVecMul_stream_prj/solution_chocolate/.autopilot/db/a.o.2.bc -o /home/aion/my_ws/ee5332/matmul/matmul_stream/matVecMul_stream_prj/solution_chocolate/.autopilot/db/a.o.3.bc -f -phase build-ssdm 
WARNING: [HLS 200-960] Cannot flatten loop 'matmul_outer_loop' (../matVecMul.cpp:44:18) in function 'matVecMul' the outer loop is not a perfect loop because there is nontrivial logic before entering the inner loop.
WARNING: [HLS 200-960] Cannot flatten loop 'vector_loop' (../matVecMul.h:25:12) in function 'matVecMul' more than one sub loop.
INFO: [HLS 200-472] Inferring partial write operation for 'x_localbuff.V.0' (../matVecMul.cpp:40:28)
Command           transform done; 0.18 sec.
INFO: [HLS 200-111] Finished Architecture Synthesis: CPU user time: 0.18 seconds. CPU system time: 0.01 seconds. Elapsed time: 0.18 seconds; current allocated memory: 304.572 MB.
INFO-FLOW: Finish building internal data model.
Command         opt_and_import_c done; 0.77 sec.
Command       elaborate done; 9.45 sec.
Execute       ap_eval exec zip -j /home/aion/my_ws/ee5332/matmul/matmul_stream/matVecMul_stream_prj/solution_chocolate/.autopilot/db/dut.hcp $dbDir/a.o.3.bc $dbDir/${topname}.rtl_wrap.cfg.tcl $dbDir/apatb_${topname}.cpp $dbDir/apatb_${topname}_util.cpp $dbDir/apatb_${topname}_ir.ll $dbDir/mapper_${topname}.cpp $dbDir/top-io-fe.xml $dbDir/kernel.internal.xml $workdir/../hls.app 
Command       ap_eval done; 0.11 sec.
Execute       autosyn -from_csynth_design=1 
INFO: [HLS 200-10] Starting hardware synthesis ...
INFO-FLOW: Synthesizing C/C++ design ...
INFO: [HLS 200-10] Synthesizing 'matVecMul' ...
Execute         ap_set_top_model matVecMul 
Execute         get_model_list matVecMul -filter all-wo-channel -topdown 
Execute         preproc_iomode -model matVecMul 
Execute         preproc_iomode -model matVecMul_Pipeline_matmul_inner_loop 
Execute         preproc_iomode -model matVecMul_Pipeline_sample_loop 
Execute         get_model_list matVecMul -filter all-wo-channel 
INFO-FLOW: Model list for configure: matVecMul_Pipeline_sample_loop matVecMul_Pipeline_matmul_inner_loop matVecMul
INFO-FLOW: Configuring Module : matVecMul_Pipeline_sample_loop ...
Execute         set_default_model matVecMul_Pipeline_sample_loop 
Execute         apply_spec_resource_limit matVecMul_Pipeline_sample_loop 
INFO-FLOW: Configuring Module : matVecMul_Pipeline_matmul_inner_loop ...
Execute         set_default_model matVecMul_Pipeline_matmul_inner_loop 
Execute         apply_spec_resource_limit matVecMul_Pipeline_matmul_inner_loop 
INFO-FLOW: Configuring Module : matVecMul ...
Execute         set_default_model matVecMul 
Execute         apply_spec_resource_limit matVecMul 
INFO-FLOW: Model list for preprocess: matVecMul_Pipeline_sample_loop matVecMul_Pipeline_matmul_inner_loop matVecMul
INFO-FLOW: Preprocessing Module: matVecMul_Pipeline_sample_loop ...
Execute         set_default_model matVecMul_Pipeline_sample_loop 
Execute         cdfg_preprocess -model matVecMul_Pipeline_sample_loop 
Execute         rtl_gen_preprocess matVecMul_Pipeline_sample_loop 
INFO-FLOW: Preprocessing Module: matVecMul_Pipeline_matmul_inner_loop ...
Execute         set_default_model matVecMul_Pipeline_matmul_inner_loop 
Execute         cdfg_preprocess -model matVecMul_Pipeline_matmul_inner_loop 
Execute         rtl_gen_preprocess matVecMul_Pipeline_matmul_inner_loop 
INFO-FLOW: Preprocessing Module: matVecMul ...
Execute         set_default_model matVecMul 
Execute         cdfg_preprocess -model matVecMul 
Execute         rtl_gen_preprocess matVecMul 
INFO-FLOW: Model list for synthesis: matVecMul_Pipeline_sample_loop matVecMul_Pipeline_matmul_inner_loop matVecMul
INFO: [HLS 200-10] ----------------------------------------------------------------
INFO: [HLS 200-42] -- Implementing module 'matVecMul_Pipeline_sample_loop' 
INFO: [HLS 200-10] ----------------------------------------------------------------
Execute         set_default_model matVecMul_Pipeline_sample_loop 
Execute         schedule -model matVecMul_Pipeline_sample_loop 
INFO: [SCHED 204-11] Starting scheduling ...
INFO: [SCHED 204-61] Pipelining loop 'sample_loop'.
INFO: [HLS 200-1470] Pipelining result : Target II = 1, Final II = 1, Depth = 1, loop 'sample_loop'
INFO: [SCHED 204-11] Finished scheduling.
INFO: [HLS 200-111] Finished Scheduling: CPU user time: 0.14 seconds. CPU system time: 0.02 seconds. Elapsed time: 0.15 seconds; current allocated memory: 304.933 MB.
Execute         syn_report -verbosereport -o /home/aion/my_ws/ee5332/matmul/matmul_stream/matVecMul_stream_prj/solution_chocolate/.autopilot/db/matVecMul_Pipeline_sample_loop.verbose.sched.rpt 
Execute           AP::get_flow_target_display_name
Execute             get_solution -flow_target 
Execute         db_write -o /home/aion/my_ws/ee5332/matmul/matmul_stream/matVecMul_stream_prj/solution_chocolate/.autopilot/db/matVecMul_Pipeline_sample_loop.sched.adb -f 
INFO-FLOW: Finish scheduling matVecMul_Pipeline_sample_loop.
Execute         set_default_model matVecMul_Pipeline_sample_loop 
Execute         bind -model matVecMul_Pipeline_sample_loop 
INFO: [BIND 205-100] Starting micro-architecture generation ...
INFO: [BIND 205-101] Performing variable lifetime analysis.
INFO: [BIND 205-101] Exploring resource sharing.
INFO: [BIND 205-101] Binding ...
INFO: [BIND 205-100] Finished micro-architecture generation.
INFO: [HLS 200-111] Finished Binding: CPU user time: 0.02 seconds. CPU system time: 0.01 seconds. Elapsed time: 0.02 seconds; current allocated memory: 305.122 MB.
Execute         syn_report -verbosereport -o /home/aion/my_ws/ee5332/matmul/matmul_stream/matVecMul_stream_prj/solution_chocolate/.autopilot/db/matVecMul_Pipeline_sample_loop.verbose.bind.rpt 
Execute           AP::get_flow_target_display_name
Execute             get_solution -flow_target 
Execute         db_write -o /home/aion/my_ws/ee5332/matmul/matmul_stream/matVecMul_stream_prj/solution_chocolate/.autopilot/db/matVecMul_Pipeline_sample_loop.bind.adb -f 
INFO-FLOW: Finish binding matVecMul_Pipeline_sample_loop.
INFO: [HLS 200-10] ----------------------------------------------------------------
INFO: [HLS 200-42] -- Implementing module 'matVecMul_Pipeline_matmul_inner_loop' 
INFO: [HLS 200-10] ----------------------------------------------------------------
Execute         set_default_model matVecMul_Pipeline_matmul_inner_loop 
Execute         schedule -model matVecMul_Pipeline_matmul_inner_loop 
INFO: [SCHED 204-11] Starting scheduling ...
INFO: [HLS 200-486] Changing DSP48 latency (root=mul_ln1171) to 3 in order to utilize available DSP registers.
INFO: [HLS 200-486] Changing DSP48 latency (root=mul_ln1171_1) to 3 in order to utilize available DSP registers.
INFO: [HLS 200-486] Changing DSP48 latency (root=mul_ln1171_2) to 3 in order to utilize available DSP registers.
INFO: [HLS 200-486] Changing DSP48 latency (root=mul_ln1171_3) to 3 in order to utilize available DSP registers.
INFO: [SCHED 204-61] Pipelining loop 'matmul_inner_loop'.
INFO: [HLS 200-1470] Pipelining result : Target II = 1, Final II = 1, Depth = 6, loop 'matmul_inner_loop'
WARNING: [HLS 200-871] Estimated clock period (18.153ns) exceeds the target (target clock period: 10ns, clock uncertainty: 2.7ns, effective delay budget: 7.3ns).
WARNING: [HLS 200-1016] The critical path in module 'matVecMul_Pipeline_matmul_inner_loop' consists of the following:	'load' operation ('acc_V_0_load') on local variable 'acc_V_0' [37]  (0 ns)
	'add' operation ('add_ln712') [62]  (2.8 ns)
	'select' operation ('select_ln340') [68]  (1.35 ns)
	'add' operation ('add_ln712_1') [84]  (2.8 ns)
	'select' operation ('select_ln340_1') [90]  (1.35 ns)
	'add' operation ('add_ln712_2') [106]  (2.8 ns)
	'select' operation ('select_ln340_2') [112]  (1.35 ns)
	'add' operation ('add_ln712_3') [128]  (2.8 ns)
	'select' operation ('select_ln340_3') [134]  (1.35 ns)
	'store' operation ('acc_V_0_write_ln340') of variable 'select_ln340_3' on local variable 'acc_V_0' [137]  (1.59 ns)

INFO: [SCHED 204-11] Finished scheduling.
Command         schedule done; 0.12 sec.
INFO: [HLS 200-111] Finished Scheduling: CPU user time: 0.13 seconds. CPU system time: 0 seconds. Elapsed time: 0.14 seconds; current allocated memory: 305.645 MB.
Execute         syn_report -verbosereport -o /home/aion/my_ws/ee5332/matmul/matmul_stream/matVecMul_stream_prj/solution_chocolate/.autopilot/db/matVecMul_Pipeline_matmul_inner_loop.verbose.sched.rpt 
Execute           AP::get_flow_target_display_name
Execute             get_solution -flow_target 
Execute         db_write -o /home/aion/my_ws/ee5332/matmul/matmul_stream/matVecMul_stream_prj/solution_chocolate/.autopilot/db/matVecMul_Pipeline_matmul_inner_loop.sched.adb -f 
INFO-FLOW: Finish scheduling matVecMul_Pipeline_matmul_inner_loop.
Execute         set_default_model matVecMul_Pipeline_matmul_inner_loop 
Execute         bind -model matVecMul_Pipeline_matmul_inner_loop 
INFO: [BIND 205-100] Starting micro-architecture generation ...
INFO: [BIND 205-101] Performing variable lifetime analysis.
INFO: [BIND 205-101] Exploring resource sharing.
INFO: [BIND 205-101] Binding ...
INFO: [BIND 205-100] Finished micro-architecture generation.
INFO: [HLS 200-111] Finished Binding: CPU user time: 0.11 seconds. CPU system time: 0.01 seconds. Elapsed time: 0.11 seconds; current allocated memory: 306.305 MB.
Execute         syn_report -verbosereport -o /home/aion/my_ws/ee5332/matmul/matmul_stream/matVecMul_stream_prj/solution_chocolate/.autopilot/db/matVecMul_Pipeline_matmul_inner_loop.verbose.bind.rpt 
Execute           AP::get_flow_target_display_name
Execute             get_solution -flow_target 
Command         syn_report done; 0.13 sec.
Execute         db_write -o /home/aion/my_ws/ee5332/matmul/matmul_stream/matVecMul_stream_prj/solution_chocolate/.autopilot/db/matVecMul_Pipeline_matmul_inner_loop.bind.adb -f 
INFO-FLOW: Finish binding matVecMul_Pipeline_matmul_inner_loop.
INFO: [HLS 200-10] ----------------------------------------------------------------
INFO: [HLS 200-42] -- Implementing module 'matVecMul' 
INFO: [HLS 200-10] ----------------------------------------------------------------
Execute         set_default_model matVecMul 
Execute         schedule -model matVecMul 
INFO: [SCHED 204-11] Starting scheduling ...
INFO: [SCHED 204-11] Finished scheduling.
INFO: [HLS 200-111] Finished Scheduling: CPU user time: 0.19 seconds. CPU system time: 0.01 seconds. Elapsed time: 0.21 seconds; current allocated memory: 306.617 MB.
Execute         syn_report -verbosereport -o /home/aion/my_ws/ee5332/matmul/matmul_stream/matVecMul_stream_prj/solution_chocolate/.autopilot/db/matVecMul.verbose.sched.rpt 
Execute           AP::get_flow_target_display_name
Execute             get_solution -flow_target 
Execute         db_write -o /home/aion/my_ws/ee5332/matmul/matmul_stream/matVecMul_stream_prj/solution_chocolate/.autopilot/db/matVecMul.sched.adb -f 
INFO-FLOW: Finish scheduling matVecMul.
Execute         set_default_model matVecMul 
Execute         bind -model matVecMul 
INFO: [BIND 205-100] Starting micro-architecture generation ...
INFO: [BIND 205-101] Performing variable lifetime analysis.
INFO: [BIND 205-101] Exploring resource sharing.
INFO: [BIND 205-101] Binding ...
INFO: [BIND 205-100] Finished micro-architecture generation.
INFO: [HLS 200-111] Finished Binding: CPU user time: 0.13 seconds. CPU system time: 0 seconds. Elapsed time: 0.12 seconds; current allocated memory: 307.154 MB.
Execute         syn_report -verbosereport -o /home/aion/my_ws/ee5332/matmul/matmul_stream/matVecMul_stream_prj/solution_chocolate/.autopilot/db/matVecMul.verbose.bind.rpt 
Execute           AP::get_flow_target_display_name
Execute             get_solution -flow_target 
Command         syn_report done; 0.18 sec.
Execute         db_write -o /home/aion/my_ws/ee5332/matmul/matmul_stream/matVecMul_stream_prj/solution_chocolate/.autopilot/db/matVecMul.bind.adb -f 
INFO-FLOW: Finish binding matVecMul.
Execute         get_model_list matVecMul -filter all-wo-channel 
INFO-FLOW: Preprocessing for RTLGen ...
Execute         rtl_gen_preprocess matVecMul_Pipeline_sample_loop 
Execute         rtl_gen_preprocess matVecMul_Pipeline_matmul_inner_loop 
Execute         rtl_gen_preprocess matVecMul 
INFO-FLOW: Model list for RTL generation: matVecMul_Pipeline_sample_loop matVecMul_Pipeline_matmul_inner_loop matVecMul
INFO: [HLS 200-10] ----------------------------------------------------------------
INFO: [HLS 200-10] -- Generating RTL for module 'matVecMul_Pipeline_sample_loop' 
INFO: [HLS 200-10] ----------------------------------------------------------------
Execute         get_config_rtl -module_prefix 
Execute         get_config_rtl -module_auto_prefix 
Execute         get_config_rtl -module_prefix 
Execute         get_config_rtl -module_auto_prefix 
Execute         create_rtl_model matVecMul_Pipeline_sample_loop -top_prefix matVecMul_ -sub_prefix matVecMul_ -mg_file /home/aion/my_ws/ee5332/matmul/matmul_stream/matVecMul_stream_prj/solution_chocolate/.autopilot/db/matVecMul_Pipeline_sample_loop.compgen.tcl 
INFO: [RTGEN 206-100] Finished creating RTL model for 'matVecMul_Pipeline_sample_loop'.
INFO: [HLS 200-111] Finished Creating RTL model: CPU user time: 0.21 seconds. CPU system time: 0 seconds. Elapsed time: 0.2 seconds; current allocated memory: 307.477 MB.
Execute         source /home/aion/my_ws/ee5332/matmul/matmul_stream/matVecMul_stream_prj/solution_chocolate/.autopilot/db/matVecMul.rtl_wrap.cfg.tcl 
Execute         gen_rtl matVecMul_Pipeline_sample_loop -style xilinx -f -lang vhdl -o /home/aion/my_ws/ee5332/matmul/matmul_stream/matVecMul_stream_prj/solution_chocolate/syn/vhdl/matVecMul_matVecMul_Pipeline_sample_loop 
Execute         gen_rtl matVecMul_Pipeline_sample_loop -style xilinx -f -lang vlog -o /home/aion/my_ws/ee5332/matmul/matmul_stream/matVecMul_stream_prj/solution_chocolate/syn/verilog/matVecMul_matVecMul_Pipeline_sample_loop 
Execute         syn_report -csynth -model matVecMul_Pipeline_sample_loop -o /home/aion/my_ws/ee5332/matmul/matmul_stream/matVecMul_stream_prj/solution_chocolate/syn/report/matVecMul_Pipeline_sample_loop_csynth.rpt 
Execute           AP::get_flow_target_display_name
Execute             get_solution -flow_target 
Execute         syn_report -rtlxml -model matVecMul_Pipeline_sample_loop -o /home/aion/my_ws/ee5332/matmul/matmul_stream/matVecMul_stream_prj/solution_chocolate/syn/report/matVecMul_Pipeline_sample_loop_csynth.xml 
Execute           get_solution -flow_target
Execute             get_solution -flow_target 
Execute         syn_report -verbosereport -model matVecMul_Pipeline_sample_loop -o /home/aion/my_ws/ee5332/matmul/matmul_stream/matVecMul_stream_prj/solution_chocolate/.autopilot/db/matVecMul_Pipeline_sample_loop.verbose.rpt 
Execute           AP::get_flow_target_display_name
Execute             get_solution -flow_target 
Execute         db_write -model matVecMul_Pipeline_sample_loop -f -o /home/aion/my_ws/ee5332/matmul/matmul_stream/matVecMul_stream_prj/solution_chocolate/.autopilot/db/matVecMul_Pipeline_sample_loop.adb 
Execute         db_write -model matVecMul_Pipeline_sample_loop -bindview -o /home/aion/my_ws/ee5332/matmul/matmul_stream/matVecMul_stream_prj/solution_chocolate/.autopilot/db/design.bindinfo.xml 
Execute         gen_tb_info matVecMul_Pipeline_sample_loop -p /home/aion/my_ws/ee5332/matmul/matmul_stream/matVecMul_stream_prj/solution_chocolate/.autopilot/db -o /home/aion/my_ws/ee5332/matmul/matmul_stream/matVecMul_stream_prj/solution_chocolate/.autopilot/db/matVecMul_Pipeline_sample_loop 
INFO: [HLS 200-10] ----------------------------------------------------------------
INFO: [HLS 200-10] -- Generating RTL for module 'matVecMul_Pipeline_matmul_inner_loop' 
INFO: [HLS 200-10] ----------------------------------------------------------------
Execute         get_config_rtl -module_prefix 
Execute         get_config_rtl -module_auto_prefix 
Execute         get_config_rtl -module_prefix 
Execute         get_config_rtl -module_auto_prefix 
Execute         create_rtl_model matVecMul_Pipeline_matmul_inner_loop -top_prefix matVecMul_ -sub_prefix matVecMul_ -mg_file /home/aion/my_ws/ee5332/matmul/matmul_stream/matVecMul_stream_prj/solution_chocolate/.autopilot/db/matVecMul_Pipeline_matmul_inner_loop.compgen.tcl 
INFO: [RTGEN 206-100] Generating core module 'mul_mul_16s_16s_32_4_1': 4 instance(s).
INFO: [RTGEN 206-100] Finished creating RTL model for 'matVecMul_Pipeline_matmul_inner_loop'.
INFO: [HLS 200-111] Finished Creating RTL model: CPU user time: 0.07 seconds. CPU system time: 0 seconds. Elapsed time: 0.08 seconds; current allocated memory: 309.134 MB.
Execute         source /home/aion/my_ws/ee5332/matmul/matmul_stream/matVecMul_stream_prj/solution_chocolate/.autopilot/db/matVecMul.rtl_wrap.cfg.tcl 
Execute         gen_rtl matVecMul_Pipeline_matmul_inner_loop -style xilinx -f -lang vhdl -o /home/aion/my_ws/ee5332/matmul/matmul_stream/matVecMul_stream_prj/solution_chocolate/syn/vhdl/matVecMul_matVecMul_Pipeline_matmul_inner_loop 
Execute         gen_rtl matVecMul_Pipeline_matmul_inner_loop -style xilinx -f -lang vlog -o /home/aion/my_ws/ee5332/matmul/matmul_stream/matVecMul_stream_prj/solution_chocolate/syn/verilog/matVecMul_matVecMul_Pipeline_matmul_inner_loop 
Execute         syn_report -csynth -model matVecMul_Pipeline_matmul_inner_loop -o /home/aion/my_ws/ee5332/matmul/matmul_stream/matVecMul_stream_prj/solution_chocolate/syn/report/matVecMul_Pipeline_matmul_inner_loop_csynth.rpt 
Execute           AP::get_flow_target_display_name
Execute             get_solution -flow_target 
Execute         syn_report -rtlxml -model matVecMul_Pipeline_matmul_inner_loop -o /home/aion/my_ws/ee5332/matmul/matmul_stream/matVecMul_stream_prj/solution_chocolate/syn/report/matVecMul_Pipeline_matmul_inner_loop_csynth.xml 
Execute           get_solution -flow_target
Execute             get_solution -flow_target 
Execute         syn_report -verbosereport -model matVecMul_Pipeline_matmul_inner_loop -o /home/aion/my_ws/ee5332/matmul/matmul_stream/matVecMul_stream_prj/solution_chocolate/.autopilot/db/matVecMul_Pipeline_matmul_inner_loop.verbose.rpt 
Execute           AP::get_flow_target_display_name
Execute             get_solution -flow_target 
Command         syn_report done; 0.17 sec.
Execute         db_write -model matVecMul_Pipeline_matmul_inner_loop -f -o /home/aion/my_ws/ee5332/matmul/matmul_stream/matVecMul_stream_prj/solution_chocolate/.autopilot/db/matVecMul_Pipeline_matmul_inner_loop.adb 
Execute         db_write -model matVecMul_Pipeline_matmul_inner_loop -bindview -o /home/aion/my_ws/ee5332/matmul/matmul_stream/matVecMul_stream_prj/solution_chocolate/.autopilot/db/design.bindinfo.xml 
Execute         gen_tb_info matVecMul_Pipeline_matmul_inner_loop -p /home/aion/my_ws/ee5332/matmul/matmul_stream/matVecMul_stream_prj/solution_chocolate/.autopilot/db -o /home/aion/my_ws/ee5332/matmul/matmul_stream/matVecMul_stream_prj/solution_chocolate/.autopilot/db/matVecMul_Pipeline_matmul_inner_loop 
INFO: [HLS 200-10] ----------------------------------------------------------------
INFO: [HLS 200-10] -- Generating RTL for module 'matVecMul' 
INFO: [HLS 200-10] ----------------------------------------------------------------
Execute         get_config_rtl -module_prefix 
Execute         get_config_rtl -module_prefix 
Execute         get_config_rtl -module_auto_prefix 
Execute         create_rtl_model matVecMul -top_prefix  -sub_prefix matVecMul_ -mg_file /home/aion/my_ws/ee5332/matmul/matmul_stream/matVecMul_stream_prj/solution_chocolate/.autopilot/db/matVecMul.compgen.tcl 
WARNING: [RTGEN 206-101] Design contains AXI ports. Reset is fixed to synchronous and active low.
INFO: [RTGEN 206-500] Setting interface mode on port 'matVecMul/A_0' to 's_axilite & ap_memory'.
INFO: [RTGEN 206-500] Setting interface mode on port 'matVecMul/A_1' to 's_axilite & ap_memory'.
INFO: [RTGEN 206-500] Setting interface mode on port 'matVecMul/A_2' to 's_axilite & ap_memory'.
INFO: [RTGEN 206-500] Setting interface mode on port 'matVecMul/A_3' to 's_axilite & ap_memory'.
INFO: [RTGEN 206-500] Setting interface mode on port 'matVecMul/in_stream_V_data_V' to 'axis' (register, both mode).
INFO: [RTGEN 206-500] Setting interface mode on port 'matVecMul/in_stream_V_keep_V' to 'axis' (register, both mode).
INFO: [RTGEN 206-500] Setting interface mode on port 'matVecMul/in_stream_V_strb_V' to 'axis' (register, both mode).
INFO: [RTGEN 206-500] Setting interface mode on port 'matVecMul/in_stream_V_user_V' to 'axis' (register, both mode).
INFO: [RTGEN 206-500] Setting interface mode on port 'matVecMul/in_stream_V_last_V' to 'axis' (register, both mode).
INFO: [RTGEN 206-500] Setting interface mode on port 'matVecMul/in_stream_V_id_V' to 'axis' (register, both mode).
INFO: [RTGEN 206-500] Setting interface mode on port 'matVecMul/in_stream_V_dest_V' to 'axis' (register, both mode).
INFO: [RTGEN 206-500] Setting interface mode on port 'matVecMul/out_stream_V_data_V' to 'axis' (register, both mode).
INFO: [RTGEN 206-500] Setting interface mode on port 'matVecMul/out_stream_V_keep_V' to 'axis' (register, both mode).
INFO: [RTGEN 206-500] Setting interface mode on port 'matVecMul/out_stream_V_strb_V' to 'axis' (register, both mode).
INFO: [RTGEN 206-500] Setting interface mode on port 'matVecMul/out_stream_V_user_V' to 'axis' (register, both mode).
INFO: [RTGEN 206-500] Setting interface mode on port 'matVecMul/out_stream_V_last_V' to 'axis' (register, both mode).
INFO: [RTGEN 206-500] Setting interface mode on port 'matVecMul/out_stream_V_id_V' to 'axis' (register, both mode).
INFO: [RTGEN 206-500] Setting interface mode on port 'matVecMul/out_stream_V_dest_V' to 'axis' (register, both mode).
INFO: [RTGEN 206-500] Setting interface mode on port 'matVecMul/no_of_vectors' to 's_axilite & ap_none'.
INFO: [RTGEN 206-500] Setting interface mode on port 'matVecMul/row_size' to 's_axilite & ap_none'.
INFO: [RTGEN 206-500] Setting interface mode on port 'matVecMul/col_size' to 's_axilite & ap_none'.
INFO: [RTGEN 206-500] Setting interface mode on function 'matVecMul' to 's_axilite & ap_ctrl_hs'.
INFO: [RTGEN 206-100] Bundling port 'no_of_vectors', 'row_size', 'col_size', 'A_0', 'A_1', 'A_2', 'A_3' to AXI-Lite port control.
INFO: [RTGEN 206-100] Generating core module 'mux_42_38_1_1': 1 instance(s).
INFO: [RTGEN 206-100] Finished creating RTL model for 'matVecMul'.
INFO: [HLS 200-111] Finished Creating RTL model: CPU user time: 0.43 seconds. CPU system time: 0.01 seconds. Elapsed time: 0.43 seconds; current allocated memory: 312.659 MB.
Execute         source /home/aion/my_ws/ee5332/matmul/matmul_stream/matVecMul_stream_prj/solution_chocolate/.autopilot/db/matVecMul.rtl_wrap.cfg.tcl 
Execute         gen_rtl matVecMul -istop -style xilinx -f -lang vhdl -o /home/aion/my_ws/ee5332/matmul/matmul_stream/matVecMul_stream_prj/solution_chocolate/syn/vhdl/matVecMul 
Execute         gen_rtl matVecMul -istop -style xilinx -f -lang vlog -o /home/aion/my_ws/ee5332/matmul/matmul_stream/matVecMul_stream_prj/solution_chocolate/syn/verilog/matVecMul 
Execute         syn_report -csynth -model matVecMul -o /home/aion/my_ws/ee5332/matmul/matmul_stream/matVecMul_stream_prj/solution_chocolate/syn/report/matVecMul_csynth.rpt 
Execute           AP::get_flow_target_display_name
Execute             get_solution -flow_target 
Execute         syn_report -rtlxml -model matVecMul -o /home/aion/my_ws/ee5332/matmul/matmul_stream/matVecMul_stream_prj/solution_chocolate/syn/report/matVecMul_csynth.xml 
Execute           get_solution -flow_target
Execute             get_solution -flow_target 
Execute         syn_report -verbosereport -model matVecMul -o /home/aion/my_ws/ee5332/matmul/matmul_stream/matVecMul_stream_prj/solution_chocolate/.autopilot/db/matVecMul.verbose.rpt 
Execute           AP::get_flow_target_display_name
Execute             get_solution -flow_target 
Command         syn_report done; 0.2 sec.
Execute         db_write -model matVecMul -f -o /home/aion/my_ws/ee5332/matmul/matmul_stream/matVecMul_stream_prj/solution_chocolate/.autopilot/db/matVecMul.adb 
Execute         db_write -model matVecMul -bindview -o /home/aion/my_ws/ee5332/matmul/matmul_stream/matVecMul_stream_prj/solution_chocolate/.autopilot/db/design.bindinfo.xml 
Execute         gen_tb_info matVecMul -p /home/aion/my_ws/ee5332/matmul/matmul_stream/matVecMul_stream_prj/solution_chocolate/.autopilot/db -o /home/aion/my_ws/ee5332/matmul/matmul_stream/matVecMul_stream_prj/solution_chocolate/.autopilot/db/matVecMul 
Execute         export_constraint_db -f -tool general -o /home/aion/my_ws/ee5332/matmul/matmul_stream/matVecMul_stream_prj/solution_chocolate/.autopilot/db/matVecMul.constraint.tcl 
Execute         syn_report -designview -model matVecMul -o /home/aion/my_ws/ee5332/matmul/matmul_stream/matVecMul_stream_prj/solution_chocolate/.autopilot/db/matVecMul.design.xml 
Command         syn_report done; 0.13 sec.
Execute         syn_report -csynthDesign -model matVecMul -o /home/aion/my_ws/ee5332/matmul/matmul_stream/matVecMul_stream_prj/solution_chocolate/syn/report/csynth.rpt 
Execute           AP::get_flow_target_display_name
Execute             get_solution -flow_target 
Execute         get_config_rtl -disable_wave_debug 
Execute         syn_report -wcfg -model matVecMul -o /home/aion/my_ws/ee5332/matmul/matmul_stream/matVecMul_stream_prj/solution_chocolate/.autopilot/db/matVecMul_dataflow_ana.wcfg 
Execute         syn_report -protoinst -model matVecMul -o /home/aion/my_ws/ee5332/matmul/matmul_stream/matVecMul_stream_prj/solution_chocolate/.autopilot/db/matVecMul.protoinst 
Execute         get_config_debug -directory 
Execute         sc_get_clocks matVecMul 
Execute         get_config_export -vivado_clock 
Execute         get_config_rtl -module_prefix 
Execute         get_config_rtl -module_prefix 
Execute         get_config_rtl -module_auto_prefix 
Execute         sc_get_portdomain matVecMul 
INFO-FLOW: Model list for RTL component generation: matVecMul_Pipeline_sample_loop matVecMul_Pipeline_matmul_inner_loop matVecMul
INFO-FLOW: Handling components in module [matVecMul_Pipeline_sample_loop] ... 
Execute         source /home/aion/my_ws/ee5332/matmul/matmul_stream/matVecMul_stream_prj/solution_chocolate/.autopilot/db/matVecMul_Pipeline_sample_loop.compgen.tcl 
INFO-FLOW: Found component matVecMul_flow_control_loop_pipe_sequential_init.
INFO-FLOW: Append model matVecMul_flow_control_loop_pipe_sequential_init
INFO-FLOW: Handling components in module [matVecMul_Pipeline_matmul_inner_loop] ... 
Execute         source /home/aion/my_ws/ee5332/matmul/matmul_stream/matVecMul_stream_prj/solution_chocolate/.autopilot/db/matVecMul_Pipeline_matmul_inner_loop.compgen.tcl 
INFO-FLOW: Found component matVecMul_mul_mul_16s_16s_32_4_1.
INFO-FLOW: Append model matVecMul_mul_mul_16s_16s_32_4_1
INFO-FLOW: Handling components in module [matVecMul] ... 
Execute         source /home/aion/my_ws/ee5332/matmul/matmul_stream/matVecMul_stream_prj/solution_chocolate/.autopilot/db/matVecMul.compgen.tcl 
INFO-FLOW: Found component matVecMul_mux_42_38_1_1.
INFO-FLOW: Append model matVecMul_mux_42_38_1_1
INFO-FLOW: Found component matVecMul_x_localbuff_V_0.
INFO-FLOW: Append model matVecMul_x_localbuff_V_0
INFO-FLOW: Found component matVecMul_control_s_axi.
INFO-FLOW: Append model matVecMul_control_s_axi
INFO-FLOW: Found component matVecMul_regslice_both.
INFO-FLOW: Append model matVecMul_regslice_both
INFO-FLOW: Found component matVecMul_regslice_both.
INFO-FLOW: Append model matVecMul_regslice_both
INFO-FLOW: Found component matVecMul_regslice_both.
INFO-FLOW: Append model matVecMul_regslice_both
INFO-FLOW: Found component matVecMul_regslice_both.
INFO-FLOW: Append model matVecMul_regslice_both
INFO-FLOW: Found component matVecMul_regslice_both.
INFO-FLOW: Append model matVecMul_regslice_both
INFO-FLOW: Found component matVecMul_regslice_both.
INFO-FLOW: Append model matVecMul_regslice_both
INFO-FLOW: Found component matVecMul_regslice_both.
INFO-FLOW: Append model matVecMul_regslice_both
INFO-FLOW: Found component matVecMul_regslice_both.
INFO-FLOW: Append model matVecMul_regslice_both
INFO-FLOW: Found component matVecMul_regslice_both.
INFO-FLOW: Append model matVecMul_regslice_both
INFO-FLOW: Found component matVecMul_regslice_both.
INFO-FLOW: Append model matVecMul_regslice_both
INFO-FLOW: Found component matVecMul_regslice_both.
INFO-FLOW: Append model matVecMul_regslice_both
INFO-FLOW: Found component matVecMul_regslice_both.
INFO-FLOW: Append model matVecMul_regslice_both
INFO-FLOW: Found component matVecMul_regslice_both.
INFO-FLOW: Append model matVecMul_regslice_both
INFO-FLOW: Found component matVecMul_regslice_both.
INFO-FLOW: Append model matVecMul_regslice_both
INFO-FLOW: Append model matVecMul_Pipeline_sample_loop
INFO-FLOW: Append model matVecMul_Pipeline_matmul_inner_loop
INFO-FLOW: Append model matVecMul
INFO-FLOW: Generating RTL model list ...
INFO-FLOW: All models in this session: matVecMul_flow_control_loop_pipe_sequential_init matVecMul_mul_mul_16s_16s_32_4_1 matVecMul_mux_42_38_1_1 matVecMul_x_localbuff_V_0 matVecMul_control_s_axi matVecMul_regslice_both matVecMul_regslice_both matVecMul_regslice_both matVecMul_regslice_both matVecMul_regslice_both matVecMul_regslice_both matVecMul_regslice_both matVecMul_regslice_both matVecMul_regslice_both matVecMul_regslice_both matVecMul_regslice_both matVecMul_regslice_both matVecMul_regslice_both matVecMul_regslice_both matVecMul_Pipeline_sample_loop matVecMul_Pipeline_matmul_inner_loop matVecMul
INFO-FLOW: Generating /home/aion/my_ws/ee5332/matmul/matmul_stream/matVecMul_stream_prj/solution_chocolate/.autopilot/db/autopilot.rtl.models.txt file...
INFO-FLOW: To file: write model matVecMul_flow_control_loop_pipe_sequential_init
INFO-FLOW: To file: write model matVecMul_mul_mul_16s_16s_32_4_1
INFO-FLOW: To file: write model matVecMul_mux_42_38_1_1
INFO-FLOW: To file: write model matVecMul_x_localbuff_V_0
INFO-FLOW: To file: write model matVecMul_control_s_axi
INFO-FLOW: To file: write model matVecMul_regslice_both
INFO-FLOW: To file: write model matVecMul_regslice_both
INFO-FLOW: To file: write model matVecMul_regslice_both
INFO-FLOW: To file: write model matVecMul_regslice_both
INFO-FLOW: To file: write model matVecMul_regslice_both
INFO-FLOW: To file: write model matVecMul_regslice_both
INFO-FLOW: To file: write model matVecMul_regslice_both
INFO-FLOW: To file: write model matVecMul_regslice_both
INFO-FLOW: To file: write model matVecMul_regslice_both
INFO-FLOW: To file: write model matVecMul_regslice_both
INFO-FLOW: To file: write model matVecMul_regslice_both
INFO-FLOW: To file: write model matVecMul_regslice_both
INFO-FLOW: To file: write model matVecMul_regslice_both
INFO-FLOW: To file: write model matVecMul_regslice_both
INFO-FLOW: To file: write model matVecMul_Pipeline_sample_loop
INFO-FLOW: To file: write model matVecMul_Pipeline_matmul_inner_loop
INFO-FLOW: To file: write model matVecMul
INFO-FLOW: Generating /home/aion/my_ws/ee5332/matmul/matmul_stream/matVecMul_stream_prj/solution_chocolate/.autopilot/db/autopilot.rtl.models.tcl file...
INFO-FLOW: Finished generating RTL model list.


INFO-FLOW: RTL Generation done.
INFO-FLOW: CAS Generation done.
INFO-FLOW: CBC Generation done.
INFO-FLOW: DBG:PROC: ::AESL_AUTOMG::auto_generate_csynth_design
Execute         get_top 
Execute         get_config_export -ipname 
Execute         get_config_export -xo 
Execute         get_config_export -format 
Execute         get_config_rtl -module_auto_prefix 
INFO-FLOW: DBG:PUTS: read_platform_lib /home/aion/my_ws/ee5332/matmul/matmul_stream/matVecMul_stream_prj/solution_chocolate/.autopilot/db/global.setting.tcl
Execute         source /mnt/xilinx/Vitis_HLS/2021.1/common/technology/generic/autopilot/common.gen 
Execute           source /mnt/xilinx/Vitis_HLS/2021.1/common/technology/generic/autopilot/APCoreGen.gen 
Execute         source /mnt/xilinx/Vitis_HLS/2021.1/common/technology/generic/autopilot/op.gen 
Execute         source /mnt/xilinx/Vitis_HLS/2021.1/common/technology/generic/autopilot/op_simcore.gen 
Execute         source /mnt/xilinx/Vitis_HLS/2021.1/common/technology/generic/autopilot/interface.gen 
Execute         source /home/aion/my_ws/ee5332/matmul/matmul_stream/matVecMul_stream_prj/solution_chocolate/.autopilot/db/global.setting.tcl 
Execute         source /mnt/xilinx/Vitis_HLS/2021.1/common/technology/xilinx/common/xilinx.gen 
Execute           source /mnt/xilinx/Vitis_HLS/2021.1/common/technology/xilinx/interface/plb46.gen 
Execute           source /mnt/xilinx/Vitis_HLS/2021.1/common/technology/xilinx/interface/axi4.gen 
Execute           source /mnt/xilinx/Vitis_HLS/2021.1/common/technology/xilinx/interface/nativeAXI4.gen 
Execute             source /mnt/xilinx/Vitis_HLS/2021.1/common/technology/xilinx/interface/saxilite.gen 
Execute             source /mnt/xilinx/Vitis_HLS/2021.1/common/technology/xilinx/interface/maxi.gen 
Execute           source /mnt/xilinx/Vitis_HLS/2021.1/common/technology/xilinx/scripts/xilinxcoregen.gen 
Execute           source /mnt/xilinx/Vitis_HLS/2021.1/common/technology/xilinx/interface/XilEDKCoreGen.gen 
Execute           source /mnt/xilinx/Vitis_HLS/2021.1/common/technology/xilinx/ip/util.gen 
Execute           source /mnt/xilinx/Vitis_HLS/2021.1/common/technology/xilinx/ip/xfir.gen 
Execute           source /mnt/xilinx/Vitis_HLS/2021.1/common/technology/xilinx/ip/dds_compiler.gen 
Execute           source /mnt/xilinx/Vitis_HLS/2021.1/common/technology/xilinx/ip/xfft.gen 
Execute           source /mnt/xilinx/Vitis_HLS/2021.1/common/technology/xilinx/DSP48/dsp48.gen 
Command         ap_source done; 0.11 sec.
INFO-FLOW: DBG:PUTS:   using AESL_AUTOCG::g_clock_period=10.000 (was NA)
INFO-FLOW: DBG:PROC: ::AESL_AUTOMG::generate_ip_cores gen_sim_model='1' gen_fp_models='0' gen_for_export='0' dstSCDir='' dstVhdlDir='/home/aion/my_ws/ee5332/matmul/matmul_stream/matVecMul_stream_prj/solution_chocolate/.autopilot/db/vhdl' dstVlogDir='/home/aion/my_ws/ee5332/matmul/matmul_stream/matVecMul_stream_prj/solution_chocolate/.autopilot/db/vlog' tclDir='/home/aion/my_ws/ee5332/matmul/matmul_stream/matVecMul_stream_prj/solution_chocolate/.autopilot/db' modelList='matVecMul_flow_control_loop_pipe_sequential_init
matVecMul_mul_mul_16s_16s_32_4_1
matVecMul_mux_42_38_1_1
matVecMul_x_localbuff_V_0
matVecMul_control_s_axi
matVecMul_regslice_both
matVecMul_regslice_both
matVecMul_regslice_both
matVecMul_regslice_both
matVecMul_regslice_both
matVecMul_regslice_both
matVecMul_regslice_both
matVecMul_regslice_both
matVecMul_regslice_both
matVecMul_regslice_both
matVecMul_regslice_both
matVecMul_regslice_both
matVecMul_regslice_both
matVecMul_regslice_both
matVecMul_Pipeline_sample_loop
matVecMul_Pipeline_matmul_inner_loop
matVecMul
' expOnly='0'
Execute         source /home/aion/my_ws/ee5332/matmul/matmul_stream/matVecMul_stream_prj/solution_chocolate/.autopilot/db/global.setting.tcl 
Execute         ap_part_info -name xc7z020-clg400-1 -data names -quiet 
Execute         ap_part_info -name xc7z020-clg400-1 -data info -quiet 
Execute         source /home/aion/my_ws/ee5332/matmul/matmul_stream/matVecMul_stream_prj/solution_chocolate/.autopilot/db/global.setting.tcl 
Execute         source /home/aion/my_ws/ee5332/matmul/matmul_stream/matVecMul_stream_prj/solution_chocolate/.autopilot/db/global.setting.tcl 
Execute         source /home/aion/my_ws/ee5332/matmul/matmul_stream/matVecMul_stream_prj/solution_chocolate/.autopilot/db/matVecMul_Pipeline_sample_loop.compgen.tcl 
Execute         source /home/aion/my_ws/ee5332/matmul/matmul_stream/matVecMul_stream_prj/solution_chocolate/.autopilot/db/matVecMul_Pipeline_matmul_inner_loop.compgen.tcl 
Execute           ap_part_info -name xc7z020-clg400-1 -data names -quiet 
Execute           ap_part_info -name xc7z020-clg400-1 -data info -quiet 
Execute         source /home/aion/my_ws/ee5332/matmul/matmul_stream/matVecMul_stream_prj/solution_chocolate/.autopilot/db/matVecMul.compgen.tcl 
Execute           ap_part_info -name xc7z020-clg400-1 -data names -quiet 
Execute           ap_part_info -name xc7z020-clg400-1 -data info -quiet 
INFO: [RTMG 210-278] Implementing memory 'matVecMul_x_localbuff_V_0_ram (RAM)' using auto RAMs with power-on initialization.
Execute           ap_part_info -name xc7z020-clg400-1 -data names -quiet 
Execute           ap_part_info -name xc7z020-clg400-1 -data info -quiet 
Execute           source ./control.slave.tcl 
INFO: [HLS 200-111] Finished Generating all RTL models: CPU user time: 0.77 seconds. CPU system time: 0.02 seconds. Elapsed time: 0.78 seconds; current allocated memory: 317.790 MB.
INFO-FLOW: DBG:PROC: ::AP::create_csynth_xml outfile=''
INFO-FLOW: Running: create_csynth_xml read xml data
INFO-FLOW: Done: create_csynth_xml read xml data time: 0 seconds per iteration
INFO-FLOW: Running: create_csynth_xml bind info
INFO-FLOW: Done: create_csynth_xml bind info time: 0 seconds per iteration
INFO-FLOW: Running: create_csynth_xml config info
Execute         get_config_op mul -impl 
Execute         get_config_op mul -latency 
Execute         get_config_op mul -precision 
Execute         get_config_op add -impl 
Execute         get_config_op add -latency 
Execute         get_config_op add -precision 
Execute         get_config_op sub -impl 
Execute         get_config_op sub -latency 
Execute         get_config_op sub -precision 
Execute         get_config_op fadd -impl 
Execute         get_config_op fadd -latency 
Execute         get_config_op fadd -precision 
Execute         get_config_op fsub -impl 
Execute         get_config_op fsub -latency 
Execute         get_config_op fsub -precision 
Execute         get_config_op fdiv -impl 
Execute         get_config_op fdiv -latency 
Execute         get_config_op fdiv -precision 
Execute         get_config_op fexp -impl 
Execute         get_config_op fexp -latency 
Execute         get_config_op fexp -precision 
Execute         get_config_op flog -impl 
Execute         get_config_op flog -latency 
Execute         get_config_op flog -precision 
Execute         get_config_op fmul -impl 
Execute         get_config_op fmul -latency 
Execute         get_config_op fmul -precision 
Execute         get_config_op frsqrt -impl 
Execute         get_config_op frsqrt -latency 
Execute         get_config_op frsqrt -precision 
Execute         get_config_op frecip -impl 
Execute         get_config_op frecip -latency 
Execute         get_config_op frecip -precision 
Execute         get_config_op fsqrt -impl 
Execute         get_config_op fsqrt -latency 
Execute         get_config_op fsqrt -precision 
Execute         get_config_op dadd -impl 
Execute         get_config_op dadd -latency 
Execute         get_config_op dadd -precision 
Execute         get_config_op dsub -impl 
Execute         get_config_op dsub -latency 
Execute         get_config_op dsub -precision 
Execute         get_config_op ddiv -impl 
Execute         get_config_op ddiv -latency 
Execute         get_config_op ddiv -precision 
Execute         get_config_op dexp -impl 
Execute         get_config_op dexp -latency 
Execute         get_config_op dexp -precision 
Execute         get_config_op dlog -impl 
Execute         get_config_op dlog -latency 
Execute         get_config_op dlog -precision 
Execute         get_config_op dmul -impl 
Execute         get_config_op dmul -latency 
Execute         get_config_op dmul -precision 
Execute         get_config_op drsqrt -impl 
Execute         get_config_op drsqrt -latency 
Execute         get_config_op drsqrt -precision 
Execute         get_config_op drecip -impl 
Execute         get_config_op drecip -latency 
Execute         get_config_op drecip -precision 
Execute         get_config_op dsqrt -impl 
Execute         get_config_op dsqrt -latency 
Execute         get_config_op dsqrt -precision 
Execute         get_config_op hadd -impl 
Execute         get_config_op hadd -latency 
Execute         get_config_op hadd -precision 
Execute         get_config_op hsub -impl 
Execute         get_config_op hsub -latency 
Execute         get_config_op hsub -precision 
Execute         get_config_op hdiv -impl 
Execute         get_config_op hdiv -latency 
Execute         get_config_op hdiv -precision 
Execute         get_config_op hmul -impl 
Execute         get_config_op hmul -latency 
Execute         get_config_op hmul -precision 
Execute         get_config_op hsqrt -impl 
Execute         get_config_op hsqrt -latency 
Execute         get_config_op hsqrt -precision 
Execute         get_config_op facc -impl 
Execute         get_config_op facc -latency 
Execute         get_config_op facc -precision 
Execute         get_config_op fmacc -impl 
Execute         get_config_op fmacc -latency 
Execute         get_config_op fmacc -precision 
Execute         get_config_op fmadd -impl 
Execute         get_config_op fmadd -latency 
Execute         get_config_op fmadd -precision 
Execute         get_config_storage fifo -auto_srl_max_bits 
Execute         get_config_storage fifo -auto_srl_max_depth 
Execute         get_config_storage fifo -impl 
Execute         get_solution -flow_target 
Execute         get_config_array_partition -complete_threshold 
Execute         get_config_array_partition -throughput_driven 
Execute         get_config_compile -enable_auto_rewind 
Execute         get_config_compile -name_max_length 
Execute         get_config_compile -no_signed_zeros 
Execute         get_config_compile -pipeline_loops 
Execute         get_config_compile -pipeline_style 
Execute         get_config_compile -pragma_strict_mode 
Execute         get_config_compile -pre_tcl 
Execute         get_config_compile -unsafe_math_optimizations 
Execute         get_config_dataflow -default_channel 
Execute         get_config_dataflow -disable_fifo_sizing_opt 
Execute         get_config_dataflow -fifo_depth 
Execute         get_config_dataflow -override_user_fifo_depth 
Execute         get_config_dataflow -scalar_fifo_depth 
Execute         get_config_dataflow -start_fifo_depth 
Execute         get_config_dataflow -strict_mode 
Execute         get_config_dataflow -strict_stable_sync 
Execute         get_config_dataflow -task_level_fifo_depth 
Execute         get_config_debug -directory 
Execute         get_config_debug -enable 
Execute         get_config_export -description 
Execute         get_config_export -disable_deadlock_detection 
Execute         get_config_export -display_name 
Execute         get_config_export -format 
Execute         get_config_export -ip_xdc_file 
Execute         get_config_export -ip_xdc_ooc_file 
Execute         get_config_export -ipname 
Execute         get_config_export -library 
Execute         get_config_export -output 
Execute         get_config_export -rtl 
Execute         get_config_export -taxonomy 
Execute         get_config_export -vendor 
Execute         get_config_export -version 
Execute         get_config_export -vivado_clock 
Execute         get_config_export -vivado_impl_strategy 
Execute         get_config_export -vivado_max_timing_paths 
Execute         get_config_export -vivado_optimization_level 
Execute         get_config_export -vivado_pblock 
Execute         get_config_export -vivado_phys_opt 
Execute         get_config_export -vivado_report_level 
Execute         get_config_export -vivado_synth_design_args 
Execute         get_config_export -vivado_synth_strategy 
Execute         get_config_interface -clock_enable 
Execute         get_config_interface -default_slave_interface 
Execute         get_config_interface -m_axi_addr64 
Execute         get_config_interface -m_axi_alignment_byte_size 
Execute         get_config_interface -m_axi_auto_max_ports 
Execute         get_config_interface -m_axi_buffer_impl 
Execute         get_config_interface -m_axi_conservative_mode 
Execute         get_config_interface -m_axi_flush_mode 
Execute         get_config_interface -m_axi_latency 
Execute         get_config_interface -m_axi_max_bitwidth 
Execute         get_config_interface -m_axi_max_read_burst_length 
Execute         get_config_interface -m_axi_max_widen_bitwidth 
Execute         get_config_interface -m_axi_max_write_burst_length 
Execute         get_config_interface -m_axi_min_bitwidth 
Execute         get_config_interface -m_axi_num_read_outstanding 
Execute         get_config_interface -m_axi_num_write_outstanding 
Execute         get_config_interface -m_axi_offset 
Execute         get_config_interface -register_io 
Execute         get_config_interface -s_axilite_data64 
Execute         get_config_interface -s_axilite_mailbox 
Execute         get_config_interface -s_axilite_status_regs 
Execute         get_config_interface -s_axilite_sw_reset 
Execute         get_config_rtl -header 
Execute         get_config_rtl -kernel_profile 
Execute         get_config_rtl -module_auto_prefix 
Execute         get_config_rtl -module_prefix 
Execute         get_config_rtl -mult_keep_attribute 
Execute         get_config_rtl -register_all_io 
Execute         get_config_rtl -register_reset_num 
Execute         get_config_rtl -reset 
Execute         get_config_rtl -reset_async 
Execute         get_config_rtl -reset_level 
Execute         get_config_schedule -enable_dsp_full_reg 
Execute         get_config_unroll -tripcount_threshold 
INFO-FLOW: Done: create_csynth_xml config info time: 0 seconds per iteration
INFO-FLOW: Running: create_csynth_xml write xml
INFO-FLOW: Done: create_csynth_xml write xml time: 0 seconds per iteration
INFO-FLOW: DBG:PUTS:       create_csynth_xml wrote csynth_xml=/home/aion/my_ws/ee5332/matmul/matmul_stream/matVecMul_stream_prj/solution_chocolate/syn/report/csynth.xml
INFO-FLOW: DBG:PROC: ::AP::DESIGN_DATA::generate_json generate_bd_files='0' generate_xo_files='0' modelList='matVecMul_flow_control_loop_pipe_sequential_init
matVecMul_mul_mul_16s_16s_32_4_1
matVecMul_mux_42_38_1_1
matVecMul_x_localbuff_V_0
matVecMul_control_s_axi
matVecMul_regslice_both
matVecMul_regslice_both
matVecMul_regslice_both
matVecMul_regslice_both
matVecMul_regslice_both
matVecMul_regslice_both
matVecMul_regslice_both
matVecMul_regslice_both
matVecMul_regslice_both
matVecMul_regslice_both
matVecMul_regslice_both
matVecMul_regslice_both
matVecMul_regslice_both
matVecMul_regslice_both
matVecMul_Pipeline_sample_loop
matVecMul_Pipeline_matmul_inner_loop
matVecMul
' rtl_lang='both' bootstrap_tcl='false' outdir='' outfilename=''
Execute         source /home/aion/my_ws/ee5332/matmul/matmul_stream/matVecMul_stream_prj/solution_chocolate/.autopilot/db/global.setting.tcl 
Execute         source /home/aion/my_ws/ee5332/matmul/matmul_stream/matVecMul_stream_prj/solution_chocolate/.autopilot/db/global.setting.tcl 
Execute         get_solution -flow_target 
Execute         get_config_export -xo 
Execute         get_config_export -format 
Execute         source /home/aion/my_ws/ee5332/matmul/matmul_stream/matVecMul_stream_prj/solution_chocolate/.autopilot/db/top-io-be.tcl 
Execute         source /home/aion/my_ws/ee5332/matmul/matmul_stream/matVecMul_stream_prj/solution_chocolate/.autopilot/db/matVecMul.tbgen.tcl 
Execute         source /home/aion/my_ws/ee5332/matmul/matmul_stream/matVecMul_stream_prj/solution_chocolate/.autopilot/db/matVecMul.compgen.dataonly.tcl 
Execute         source /home/aion/my_ws/ee5332/matmul/matmul_stream/matVecMul_stream_prj/solution_chocolate/.autopilot/db/matVecMul.compgen.dataonly.tcl 
Execute         source /home/aion/my_ws/ee5332/matmul/matmul_stream/matVecMul_stream_prj/solution_chocolate/.autopilot/db/matVecMul.rtl_wrap.cfg.tcl 
Execute         source /home/aion/my_ws/ee5332/matmul/matmul_stream/matVecMul_stream_prj/solution_chocolate/.autopilot/db/matVecMul.compgen.dataonly.tcl 
Execute         get_config_export -format 
Execute         ap_part_info -name xc7z020-clg400-1 -data names -quiet 
Execute         ap_part_info -name xc7z020-clg400-1 -data info -quiet 
Execute         source /home/aion/my_ws/ee5332/matmul/matmul_stream/matVecMul_stream_prj/solution_chocolate/.autopilot/db/matVecMul_Pipeline_sample_loop.tbgen.tcl 
Execute         source /home/aion/my_ws/ee5332/matmul/matmul_stream/matVecMul_stream_prj/solution_chocolate/.autopilot/db/matVecMul_Pipeline_matmul_inner_loop.tbgen.tcl 
Execute         source /home/aion/my_ws/ee5332/matmul/matmul_stream/matVecMul_stream_prj/solution_chocolate/.autopilot/db/matVecMul.tbgen.tcl 
Execute         source /home/aion/my_ws/ee5332/matmul/matmul_stream/matVecMul_stream_prj/solution_chocolate/.autopilot/db/global.setting.tcl 
Execute         ap_part_info -name xc7z020-clg400-1 -data names -quiet 
Execute         ap_part_info -name xc7z020-clg400-1 -data info -quiet 
Execute         get_solution -flow_target 
Execute         get_config_rtl -kernel_profile 
Execute         get_config_rtl -kernel_profile 
Execute         get_config_rtl -stall_sig_gen 
Execute         get_config_rtl -profile 
Execute         source /home/aion/my_ws/ee5332/matmul/matmul_stream/matVecMul_stream_prj/solution_chocolate/.autopilot/db/matVecMul.constraint.tcl 
Execute         sc_get_clocks matVecMul 
Execute         source /home/aion/my_ws/ee5332/matmul/matmul_stream/matVecMul_stream_prj/solution_chocolate/.autopilot/db/global.setting.tcl 
Execute         get_config_export -ip_xdc_file 
Execute         get_config_export -ip_xdc_ooc_file 
Execute         get_config_debug -directory 
INFO-FLOW: DBG:PROC: ::AP::add_csynth_report_sections
INFO-FLOW: DBG:PUTS:       update_csynth_reports json2reportxml
INFO-FLOW: DBG:PUTS:       update_csynth_reports wrote xml
INFO-FLOW: DBG:PUTS:       update_csynth_reports appended to csynth rpt file
INFO: [HLS 200-111] Finished Updating report files: CPU user time: 0.43 seconds. CPU system time: 0.01 seconds. Elapsed time: 0.43 seconds; current allocated memory: 321.702 MB.
INFO: [VHDL 208-304] Generating VHDL RTL for matVecMul.
INFO: [VLOG 209-307] Generating Verilog RTL for matVecMul.
Execute         syn_report -model matVecMul -printsummary 
INFO: [HLS 200-790] **** Loop Constraint Status: All loop constraints were satisfied.
INFO: [HLS 200-789] **** Estimated Fmax: 55.09 MHz
Command       autosyn done; 2.62 sec.
Command     csynth_design done; 12.18 sec.
INFO: [HLS 200-111] Finished Command csynth_design CPU user time: 13.21 seconds. CPU system time: 1.18 seconds. Elapsed time: 12.18 seconds; current allocated memory: 321.690 MB.
Execute     export_design -format ip_catalog -description MatVecMul for Pynq -display_name matVecMul 
INFO: [HLS 200-1510] Running: export_design -format ip_catalog -description MatVecMul for Pynq -display_name matVecMul 
Execute       get_config_export -clock_margin 
Execute       get_config_export -custom_script 
Execute       get_config_export -driver_input_dir 
Execute       get_config_export -ipname 
Execute       get_config_export -library 
Execute       get_config_export -output 
Execute       get_config_export -qor_test 
Execute       get_config_export -rtl 
Execute       get_config_export -sim 
Execute       get_config_export -taxonomy 
Execute       get_config_export -use_ip 
Execute       get_config_export -use_netlist 
Execute       get_config_export -vendor 
Execute       get_config_export -version 
Execute       get_config_export -xo 
Execute       config_export -description=MatVecMul for Pynq -display_name=matVecMul -format=ip_catalog 
INFO-FLOW: DBG:PUTS: export_design_wrap: -format ip_catalog -rtl verilog -description {MatVecMul for Pynq} -display_name matVecMul
Execute       source /home/aion/my_ws/ee5332/matmul/matmul_stream/matVecMul_stream_prj/solution_chocolate/.autopilot/db/global.setting.tcl 
Execute       get_config_export -vivado_clock 
Execute       get_top 
Execute       get_config_export -ipname 
Execute       get_config_export -xo 
Execute       get_config_export -format 
Execute       get_config_rtl -module_auto_prefix 
Execute       get_solution -flow_target 
Execute       get_config_export -xo 
Execute       get_config_export -format 
INFO-FLOW: DBG:PUTS:   auto_impl: pack: -export -rtl verilog
INFO-FLOW: DBG:PROC: ::AESL_AUTOIMPL::auto_impl args='-export -rtl verilog'
Execute       source /home/aion/my_ws/ee5332/matmul/matmul_stream/matVecMul_stream_prj/solution_chocolate/.autopilot/db/global.setting.tcl 
INFO: [IMPL 213-8] Exporting RTL as a Vivado IP.
Execute       source /home/aion/my_ws/ee5332/matmul/matmul_stream/matVecMul_stream_prj/solution_chocolate/.autopilot/db/global.setting.tcl 
INFO-FLOW: DBG:PUTS: automg_wrap -export -pcore_version 1.00.a -rtl vlog -tool Vivado -impltomg_flag
INFO-FLOW: DBG:PROC: ::AESL_AUTOMG::auto_generate args='-export -pcore_version 1.00.a -rtl vlog -tool Vivado -impltomg_flag'
INFO-FLOW: DBG:PUTS:     auto_generate -export -pcore_version 1.00.a -rtl vlog -tool Vivado -impltomg_flag
Execute       get_solution -flow_target 
Execute       get_config_export -xo 
Execute       get_config_export -format 
Execute       get_config_export -ip_xdc_file 
Execute       get_config_export -ip_xdc_ooc_file 
Execute       source /home/aion/my_ws/ee5332/matmul/matmul_stream/matVecMul_stream_prj/solution_chocolate/.autopilot/db/global.setting.tcl 
INFO-FLOW: DBG:PUTS: read_platform_lib /home/aion/my_ws/ee5332/matmul/matmul_stream/matVecMul_stream_prj/solution_chocolate/.autopilot/db/global.setting.tcl
Execute       source /mnt/xilinx/Vitis_HLS/2021.1/common/technology/generic/autopilot/common.gen 
Execute         source /mnt/xilinx/Vitis_HLS/2021.1/common/technology/generic/autopilot/APCoreGen.gen 
Execute       source /mnt/xilinx/Vitis_HLS/2021.1/common/technology/generic/autopilot/op.gen 
Execute       source /mnt/xilinx/Vitis_HLS/2021.1/common/technology/generic/autopilot/op_simcore.gen 
Execute       source /mnt/xilinx/Vitis_HLS/2021.1/common/technology/generic/autopilot/interface.gen 
Execute       source /home/aion/my_ws/ee5332/matmul/matmul_stream/matVecMul_stream_prj/solution_chocolate/.autopilot/db/global.setting.tcl 
Execute       source /mnt/xilinx/Vitis_HLS/2021.1/common/technology/xilinx/common/xilinx.gen 
Execute         source /mnt/xilinx/Vitis_HLS/2021.1/common/technology/xilinx/interface/plb46.gen 
Execute         source /mnt/xilinx/Vitis_HLS/2021.1/common/technology/xilinx/interface/axi4.gen 
Execute         source /mnt/xilinx/Vitis_HLS/2021.1/common/technology/xilinx/interface/nativeAXI4.gen 
Execute           source /mnt/xilinx/Vitis_HLS/2021.1/common/technology/xilinx/interface/saxilite.gen 
Execute           source /mnt/xilinx/Vitis_HLS/2021.1/common/technology/xilinx/interface/maxi.gen 
Execute         source /mnt/xilinx/Vitis_HLS/2021.1/common/technology/xilinx/scripts/xilinxcoregen.gen 
Execute         source /mnt/xilinx/Vitis_HLS/2021.1/common/technology/xilinx/interface/XilEDKCoreGen.gen 
Execute         source /mnt/xilinx/Vitis_HLS/2021.1/common/technology/xilinx/ip/util.gen 
Execute         source /mnt/xilinx/Vitis_HLS/2021.1/common/technology/xilinx/ip/xfir.gen 
Execute         source /mnt/xilinx/Vitis_HLS/2021.1/common/technology/xilinx/ip/dds_compiler.gen 
Execute         source /mnt/xilinx/Vitis_HLS/2021.1/common/technology/xilinx/ip/xfft.gen 
Execute         source /mnt/xilinx/Vitis_HLS/2021.1/common/technology/xilinx/DSP48/dsp48.gen 
Command       ap_source done; 0.12 sec.
INFO-FLOW: DBG:PUTS:       initCTypeInfo top_module=matVecMul xml_exists=0
Execute       source /home/aion/my_ws/ee5332/matmul/matmul_stream/matVecMul_stream_prj/solution_chocolate/.autopilot/db/matVecMul.rtl_wrap.cfg.tcl 
Execute       source /home/aion/my_ws/ee5332/matmul/matmul_stream/matVecMul_stream_prj/solution_chocolate/.autopilot/db/matVecMul.rtl_wrap.cfg.tcl 
Execute       source /home/aion/my_ws/ee5332/matmul/matmul_stream/matVecMul_stream_prj/solution_chocolate/.autopilot/db/matVecMul.rtl_wrap.cfg.tcl 
Execute       source /home/aion/my_ws/ee5332/matmul/matmul_stream/matVecMul_stream_prj/solution_chocolate/.autopilot/db/matVecMul.tbgen.tcl 
Execute       source /home/aion/my_ws/ee5332/matmul/matmul_stream/matVecMul_stream_prj/solution_chocolate/.autopilot/db/matVecMul.tbgen.tcl 
Execute       get_config_export -disable_deadlock_detection 
Execute       source /home/aion/my_ws/ee5332/matmul/matmul_stream/matVecMul_stream_prj/solution_chocolate/.autopilot/db/global.setting.tcl 
Execute       source /home/aion/my_ws/ee5332/matmul/matmul_stream/matVecMul_stream_prj/solution_chocolate/.autopilot/db/matVecMul.tbgen.tcl 
Execute       get_config_rtl -module_prefix 
INFO-FLOW: DBG:PUTS:       cosim_export_main adding deadlock detection to matVecMul
INFO-FLOW: DBG:PUTS: Skipping loadAnalyze_DB, #g_database=21
INFO-FLOW: DBG:PUTS:       generate_json generate_bd_files=0 generate_xo_files=false #modelList=22 #gSsdmPorts=0
INFO-FLOW: DBG:PROC: ::AP::DESIGN_DATA::generate_json generate_bd_files='0' generate_xo_files='false' modelList='matVecMul_flow_control_loop_pipe_sequential_init
matVecMul_mul_mul_16s_16s_32_4_1
matVecMul_mux_42_38_1_1
matVecMul_x_localbuff_V_0
matVecMul_control_s_axi
matVecMul_regslice_both
matVecMul_regslice_both
matVecMul_regslice_both
matVecMul_regslice_both
matVecMul_regslice_both
matVecMul_regslice_both
matVecMul_regslice_both
matVecMul_regslice_both
matVecMul_regslice_both
matVecMul_regslice_both
matVecMul_regslice_both
matVecMul_regslice_both
matVecMul_regslice_both
matVecMul_regslice_both
matVecMul_Pipeline_sample_loop
matVecMul_Pipeline_matmul_inner_loop
matVecMul
' rtl_lang='vlog' bootstrap_tcl='false' outdir='' outfilename=''
Execute       source /home/aion/my_ws/ee5332/matmul/matmul_stream/matVecMul_stream_prj/solution_chocolate/.autopilot/db/global.setting.tcl 
Execute       source /home/aion/my_ws/ee5332/matmul/matmul_stream/matVecMul_stream_prj/solution_chocolate/.autopilot/db/global.setting.tcl 
Execute       get_solution -flow_target 
Execute       get_config_export -xo 
Execute       get_config_export -format 
Execute       source /home/aion/my_ws/ee5332/matmul/matmul_stream/matVecMul_stream_prj/solution_chocolate/.autopilot/db/top-io-be.tcl 
Execute       source /home/aion/my_ws/ee5332/matmul/matmul_stream/matVecMul_stream_prj/solution_chocolate/.autopilot/db/matVecMul.tbgen.tcl 
Execute       source /home/aion/my_ws/ee5332/matmul/matmul_stream/matVecMul_stream_prj/solution_chocolate/.autopilot/db/matVecMul.compgen.dataonly.tcl 
Execute       source /home/aion/my_ws/ee5332/matmul/matmul_stream/matVecMul_stream_prj/solution_chocolate/.autopilot/db/matVecMul.compgen.dataonly.tcl 
Execute       source /home/aion/my_ws/ee5332/matmul/matmul_stream/matVecMul_stream_prj/solution_chocolate/.autopilot/db/matVecMul.rtl_wrap.cfg.tcl 
Execute       source /home/aion/my_ws/ee5332/matmul/matmul_stream/matVecMul_stream_prj/solution_chocolate/.autopilot/db/matVecMul.compgen.dataonly.tcl 
Execute       get_config_export -format 
Execute       ap_part_info -name xc7z020-clg400-1 -data names -quiet 
Execute       ap_part_info -name xc7z020-clg400-1 -data info -quiet 
Execute       source /home/aion/my_ws/ee5332/matmul/matmul_stream/matVecMul_stream_prj/solution_chocolate/.autopilot/db/matVecMul_Pipeline_sample_loop.tbgen.tcl 
Execute       source /home/aion/my_ws/ee5332/matmul/matmul_stream/matVecMul_stream_prj/solution_chocolate/.autopilot/db/matVecMul_Pipeline_matmul_inner_loop.tbgen.tcl 
Execute       source /home/aion/my_ws/ee5332/matmul/matmul_stream/matVecMul_stream_prj/solution_chocolate/.autopilot/db/matVecMul.tbgen.tcl 
Execute       source /home/aion/my_ws/ee5332/matmul/matmul_stream/matVecMul_stream_prj/solution_chocolate/.autopilot/db/global.setting.tcl 
Execute       ap_part_info -name xc7z020-clg400-1 -data names -quiet 
Execute       ap_part_info -name xc7z020-clg400-1 -data info -quiet 
Execute       get_solution -flow_target 
Execute       get_config_rtl -kernel_profile 
Execute       get_config_rtl -kernel_profile 
Execute       get_config_rtl -stall_sig_gen 
Execute       get_config_rtl -profile 
Execute       source /home/aion/my_ws/ee5332/matmul/matmul_stream/matVecMul_stream_prj/solution_chocolate/.autopilot/db/matVecMul.constraint.tcl 
Execute       sc_get_clocks matVecMul 
Execute       source /home/aion/my_ws/ee5332/matmul/matmul_stream/matVecMul_stream_prj/solution_chocolate/.autopilot/db/global.setting.tcl 
Execute       get_config_export -ip_xdc_file 
Execute       get_config_export -ip_xdc_ooc_file 
Execute       get_config_debug -directory 
Execute       get_config_export -disable_deadlock_detection 
Execute       source /home/aion/my_ws/ee5332/matmul/matmul_stream/matVecMul_stream_prj/solution_chocolate/.autopilot/db/global.setting.tcl 
Execute       source /home/aion/my_ws/ee5332/matmul/matmul_stream/matVecMul_stream_prj/solution_chocolate/.autopilot/db/matVecMul.tbgen.tcl 
Execute       get_config_rtl -module_prefix 
INFO-FLOW: DBG:PUTS:       cosim_export_main adding deadlock detection to matVecMul
INFO-FLOW: DBG:PUTS:       copy ip_driver_dir 1_0 /home/aion/my_ws/ee5332/matmul/matmul_stream/matVecMul_stream_prj/solution_chocolate/.autopilot/db/driver
Execute       get_config_export -format 
INFO-FLOW: DBG:PUTS:       generate_ip_script #gSsdmPorts=0 g_lang=vlog is_sdaccel=false is_sdsoc=true xo_file=
Execute       ap_part_info -name xc7z020-clg400-1 -data names -quiet 
Execute       ap_part_info -name xc7z020-clg400-1 -data info -quiet 
Execute       ap_part_info -name xc7z020-clg400-1 -data names -quiet 
Execute       ap_part_info -name xc7z020-clg400-1 -data info -quiet 
Execute       source /home/aion/my_ws/ee5332/matmul/matmul_stream/matVecMul_stream_prj/solution_chocolate/.autopilot/db/matVecMul.compgen.dataonly.tcl 
Execute       source /home/aion/my_ws/ee5332/matmul/matmul_stream/matVecMul_stream_prj/solution_chocolate/.autopilot/db/matVecMul.compgen.dataonly.tcl 
Execute       source /home/aion/my_ws/ee5332/matmul/matmul_stream/matVecMul_stream_prj/solution_chocolate/.autopilot/db/matVecMul.tbgen.tcl 
Execute       source /home/aion/my_ws/ee5332/matmul/matmul_stream/matVecMul_stream_prj/solution_chocolate/.autopilot/db/matVecMul.tbgen.tcl 
Execute       source /home/aion/my_ws/ee5332/matmul/matmul_stream/matVecMul_stream_prj/solution_chocolate/.autopilot/db/matVecMul.tbgen.tcl 
Execute       source /home/aion/my_ws/ee5332/matmul/matmul_stream/matVecMul_stream_prj/solution_chocolate/.autopilot/db/matVecMul.tbgen.tcl 
Execute       source /home/aion/my_ws/ee5332/matmul/matmul_stream/matVecMul_stream_prj/solution_chocolate/.autopilot/db/matVecMul.tbgen.tcl 
Execute       source /home/aion/my_ws/ee5332/matmul/matmul_stream/matVecMul_stream_prj/solution_chocolate/.autopilot/db/matVecMul.tbgen.tcl 
Execute       source /home/aion/my_ws/ee5332/matmul/matmul_stream/matVecMul_stream_prj/solution_chocolate/.autopilot/db/matVecMul.tbgen.tcl 
Execute       source /home/aion/my_ws/ee5332/matmul/matmul_stream/matVecMul_stream_prj/solution_chocolate/.autopilot/db/global.setting.tcl 
Execute       get_config_debug -directory 
INFO-FLOW: DBG:PUTS:       generate_top_info
INFO-FLOW: DBG:PUTS:       prepArgInfo -> loadAnalyze_DB top_module=matVecMul
Execute       source /home/aion/my_ws/ee5332/matmul/matmul_stream/matVecMul_stream_prj/solution_chocolate/.autopilot/db/matVecMul.rtl_wrap.cfg.tcl 
Execute       source /home/aion/my_ws/ee5332/matmul/matmul_stream/matVecMul_stream_prj/solution_chocolate/.autopilot/db/matVecMul.rtl_wrap.cfg.tcl 
Execute       source /home/aion/my_ws/ee5332/matmul/matmul_stream/matVecMul_stream_prj/solution_chocolate/.autopilot/db/matVecMul.rtl_wrap.cfg.tcl 
Execute       source /home/aion/my_ws/ee5332/matmul/matmul_stream/matVecMul_stream_prj/solution_chocolate/.autopilot/db/matVecMul.tbgen.tcl 
Execute       source /home/aion/my_ws/ee5332/matmul/matmul_stream/matVecMul_stream_prj/solution_chocolate/.autopilot/db/matVecMul.tbgen.tcl 
Execute       ap_part_info -name xc7z020-clg400-1 -data names -quiet 
Execute       ap_part_info -name xc7z020-clg400-1 -data info -quiet 
Execute       source /home/aion/my_ws/ee5332/matmul/matmul_stream/matVecMul_stream_prj/solution_chocolate/.autopilot/db/global.setting.tcl 
Execute       ap_part_info -name xc7z020-clg400-1 -data names -quiet 
Execute       ap_part_info -name xc7z020-clg400-1 -data info -quiet 
Execute       ap_part_info -name xc7z020-clg400-1 -data names -quiet 
Execute       ap_part_info -name xc7z020-clg400-1 -data info -quiet 
Execute       source /home/aion/my_ws/ee5332/matmul/matmul_stream/matVecMul_stream_prj/solution_chocolate/.autopilot/db/matVecMul.tbgen.tcl 
Execute       source /home/aion/my_ws/ee5332/matmul/matmul_stream/matVecMul_stream_prj/solution_chocolate/.autopilot/db/global.setting.tcl 
Execute       get_config_export -ip_xdc_ooc_file 
Execute       get_config_export -ip_xdc_file 
Execute       source /home/aion/my_ws/ee5332/matmul/matmul_stream/matVecMul_stream_prj/solution_chocolate/.autopilot/db/matVecMul.constraint.tcl 
INFO-FLOW: DBG:PUTS:       generate_ipi_example_script
Execute       ap_part_info -name xc7z020-clg400-1 -data names -quiet 
Execute       ap_part_info -name xc7z020-clg400-1 -data info -quiet 
Execute       ap_part_info -name xc7z020-clg400-1 -data names -quiet 
Execute       ap_part_info -name xc7z020-clg400-1 -data info -quiet 
INFO-FLOW: DBG:PUTS:       generate_syn_sh
Execute       ap_part_info -name xc7z020-clg400-1 -data names -quiet 
Execute       ap_part_info -name xc7z020-clg400-1 -data info -quiet 
Execute       source /home/aion/my_ws/ee5332/matmul/matmul_stream/matVecMul_stream_prj/solution_chocolate/.autopilot/db/global.setting.tcl 
INFO-FLOW: DBG:PUTS:       generate_imp_constraints
Execute       ap_part_info -name xc7z020-clg400-1 -data names -quiet 
Execute       ap_part_info -name xc7z020-clg400-1 -data info -quiet 
Execute       source /home/aion/my_ws/ee5332/matmul/matmul_stream/matVecMul_stream_prj/solution_chocolate/.autopilot/db/matVecMul.constraint.tcl 
Execute       source /home/aion/my_ws/ee5332/matmul/matmul_stream/matVecMul_stream_prj/solution_chocolate/.autopilot/db/matVecMul.tbgen.tcl 
INFO-FLOW: DBG:PUTS:       delete-temp-dirs (skipped for debug)
Execute       ap_part_info -name xc7z020-clg400-1 -data names -quiet 
Execute       ap_part_info -name xc7z020-clg400-1 -data info -quiet 
INFO-FLOW: DBG:PUTS: read_platform_lib /home/aion/my_ws/ee5332/matmul/matmul_stream/matVecMul_stream_prj/solution_chocolate/.autopilot/db/global.setting.tcl
Execute       source /mnt/xilinx/Vitis_HLS/2021.1/common/technology/generic/autopilot/common.gen 
Execute         source /mnt/xilinx/Vitis_HLS/2021.1/common/technology/generic/autopilot/APCoreGen.gen 
Execute       source /mnt/xilinx/Vitis_HLS/2021.1/common/technology/generic/autopilot/op.gen 
Execute       source /mnt/xilinx/Vitis_HLS/2021.1/common/technology/generic/autopilot/op_simcore.gen 
Execute       source /mnt/xilinx/Vitis_HLS/2021.1/common/technology/generic/autopilot/interface.gen 
Execute       source /home/aion/my_ws/ee5332/matmul/matmul_stream/matVecMul_stream_prj/solution_chocolate/.autopilot/db/global.setting.tcl 
Execute       source /mnt/xilinx/Vitis_HLS/2021.1/common/technology/xilinx/common/xilinx.gen 
Execute         source /mnt/xilinx/Vitis_HLS/2021.1/common/technology/xilinx/interface/plb46.gen 
Execute         source /mnt/xilinx/Vitis_HLS/2021.1/common/technology/xilinx/interface/axi4.gen 
Execute         source /mnt/xilinx/Vitis_HLS/2021.1/common/technology/xilinx/interface/nativeAXI4.gen 
Execute           source /mnt/xilinx/Vitis_HLS/2021.1/common/technology/xilinx/interface/saxilite.gen 
Execute           source /mnt/xilinx/Vitis_HLS/2021.1/common/technology/xilinx/interface/maxi.gen 
Execute         source /mnt/xilinx/Vitis_HLS/2021.1/common/technology/xilinx/scripts/xilinxcoregen.gen 
Execute         source /mnt/xilinx/Vitis_HLS/2021.1/common/technology/xilinx/interface/XilEDKCoreGen.gen 
Execute         source /mnt/xilinx/Vitis_HLS/2021.1/common/technology/xilinx/ip/util.gen 
Execute         source /mnt/xilinx/Vitis_HLS/2021.1/common/technology/xilinx/ip/xfir.gen 
Execute         source /mnt/xilinx/Vitis_HLS/2021.1/common/technology/xilinx/ip/dds_compiler.gen 
Execute         source /mnt/xilinx/Vitis_HLS/2021.1/common/technology/xilinx/ip/xfft.gen 
Execute         source /mnt/xilinx/Vitis_HLS/2021.1/common/technology/xilinx/DSP48/dsp48.gen 
Command       ap_source done; 0.11 sec.
INFO-FLOW: DBG:PUTS:     IP package: exec /home/aion/my_ws/ee5332/matmul/matmul_stream/matVecMul_stream_prj/solution_chocolate/impl/ip/pack.sh
INFO-FLOW: DBG:PUTS:     IP package: success /home/aion/my_ws/ee5332/matmul/matmul_stream/matVecMul_stream_prj/solution_chocolate/impl/ip/pack.sh
Execute       get_config_export -output 
Execute       send_msg_by_id INFO @200-802@%s matVecMul_stream_prj/solution_chocolate/impl/export.zip 
INFO: [HLS 200-802] Generated output file matVecMul_stream_prj/solution_chocolate/impl/export.zip
Command     export_design done; 22.37 sec.
INFO: [HLS 200-111] Finished Command export_design CPU user time: 15.29 seconds. CPU system time: 1.22 seconds. Elapsed time: 22.37 seconds; current allocated memory: 324.939 MB.
Execute     cleanup_all 
