

================================================================
== Vitis HLS Report for 'matVecMul'
================================================================
* Date:           Fri Jan  1 00:00:15 2021

* Version:        2021.1 (Build 3247384 on Thu Jun 10 19:36:07 MDT 2021)
* Project:        matVecMul_stream_prj
* Solution:       solution_chocolate (Vivado IP Flow Target)
* Product family: zynq
* Target device:  xc7z020-clg400-1


================================================================
== Performance Estimates
================================================================
+ Timing: 
    * Summary: 
    +--------+----------+-----------+------------+
    |  Clock |  Target  | Estimated | Uncertainty|
    +--------+----------+-----------+------------+
    |ap_clk  |  10.00 ns|  18.153 ns|     2.70 ns|
    +--------+----------+-----------+------------+

+ Latency: 
    * Summary: 
    +---------+---------+-----------+-----------+------+------+---------+
    |  Latency (cycles) |   Latency (absolute)  |   Interval  | Pipeline|
    |   min   |   max   |    min    |    max    |  min |  max |   Type  |
    +---------+---------+-----------+-----------+------+------+---------+
    |     1863|     3853|  33.819 us|  69.944 us|  1864|  3854|       no|
    +---------+---------+-----------+-----------+------+------+---------+

    + Detail: 
        * Instance: 
        +-------------------------------------------------+--------------------------------------+---------+---------+----------+----------+-----+-----+---------+
        |                                                 |                                      |  Latency (cycles) |  Latency (absolute) |  Interval | Pipeline|
        |                     Instance                    |                Module                |   min   |   max   |    min   |    max   | min | max |   Type  |
        +-------------------------------------------------+--------------------------------------+---------+---------+----------+----------+-----+-----+---------+
        |grp_matVecMul_Pipeline_sample_loop_fu_251        |matVecMul_Pipeline_sample_loop        |       66|       66|  1.198 us|  1.198 us|   66|   66|       no|
        |grp_matVecMul_Pipeline_matmul_inner_loop_fu_278  |matVecMul_Pipeline_matmul_inner_loop  |       23|       24|  0.418 us|  0.436 us|   23|   24|       no|
        +-------------------------------------------------+--------------------------------------+---------+---------+----------+----------+-----+-----+---------+

        * Loop: 
        +----------------------+---------+---------+-------------+-----------+-----------+-------+----------+
        |                      |  Latency (cycles) |  Iteration  |  Initiation Interval  |  Trip |          |
        |       Loop Name      |   min   |   max   |   Latency   |  achieved |   target  | Count | Pipelined|
        +----------------------+---------+---------+-------------+-----------+-----------+-------+----------+
        |- vector_loop         |     1862|     3852|  1862 ~ 1926|          -|          -|  1 ~ 2|        no|
        | + matmul_outer_loop  |     1792|     1856|      28 ~ 29|          -|          -|     64|        no|
        +----------------------+---------+---------+-------------+-----------+-----------+-------+----------+



================================================================
== Utilization Estimates
================================================================
* Summary: 
+-----------------+---------+-----+--------+-------+-----+
|       Name      | BRAM_18K| DSP |   FF   |  LUT  | URAM|
+-----------------+---------+-----+--------+-------+-----+
|DSP              |        -|    -|       -|      -|    -|
|Expression       |        -|    -|       0|    294|    -|
|FIFO             |        -|    -|       -|      -|    -|
|Instance         |        4|    4|    1193|   1963|    -|
|Memory           |        0|    -|     128|     16|    0|
|Multiplexer      |        -|    -|       -|    237|    -|
|Register         |        -|    -|     444|      -|    -|
+-----------------+---------+-----+--------+-------+-----+
|Total            |        4|    4|    1765|   2510|    0|
+-----------------+---------+-----+--------+-------+-----+
|Available        |      280|  220|  106400|  53200|    0|
+-----------------+---------+-----+--------+-------+-----+
|Utilization (%)  |        1|    1|       1|      4|    0|
+-----------------+---------+-----+--------+-------+-----+

+ Detail: 
    * Instance: 
    +-------------------------------------------------+--------------------------------------+---------+----+-----+------+-----+
    |                     Instance                    |                Module                | BRAM_18K| DSP|  FF |  LUT | URAM|
    +-------------------------------------------------+--------------------------------------+---------+----+-----+------+-----+
    |control_s_axi_U                                  |control_s_axi                         |        4|   0|  470|   512|    0|
    |grp_matVecMul_Pipeline_matmul_inner_loop_fu_278  |matVecMul_Pipeline_matmul_inner_loop  |        0|   4|  689|  1334|    0|
    |grp_matVecMul_Pipeline_sample_loop_fu_251        |matVecMul_Pipeline_sample_loop        |        0|   0|   34|    97|    0|
    |mux_42_38_1_1_U32                                |mux_42_38_1_1                         |        0|   0|    0|    20|    0|
    +-------------------------------------------------+--------------------------------------+---------+----+-----+------+-----+
    |Total                                            |                                      |        4|   4| 1193|  1963|    0|
    +-------------------------------------------------+--------------------------------------+---------+----+-----+------+-----+

    * DSP: 
    N/A

    * Memory: 
    +-------------------+-----------------+---------+----+----+-----+------+-----+------+-------------+
    |       Memory      |      Module     | BRAM_18K| FF | LUT| URAM| Words| Bits| Banks| W*Bits*Banks|
    +-------------------+-----------------+---------+----+----+-----+------+-----+------+-------------+
    |x_localbuff_V_0_U  |x_localbuff_V_0  |        0|  32|   4|    0|    16|   16|     1|          256|
    |x_localbuff_V_1_U  |x_localbuff_V_0  |        0|  32|   4|    0|    16|   16|     1|          256|
    |x_localbuff_V_2_U  |x_localbuff_V_0  |        0|  32|   4|    0|    16|   16|     1|          256|
    |x_localbuff_V_3_U  |x_localbuff_V_0  |        0|  32|   4|    0|    16|   16|     1|          256|
    +-------------------+-----------------+---------+----+----+-----+------+-----+------+-------------+
    |Total              |                 |        0| 128|  16|    0|    64|   64|     4|         1024|
    +-------------------+-----------------+---------+----+----+-----+------+-----+------+-------------+

    * FIFO: 
    N/A

    * Expression: 
    +----------------------------+----------+----+---+----+------------+------------+
    |        Variable Name       | Operation| DSP| FF| LUT| Bitwidth P0| Bitwidth P1|
    +----------------------------+----------+----+---+----+------------+------------+
    |add_ln32_fu_327_p2          |         +|   0|  0|  38|          31|           1|
    |add_ln44_fu_338_p2          |         +|   0|  0|  39|          32|           1|
    |p_Val2_1_fu_429_p2          |         +|   0|  0|  23|          16|          16|
    |sub_fu_304_p2               |         +|   0|  0|  39|          32|           2|
    |and_ln789_fu_515_p2         |       and|   0|  0|   2|           1|           1|
    |and_ln790_fu_529_p2         |       and|   0|  0|   2|           1|           1|
    |and_ln795_fu_559_p2         |       and|   0|  0|   2|           1|           1|
    |carry_1_fu_449_p2           |       and|   0|  0|   2|           1|           1|
    |overflow_fu_553_p2          |       and|   0|  0|   2|           1|           1|
    |underflow_fu_577_p2         |       and|   0|  0|   2|           1|           1|
    |Range1_all_ones_fu_481_p2   |      icmp|   0|  0|  12|          14|           2|
    |Range1_all_zeros_fu_487_p2  |      icmp|   0|  0|  12|          14|           1|
    |Range2_all_ones_fu_465_p2   |      icmp|   0|  0|  12|          13|           2|
    |icmp_ln32_fu_322_p2         |      icmp|   0|  0|  18|          32|          32|
    |icmp_ln44_fu_333_p2         |      icmp|   0|  0|  18|          32|          32|
    |out_pkt_last_V_fu_357_p2    |      icmp|   0|  0|  18|          32|          32|
    |or_ln384_fu_583_p2          |        or|   0|  0|   2|           1|           1|
    |or_ln794_fu_541_p2          |        or|   0|  0|   2|           1|           1|
    |or_ln795_fu_565_p2          |        or|   0|  0|   2|           1|           1|
    |deleted_ones_fu_521_p3      |    select|   0|  0|   2|           1|           1|
    |deleted_zeros_fu_493_p3     |    select|   0|  0|   2|           1|           1|
    |select_ln384_fu_589_p3      |    select|   0|  0|  17|           1|          15|
    |val_V_fu_596_p3             |    select|   0|  0|  16|           1|          16|
    |xor_ln416_fu_443_p2         |       xor|   0|  0|   2|           1|           2|
    |xor_ln789_fu_509_p2         |       xor|   0|  0|   2|           1|           2|
    |xor_ln794_1_fu_547_p2       |       xor|   0|  0|   2|           1|           2|
    |xor_ln794_fu_535_p2         |       xor|   0|  0|   2|           1|           2|
    |xor_ln795_fu_571_p2         |       xor|   0|  0|   2|           1|           2|
    +----------------------------+----------+----+---+----+------------+------------+
    |Total                       |          |   0|  0| 294|         266|         173|
    +----------------------------+----------+----+---+----+------------+------------+

    * Multiplexer: 
    +-------------------------------+----+-----------+-----+-----------+
    |              Name             | LUT| Input Size| Bits| Total Bits|
    +-------------------------------+----+-----------+-----+-----------+
    |ap_NS_fsm                      |  53|         10|    1|         10|
    |i_fu_172                       |   9|          2|   31|         62|
    |in_stream_TREADY_int_regslice  |   9|          2|    1|          2|
    |k_reg_240                      |   9|          2|   32|         64|
    |out_stream_TDATA_blk_n         |   9|          2|    1|          2|
    |x_localbuff_V_0_address0       |  14|          3|    4|         12|
    |x_localbuff_V_0_ce0            |  14|          3|    1|          3|
    |x_localbuff_V_0_we0            |   9|          2|    1|          2|
    |x_localbuff_V_1_address0       |  14|          3|    4|         12|
    |x_localbuff_V_1_ce0            |  14|          3|    1|          3|
    |x_localbuff_V_1_we0            |   9|          2|    1|          2|
    |x_localbuff_V_2_address0       |  14|          3|    4|         12|
    |x_localbuff_V_2_ce0            |  14|          3|    1|          3|
    |x_localbuff_V_2_we0            |   9|          2|    1|          2|
    |x_localbuff_V_3_address0       |  14|          3|    4|         12|
    |x_localbuff_V_3_ce0            |  14|          3|    1|          3|
    |x_localbuff_V_3_we0            |   9|          2|    1|          2|
    +-------------------------------+----+-----------+-----+-----------+
    |Total                          | 237|         50|   90|        208|
    +-------------------------------+----+-----------+-----+-----------+

    * Register: 
    +--------------------------------------------------------------+----+----+-----+-----------+
    |                             Name                             | FF | LUT| Bits| Const Bits|
    +--------------------------------------------------------------+----+----+-----+-----------+
    |acc_V_0_loc_fu_188                                            |  38|   0|   38|          0|
    |add_ln32_reg_662                                              |  31|   0|   31|          0|
    |add_ln44_reg_670                                              |  32|   0|   32|          0|
    |ap_CS_fsm                                                     |   9|   0|    9|          0|
    |col_size_read_reg_614                                         |  32|   0|   32|          0|
    |grp_matVecMul_Pipeline_matmul_inner_loop_fu_278_ap_start_reg  |   1|   0|    1|          0|
    |grp_matVecMul_Pipeline_sample_loop_fu_251_ap_start_reg        |   1|   0|    1|          0|
    |i_fu_172                                                      |  31|   0|   31|          0|
    |k_reg_240                                                     |  32|   0|   32|          0|
    |no_of_vectors_read_reg_625                                    |  32|   0|   32|          0|
    |or_ln384_reg_700                                              |   1|   0|    1|          0|
    |out_pkt_last_V_reg_680                                        |   1|   0|    1|          0|
    |overflow_reg_695                                              |   1|   0|    1|          0|
    |p_Val2_1_reg_690                                              |  16|   0|   16|          0|
    |row_size_read_reg_620                                         |  32|   0|   32|          0|
    |select_ln340_1_loc_fu_180                                     |  38|   0|   38|          0|
    |select_ln340_2_loc_fu_184                                     |  38|   0|   38|          0|
    |select_ln340_loc_fu_176                                       |  38|   0|   38|          0|
    |shl_ln_reg_675                                                |   6|   0|   11|          5|
    |sub_reg_654                                                   |  32|   0|   32|          0|
    |targetBlock_reg_685                                           |   2|   0|    2|          0|
    +--------------------------------------------------------------+----+----+-----+-----------+
    |Total                                                         | 444|   0|  449|          5|
    +--------------------------------------------------------------+----+----+-----+-----------+



================================================================
== Interface
================================================================
* Summary: 
+-----------------------+-----+-----+------------+---------------------+--------------+
|       RTL Ports       | Dir | Bits|  Protocol  |    Source Object    |    C Type    |
+-----------------------+-----+-----+------------+---------------------+--------------+
|s_axi_control_AWVALID  |   in|    1|       s_axi|              control|         array|
|s_axi_control_AWREADY  |  out|    1|       s_axi|              control|         array|
|s_axi_control_AWADDR   |   in|   14|       s_axi|              control|         array|
|s_axi_control_WVALID   |   in|    1|       s_axi|              control|         array|
|s_axi_control_WREADY   |  out|    1|       s_axi|              control|         array|
|s_axi_control_WDATA    |   in|   32|       s_axi|              control|         array|
|s_axi_control_WSTRB    |   in|    4|       s_axi|              control|         array|
|s_axi_control_ARVALID  |   in|    1|       s_axi|              control|         array|
|s_axi_control_ARREADY  |  out|    1|       s_axi|              control|         array|
|s_axi_control_ARADDR   |   in|   14|       s_axi|              control|         array|
|s_axi_control_RVALID   |  out|    1|       s_axi|              control|         array|
|s_axi_control_RREADY   |   in|    1|       s_axi|              control|         array|
|s_axi_control_RDATA    |  out|   32|       s_axi|              control|         array|
|s_axi_control_RRESP    |  out|    2|       s_axi|              control|         array|
|s_axi_control_BVALID   |  out|    1|       s_axi|              control|         array|
|s_axi_control_BREADY   |   in|    1|       s_axi|              control|         array|
|s_axi_control_BRESP    |  out|    2|       s_axi|              control|         array|
|ap_clk                 |   in|    1|  ap_ctrl_hs|            matVecMul|  return value|
|ap_rst_n               |   in|    1|  ap_ctrl_hs|            matVecMul|  return value|
|interrupt              |  out|    1|  ap_ctrl_hs|            matVecMul|  return value|
|in_stream_TDATA        |   in|   32|        axis|   in_stream_V_data_V|       pointer|
|in_stream_TVALID       |   in|    1|        axis|   in_stream_V_dest_V|       pointer|
|in_stream_TREADY       |  out|    1|        axis|   in_stream_V_dest_V|       pointer|
|in_stream_TDEST        |   in|    1|        axis|   in_stream_V_dest_V|       pointer|
|in_stream_TKEEP        |   in|    4|        axis|   in_stream_V_keep_V|       pointer|
|in_stream_TSTRB        |   in|    4|        axis|   in_stream_V_strb_V|       pointer|
|in_stream_TUSER        |   in|    1|        axis|   in_stream_V_user_V|       pointer|
|in_stream_TLAST        |   in|    1|        axis|   in_stream_V_last_V|       pointer|
|in_stream_TID          |   in|    1|        axis|     in_stream_V_id_V|       pointer|
|out_stream_TDATA       |  out|   32|        axis|  out_stream_V_data_V|       pointer|
|out_stream_TVALID      |  out|    1|        axis|  out_stream_V_dest_V|       pointer|
|out_stream_TREADY      |   in|    1|        axis|  out_stream_V_dest_V|       pointer|
|out_stream_TDEST       |  out|    1|        axis|  out_stream_V_dest_V|       pointer|
|out_stream_TKEEP       |  out|    4|        axis|  out_stream_V_keep_V|       pointer|
|out_stream_TSTRB       |  out|    4|        axis|  out_stream_V_strb_V|       pointer|
|out_stream_TUSER       |  out|    1|        axis|  out_stream_V_user_V|       pointer|
|out_stream_TLAST       |  out|    1|        axis|  out_stream_V_last_V|       pointer|
|out_stream_TID         |  out|    1|        axis|    out_stream_V_id_V|       pointer|
+-----------------------+-----+-----+------------+---------------------+--------------+

============================================================
+ Verbose Summary: Synthesis Manager
============================================================
InlineROM: 1
ExposeGlobal: 0
============================================================
+ Verbose Summary: CDFG Model
============================================================
IsTopModel: 1
ResetActiveHigh: 1
IsCombinational: 2
IsDatapathOnly: 2
HasWiredReturn: 1
HasMFsm: 0
HasVarLatency: 1
IsPipeline: 0
IsRtlPipelined: 0
IsInstanceOverlapped: 0
IsDontTouch: 0
HasImplIP: 0
IsGatedGlobalClock: 0


============================================================
+ Verbose Summary: Schedule
============================================================
* Number of FSM states : 9
* Pipeline : 0
* Dataflow Pipeline: 0

* FSM state transitions: 
1 --> 2 
2 --> 3 
3 --> 4 
4 --> 5 
5 --> 6 2 
6 --> 7 
7 --> 8 
8 --> 9 
9 --> 5 

* FSM state operations: 

State 1 <SV = 0> <Delay = 3.55>
ST_1 : Operation 10 [1/1] (0.00ns)   --->   "%i = alloca i32 1"   --->   Operation 10 'alloca' 'i' <Predicate = true> <Delay = 0.00>
ST_1 : Operation 11 [1/1] (1.00ns)   --->   "%col_size_read = read i32 @_ssdm_op_Read.s_axilite.i32, i32 %col_size"   --->   Operation 11 'read' 'col_size_read' <Predicate = true> <Delay = 1.00> <CoreInst = "s_axilite">   --->   Core 114 's_axilite' <Latency = 0> <II = 1> <Delay = 1.00> <Adapter> <Opcode : 'read' 'write'>
ST_1 : Operation 12 [1/1] (1.00ns)   --->   "%row_size_read = read i32 @_ssdm_op_Read.s_axilite.i32, i32 %row_size"   --->   Operation 12 'read' 'row_size_read' <Predicate = true> <Delay = 1.00> <CoreInst = "s_axilite">   --->   Core 114 's_axilite' <Latency = 0> <II = 1> <Delay = 1.00> <Adapter> <Opcode : 'read' 'write'>
ST_1 : Operation 13 [1/1] (1.00ns)   --->   "%no_of_vectors_read = read i32 @_ssdm_op_Read.s_axilite.i32, i32 %no_of_vectors"   --->   Operation 13 'read' 'no_of_vectors_read' <Predicate = true> <Delay = 1.00> <CoreInst = "s_axilite">   --->   Core 114 's_axilite' <Latency = 0> <II = 1> <Delay = 1.00> <Adapter> <Opcode : 'read' 'write'>
ST_1 : Operation 14 [1/1] (0.00ns)   --->   "%select_ln340_loc = alloca i64 1"   --->   Operation 14 'alloca' 'select_ln340_loc' <Predicate = true> <Delay = 0.00>
ST_1 : Operation 15 [1/1] (0.00ns)   --->   "%select_ln340_1_loc = alloca i64 1"   --->   Operation 15 'alloca' 'select_ln340_1_loc' <Predicate = true> <Delay = 0.00>
ST_1 : Operation 16 [1/1] (0.00ns)   --->   "%select_ln340_2_loc = alloca i64 1"   --->   Operation 16 'alloca' 'select_ln340_2_loc' <Predicate = true> <Delay = 0.00>
ST_1 : Operation 17 [1/1] (0.00ns)   --->   "%acc_V_0_loc = alloca i64 1"   --->   Operation 17 'alloca' 'acc_V_0_loc' <Predicate = true> <Delay = 0.00>
ST_1 : Operation 18 [1/1] (0.00ns)   --->   "%spectopmodule_ln0 = spectopmodule void @_ssdm_op_SpecTopModule, void @empty_13"   --->   Operation 18 'spectopmodule' 'spectopmodule_ln0' <Predicate = true> <Delay = 0.00>
ST_1 : Operation 19 [1/1] (0.00ns)   --->   "%specinterface_ln0 = specinterface void @_ssdm_op_SpecInterface, i16 %A_0, void @empty_1, i32 0, i32 0, void @empty_0, i32 0, i32 0, void @empty_2, void @empty_3, void @empty_0, i32 0, i32 0, i32 0, i32 0, void @empty_0, void @empty_0"   --->   Operation 19 'specinterface' 'specinterface_ln0' <Predicate = true> <Delay = 0.00>
ST_1 : Operation 20 [1/1] (0.00ns)   --->   "%specinterface_ln0 = specinterface void @_ssdm_op_SpecInterface, i16 %A_0, void @empty_4, i32 0, i32 0, void @empty_0, i32 1, i32 0, void @empty_0, void @empty_0, void @empty_0, i32 0, i32 0, i32 0, i32 0, void @empty_0, void @empty_0"   --->   Operation 20 'specinterface' 'specinterface_ln0' <Predicate = true> <Delay = 0.00>
ST_1 : Operation 21 [1/1] (0.00ns)   --->   "%specmemcore_ln0 = specmemcore void @_ssdm_op_SpecMemCore, i16 %A_0, i64 666, i64 17, i64 1"   --->   Operation 21 'specmemcore' 'specmemcore_ln0' <Predicate = true> <Delay = 0.00>
ST_1 : Operation 22 [1/1] (0.00ns)   --->   "%specbitsmap_ln0 = specbitsmap void @_ssdm_op_SpecBitsMap, i16 %A_0"   --->   Operation 22 'specbitsmap' 'specbitsmap_ln0' <Predicate = true> <Delay = 0.00>
ST_1 : Operation 23 [1/1] (0.00ns)   --->   "%specinterface_ln0 = specinterface void @_ssdm_op_SpecInterface, i16 %A_1, void @empty_1, i32 0, i32 0, void @empty_0, i32 0, i32 0, void @empty_2, void @empty_11, void @empty_0, i32 0, i32 0, i32 0, i32 0, void @empty_0, void @empty_0"   --->   Operation 23 'specinterface' 'specinterface_ln0' <Predicate = true> <Delay = 0.00>
ST_1 : Operation 24 [1/1] (0.00ns)   --->   "%specinterface_ln0 = specinterface void @_ssdm_op_SpecInterface, i16 %A_1, void @empty_4, i32 0, i32 0, void @empty_0, i32 1, i32 0, void @empty_0, void @empty_0, void @empty_0, i32 0, i32 0, i32 0, i32 0, void @empty_0, void @empty_0"   --->   Operation 24 'specinterface' 'specinterface_ln0' <Predicate = true> <Delay = 0.00>
ST_1 : Operation 25 [1/1] (0.00ns)   --->   "%specmemcore_ln0 = specmemcore void @_ssdm_op_SpecMemCore, i16 %A_1, i64 666, i64 17, i64 1"   --->   Operation 25 'specmemcore' 'specmemcore_ln0' <Predicate = true> <Delay = 0.00>
ST_1 : Operation 26 [1/1] (0.00ns)   --->   "%specbitsmap_ln0 = specbitsmap void @_ssdm_op_SpecBitsMap, i16 %A_1"   --->   Operation 26 'specbitsmap' 'specbitsmap_ln0' <Predicate = true> <Delay = 0.00>
ST_1 : Operation 27 [1/1] (0.00ns)   --->   "%specinterface_ln0 = specinterface void @_ssdm_op_SpecInterface, i16 %A_2, void @empty_1, i32 0, i32 0, void @empty_0, i32 0, i32 0, void @empty_2, void @empty_5, void @empty_0, i32 0, i32 0, i32 0, i32 0, void @empty_0, void @empty_0"   --->   Operation 27 'specinterface' 'specinterface_ln0' <Predicate = true> <Delay = 0.00>
ST_1 : Operation 28 [1/1] (0.00ns)   --->   "%specinterface_ln0 = specinterface void @_ssdm_op_SpecInterface, i16 %A_2, void @empty_4, i32 0, i32 0, void @empty_0, i32 1, i32 0, void @empty_0, void @empty_0, void @empty_0, i32 0, i32 0, i32 0, i32 0, void @empty_0, void @empty_0"   --->   Operation 28 'specinterface' 'specinterface_ln0' <Predicate = true> <Delay = 0.00>
ST_1 : Operation 29 [1/1] (0.00ns)   --->   "%specmemcore_ln0 = specmemcore void @_ssdm_op_SpecMemCore, i16 %A_2, i64 666, i64 17, i64 1"   --->   Operation 29 'specmemcore' 'specmemcore_ln0' <Predicate = true> <Delay = 0.00>
ST_1 : Operation 30 [1/1] (0.00ns)   --->   "%specbitsmap_ln0 = specbitsmap void @_ssdm_op_SpecBitsMap, i16 %A_2"   --->   Operation 30 'specbitsmap' 'specbitsmap_ln0' <Predicate = true> <Delay = 0.00>
ST_1 : Operation 31 [1/1] (0.00ns)   --->   "%specinterface_ln0 = specinterface void @_ssdm_op_SpecInterface, i16 %A_3, void @empty_1, i32 0, i32 0, void @empty_0, i32 0, i32 0, void @empty_2, void @empty_10, void @empty_0, i32 0, i32 0, i32 0, i32 0, void @empty_0, void @empty_0"   --->   Operation 31 'specinterface' 'specinterface_ln0' <Predicate = true> <Delay = 0.00>
ST_1 : Operation 32 [1/1] (0.00ns)   --->   "%specinterface_ln0 = specinterface void @_ssdm_op_SpecInterface, i16 %A_3, void @empty_4, i32 0, i32 0, void @empty_0, i32 1, i32 0, void @empty_0, void @empty_0, void @empty_0, i32 0, i32 0, i32 0, i32 0, void @empty_0, void @empty_0"   --->   Operation 32 'specinterface' 'specinterface_ln0' <Predicate = true> <Delay = 0.00>
ST_1 : Operation 33 [1/1] (0.00ns)   --->   "%specmemcore_ln0 = specmemcore void @_ssdm_op_SpecMemCore, i16 %A_3, i64 666, i64 17, i64 1"   --->   Operation 33 'specmemcore' 'specmemcore_ln0' <Predicate = true> <Delay = 0.00>
ST_1 : Operation 34 [1/1] (0.00ns)   --->   "%specbitsmap_ln0 = specbitsmap void @_ssdm_op_SpecBitsMap, i16 %A_3"   --->   Operation 34 'specbitsmap' 'specbitsmap_ln0' <Predicate = true> <Delay = 0.00>
ST_1 : Operation 35 [1/1] (0.00ns)   --->   "%specinterface_ln0 = specinterface void @_ssdm_op_SpecInterface, i32 %in_stream_V_data_V, i4 %in_stream_V_keep_V, i4 %in_stream_V_strb_V, i1 %in_stream_V_user_V, i1 %in_stream_V_last_V, i1 %in_stream_V_id_V, i1 %in_stream_V_dest_V, void @empty, i32 1, i32 1, void @empty_6, i32 0, i32 0, void @empty_0, void @empty_0, void @empty_0, i32 0, i32 0, i32 0, i32 0, void @empty_0, void @empty_0"   --->   Operation 35 'specinterface' 'specinterface_ln0' <Predicate = true> <Delay = 0.00>
ST_1 : Operation 36 [1/1] (0.00ns)   --->   "%specbitsmap_ln0 = specbitsmap void @_ssdm_op_SpecBitsMap, i32 %in_stream_V_data_V"   --->   Operation 36 'specbitsmap' 'specbitsmap_ln0' <Predicate = true> <Delay = 0.00>
ST_1 : Operation 37 [1/1] (0.00ns)   --->   "%specbitsmap_ln0 = specbitsmap void @_ssdm_op_SpecBitsMap, i4 %in_stream_V_keep_V"   --->   Operation 37 'specbitsmap' 'specbitsmap_ln0' <Predicate = true> <Delay = 0.00>
ST_1 : Operation 38 [1/1] (0.00ns)   --->   "%specbitsmap_ln0 = specbitsmap void @_ssdm_op_SpecBitsMap, i4 %in_stream_V_strb_V"   --->   Operation 38 'specbitsmap' 'specbitsmap_ln0' <Predicate = true> <Delay = 0.00>
ST_1 : Operation 39 [1/1] (0.00ns)   --->   "%specbitsmap_ln0 = specbitsmap void @_ssdm_op_SpecBitsMap, i1 %in_stream_V_user_V"   --->   Operation 39 'specbitsmap' 'specbitsmap_ln0' <Predicate = true> <Delay = 0.00>
ST_1 : Operation 40 [1/1] (0.00ns)   --->   "%specbitsmap_ln0 = specbitsmap void @_ssdm_op_SpecBitsMap, i1 %in_stream_V_last_V"   --->   Operation 40 'specbitsmap' 'specbitsmap_ln0' <Predicate = true> <Delay = 0.00>
ST_1 : Operation 41 [1/1] (0.00ns)   --->   "%specbitsmap_ln0 = specbitsmap void @_ssdm_op_SpecBitsMap, i1 %in_stream_V_id_V"   --->   Operation 41 'specbitsmap' 'specbitsmap_ln0' <Predicate = true> <Delay = 0.00>
ST_1 : Operation 42 [1/1] (0.00ns)   --->   "%specbitsmap_ln0 = specbitsmap void @_ssdm_op_SpecBitsMap, i1 %in_stream_V_dest_V"   --->   Operation 42 'specbitsmap' 'specbitsmap_ln0' <Predicate = true> <Delay = 0.00>
ST_1 : Operation 43 [1/1] (0.00ns)   --->   "%specinterface_ln0 = specinterface void @_ssdm_op_SpecInterface, i32 %out_stream_V_data_V, i4 %out_stream_V_keep_V, i4 %out_stream_V_strb_V, i1 %out_stream_V_user_V, i1 %out_stream_V_last_V, i1 %out_stream_V_id_V, i1 %out_stream_V_dest_V, void @empty, i32 1, i32 1, void @empty_6, i32 0, i32 0, void @empty_0, void @empty_0, void @empty_0, i32 0, i32 0, i32 0, i32 0, void @empty_0, void @empty_0"   --->   Operation 43 'specinterface' 'specinterface_ln0' <Predicate = true> <Delay = 0.00>
ST_1 : Operation 44 [1/1] (0.00ns)   --->   "%specbitsmap_ln0 = specbitsmap void @_ssdm_op_SpecBitsMap, i32 %out_stream_V_data_V"   --->   Operation 44 'specbitsmap' 'specbitsmap_ln0' <Predicate = true> <Delay = 0.00>
ST_1 : Operation 45 [1/1] (0.00ns)   --->   "%specbitsmap_ln0 = specbitsmap void @_ssdm_op_SpecBitsMap, i4 %out_stream_V_keep_V"   --->   Operation 45 'specbitsmap' 'specbitsmap_ln0' <Predicate = true> <Delay = 0.00>
ST_1 : Operation 46 [1/1] (0.00ns)   --->   "%specbitsmap_ln0 = specbitsmap void @_ssdm_op_SpecBitsMap, i4 %out_stream_V_strb_V"   --->   Operation 46 'specbitsmap' 'specbitsmap_ln0' <Predicate = true> <Delay = 0.00>
ST_1 : Operation 47 [1/1] (0.00ns)   --->   "%specbitsmap_ln0 = specbitsmap void @_ssdm_op_SpecBitsMap, i1 %out_stream_V_user_V"   --->   Operation 47 'specbitsmap' 'specbitsmap_ln0' <Predicate = true> <Delay = 0.00>
ST_1 : Operation 48 [1/1] (0.00ns)   --->   "%specbitsmap_ln0 = specbitsmap void @_ssdm_op_SpecBitsMap, i1 %out_stream_V_last_V"   --->   Operation 48 'specbitsmap' 'specbitsmap_ln0' <Predicate = true> <Delay = 0.00>
ST_1 : Operation 49 [1/1] (0.00ns)   --->   "%specbitsmap_ln0 = specbitsmap void @_ssdm_op_SpecBitsMap, i1 %out_stream_V_id_V"   --->   Operation 49 'specbitsmap' 'specbitsmap_ln0' <Predicate = true> <Delay = 0.00>
ST_1 : Operation 50 [1/1] (0.00ns)   --->   "%specbitsmap_ln0 = specbitsmap void @_ssdm_op_SpecBitsMap, i1 %out_stream_V_dest_V"   --->   Operation 50 'specbitsmap' 'specbitsmap_ln0' <Predicate = true> <Delay = 0.00>
ST_1 : Operation 51 [1/1] (0.00ns)   --->   "%specbitsmap_ln0 = specbitsmap void @_ssdm_op_SpecBitsMap, i32 %no_of_vectors"   --->   Operation 51 'specbitsmap' 'specbitsmap_ln0' <Predicate = true> <Delay = 0.00>
ST_1 : Operation 52 [1/1] (0.00ns)   --->   "%specinterface_ln0 = specinterface void @_ssdm_op_SpecInterface, i32 %no_of_vectors, void @empty_1, i32 0, i32 0, void @empty_0, i32 0, i32 0, void @empty_2, void @empty_7, void @empty_0, i32 0, i32 0, i32 0, i32 0, void @empty_0, void @empty_0"   --->   Operation 52 'specinterface' 'specinterface_ln0' <Predicate = true> <Delay = 0.00>
ST_1 : Operation 53 [1/1] (0.00ns)   --->   "%specinterface_ln0 = specinterface void @_ssdm_op_SpecInterface, i32 %no_of_vectors, void @empty_8, i32 0, i32 0, void @empty_0, i32 0, i32 0, void @empty_0, void @empty_0, void @empty_0, i32 0, i32 0, i32 0, i32 0, void @empty_0, void @empty_0"   --->   Operation 53 'specinterface' 'specinterface_ln0' <Predicate = true> <Delay = 0.00>
ST_1 : Operation 54 [1/1] (0.00ns)   --->   "%specbitsmap_ln0 = specbitsmap void @_ssdm_op_SpecBitsMap, i32 %row_size"   --->   Operation 54 'specbitsmap' 'specbitsmap_ln0' <Predicate = true> <Delay = 0.00>
ST_1 : Operation 55 [1/1] (0.00ns)   --->   "%specinterface_ln0 = specinterface void @_ssdm_op_SpecInterface, i32 %row_size, void @empty_1, i32 0, i32 0, void @empty_0, i32 0, i32 0, void @empty_2, void @empty_9, void @empty_0, i32 0, i32 0, i32 0, i32 0, void @empty_0, void @empty_0"   --->   Operation 55 'specinterface' 'specinterface_ln0' <Predicate = true> <Delay = 0.00>
ST_1 : Operation 56 [1/1] (0.00ns)   --->   "%specinterface_ln0 = specinterface void @_ssdm_op_SpecInterface, i32 %row_size, void @empty_8, i32 0, i32 0, void @empty_0, i32 0, i32 0, void @empty_0, void @empty_0, void @empty_0, i32 0, i32 0, i32 0, i32 0, void @empty_0, void @empty_0"   --->   Operation 56 'specinterface' 'specinterface_ln0' <Predicate = true> <Delay = 0.00>
ST_1 : Operation 57 [1/1] (0.00ns)   --->   "%specbitsmap_ln0 = specbitsmap void @_ssdm_op_SpecBitsMap, i32 %col_size"   --->   Operation 57 'specbitsmap' 'specbitsmap_ln0' <Predicate = true> <Delay = 0.00>
ST_1 : Operation 58 [1/1] (0.00ns)   --->   "%specinterface_ln0 = specinterface void @_ssdm_op_SpecInterface, i32 %col_size, void @empty_1, i32 0, i32 0, void @empty_0, i32 0, i32 0, void @empty_2, void @empty_12, void @empty_0, i32 0, i32 0, i32 0, i32 0, void @empty_0, void @empty_0"   --->   Operation 58 'specinterface' 'specinterface_ln0' <Predicate = true> <Delay = 0.00>
ST_1 : Operation 59 [1/1] (0.00ns)   --->   "%specinterface_ln0 = specinterface void @_ssdm_op_SpecInterface, i32 %col_size, void @empty_8, i32 0, i32 0, void @empty_0, i32 0, i32 0, void @empty_0, void @empty_0, void @empty_0, i32 0, i32 0, i32 0, i32 0, void @empty_0, void @empty_0"   --->   Operation 59 'specinterface' 'specinterface_ln0' <Predicate = true> <Delay = 0.00>
ST_1 : Operation 60 [1/1] (0.00ns)   --->   "%specinterface_ln0 = specinterface void @_ssdm_op_SpecInterface, i32 0, void @empty_1, i32 0, i32 0, void @empty_0, i32 0, i32 0, void @empty_2, void @empty_0, void @empty_0, i32 0, i32 0, i32 0, i32 0, void @empty_0, void @empty_0"   --->   Operation 60 'specinterface' 'specinterface_ln0' <Predicate = true> <Delay = 0.00>
ST_1 : Operation 61 [1/1] (2.55ns)   --->   "%sub = add i32 %row_size_read, i32 4294967295"   --->   Operation 61 'add' 'sub' <Predicate = true> <Delay = 2.55> <CoreInst = "Adder">   --->   Core 1 'Adder' <Latency = 0> <II = 1> <Delay = 2.55> <FuncUnit> <Opcode : 'add' 'sub'> <InPorts = 2> <OutPorts = 1>
ST_1 : Operation 62 [1/1] (1.58ns)   --->   "%store_ln32 = store i31 0, i31 %i" [../matVecMul.cpp:32]   --->   Operation 62 'store' 'store_ln32' <Predicate = true> <Delay = 1.58>
ST_1 : Operation 63 [1/1] (0.00ns)   --->   "%br_ln32 = br void" [../matVecMul.cpp:32]   --->   Operation 63 'br' 'br_ln32' <Predicate = true> <Delay = 0.00>

State 2 <SV = 1> <Delay = 7.26>
ST_2 : Operation 64 [1/1] (0.00ns)   --->   "%i_load = load i31 %i" [../matVecMul.cpp:32]   --->   Operation 64 'load' 'i_load' <Predicate = true> <Delay = 0.00>
ST_2 : Operation 65 [1/1] (0.00ns)   --->   "%zext_ln32 = zext i31 %i_load" [../matVecMul.cpp:32]   --->   Operation 65 'zext' 'zext_ln32' <Predicate = true> <Delay = 0.00>
ST_2 : Operation 66 [1/1] (2.47ns)   --->   "%icmp_ln32 = icmp_slt  i32 %zext_ln32, i32 %no_of_vectors_read" [../matVecMul.cpp:32]   --->   Operation 66 'icmp' 'icmp_ln32' <Predicate = true> <Delay = 2.47> <CoreInst = "Cmp">   --->   Core 9 'Cmp' <Latency = 0> <II = 1> <Delay = 2.47> <FuncUnit> <Opcode : 'icmp'> <InPorts = 2> <OutPorts = 1>
ST_2 : Operation 67 [1/1] (2.52ns)   --->   "%add_ln32 = add i31 %i_load, i31 1" [../matVecMul.cpp:32]   --->   Operation 67 'add' 'add_ln32' <Predicate = true> <Delay = 2.52> <CoreInst = "Adder">   --->   Core 1 'Adder' <Latency = 0> <II = 1> <Delay = 2.55> <FuncUnit> <Opcode : 'add' 'sub'> <InPorts = 2> <OutPorts = 1>
ST_2 : Operation 68 [1/1] (0.00ns)   --->   "%br_ln32 = br i1 %icmp_ln32, void %._crit_edge223.loopexit, void %.split9" [../matVecMul.cpp:32]   --->   Operation 68 'br' 'br_ln32' <Predicate = true> <Delay = 0.00>
ST_2 : Operation 69 [1/1] (0.00ns)   --->   "%empty = wait i32 @_ssdm_op_Wait"   --->   Operation 69 'wait' 'empty' <Predicate = (icmp_ln32)> <Delay = 0.00>
ST_2 : Operation 70 [2/2] (4.79ns)   --->   "%call_ln0 = call void @matVecMul_Pipeline_sample_loop, i32 %col_size_read, i32 %in_stream_V_data_V, i4 %in_stream_V_keep_V, i4 %in_stream_V_strb_V, i1 %in_stream_V_user_V, i1 %in_stream_V_last_V, i1 %in_stream_V_id_V, i1 %in_stream_V_dest_V, i16 %x_localbuff_V_0, i16 %x_localbuff_V_1, i16 %x_localbuff_V_2, i16 %x_localbuff_V_3"   --->   Operation 70 'call' 'call_ln0' <Predicate = (icmp_ln32)> <Delay = 4.79> <CoreType = "Generic">   --->   Core 0 '' <Latency = 0> <II = 1> <Delay = 1.00> <Generic> <Opcode : >
ST_2 : Operation 71 [1/1] (0.00ns)   --->   "%ret_ln74 = ret" [../matVecMul.cpp:74]   --->   Operation 71 'ret' 'ret_ln74' <Predicate = (!icmp_ln32)> <Delay = 0.00>

State 3 <SV = 2> <Delay = 0.00>
ST_3 : Operation 72 [1/2] (0.00ns)   --->   "%call_ln0 = call void @matVecMul_Pipeline_sample_loop, i32 %col_size_read, i32 %in_stream_V_data_V, i4 %in_stream_V_keep_V, i4 %in_stream_V_strb_V, i1 %in_stream_V_user_V, i1 %in_stream_V_last_V, i1 %in_stream_V_id_V, i1 %in_stream_V_dest_V, i16 %x_localbuff_V_0, i16 %x_localbuff_V_1, i16 %x_localbuff_V_2, i16 %x_localbuff_V_3"   --->   Operation 72 'call' 'call_ln0' <Predicate = true> <Delay = 0.00> <CoreType = "Generic">   --->   Core 0 '' <Latency = 0> <II = 1> <Delay = 1.00> <Generic> <Opcode : >

State 4 <SV = 3> <Delay = 1.58>
ST_4 : Operation 73 [1/1] (0.00ns)   --->   "%speclooptripcount_ln25 = speclooptripcount void @_ssdm_op_SpecLoopTripCount, i64 1, i64 2, i64 1" [../matVecMul.h:25]   --->   Operation 73 'speclooptripcount' 'speclooptripcount_ln25' <Predicate = true> <Delay = 0.00>
ST_4 : Operation 74 [1/1] (0.00ns)   --->   "%specloopname_ln25 = specloopname void @_ssdm_op_SpecLoopName, void @empty_17" [../matVecMul.h:25]   --->   Operation 74 'specloopname' 'specloopname_ln25' <Predicate = true> <Delay = 0.00>
ST_4 : Operation 75 [1/1] (0.00ns)   --->   "%empty_29 = wait i32 @_ssdm_op_Wait"   --->   Operation 75 'wait' 'empty_29' <Predicate = true> <Delay = 0.00>
ST_4 : Operation 76 [1/1] (1.58ns)   --->   "%br_ln44 = br void %._crit_edge.loopexit" [../matVecMul.cpp:44]   --->   Operation 76 'br' 'br_ln44' <Predicate = true> <Delay = 1.58>

State 5 <SV = 4> <Delay = 4.06>
ST_5 : Operation 77 [1/1] (0.00ns)   --->   "%k = phi i32 %add_ln44, void %.split7, i32 0, void %.split9" [../matVecMul.cpp:44]   --->   Operation 77 'phi' 'k' <Predicate = true> <Delay = 0.00>
ST_5 : Operation 78 [1/1] (2.47ns)   --->   "%icmp_ln44 = icmp_eq  i32 %k, i32 %row_size_read" [../matVecMul.cpp:44]   --->   Operation 78 'icmp' 'icmp_ln44' <Predicate = true> <Delay = 2.47> <CoreInst = "Cmp">   --->   Core 9 'Cmp' <Latency = 0> <II = 1> <Delay = 2.47> <FuncUnit> <Opcode : 'icmp'> <InPorts = 2> <OutPorts = 1>
ST_5 : Operation 79 [1/1] (2.55ns)   --->   "%add_ln44 = add i32 %k, i32 1" [../matVecMul.cpp:44]   --->   Operation 79 'add' 'add_ln44' <Predicate = true> <Delay = 2.55> <CoreInst = "Adder">   --->   Core 1 'Adder' <Latency = 0> <II = 1> <Delay = 2.55> <FuncUnit> <Opcode : 'add' 'sub'> <InPorts = 2> <OutPorts = 1>
ST_5 : Operation 80 [1/1] (0.00ns)   --->   "%br_ln44 = br i1 %icmp_ln44, void %.split7, void %._crit_edge218.loopexit" [../matVecMul.cpp:44]   --->   Operation 80 'br' 'br_ln44' <Predicate = true> <Delay = 0.00>
ST_5 : Operation 81 [1/1] (0.00ns)   --->   "%trunc_ln1169 = trunc i32 %k"   --->   Operation 81 'trunc' 'trunc_ln1169' <Predicate = (!icmp_ln44)> <Delay = 0.00>
ST_5 : Operation 82 [1/1] (0.00ns)   --->   "%shl_ln = bitconcatenate i11 @_ssdm_op_BitConcatenate.i11.i6.i5, i6 %trunc_ln1169, i5 0"   --->   Operation 82 'bitconcatenate' 'shl_ln' <Predicate = (!icmp_ln44)> <Delay = 0.00>
ST_5 : Operation 83 [2/2] (0.00ns)   --->   "%targetBlock = call i2 @matVecMul_Pipeline_matmul_inner_loop, i32 %col_size_read, i11 %shl_ln, i16 %A_0, i16 %A_1, i16 %A_2, i16 %A_3, i38 %acc_V_0_loc, i38 %select_ln340_2_loc, i38 %select_ln340_1_loc, i38 %select_ln340_loc, i16 %x_localbuff_V_3, i16 %x_localbuff_V_2, i16 %x_localbuff_V_1, i16 %x_localbuff_V_0"   --->   Operation 83 'call' 'targetBlock' <Predicate = (!icmp_ln44)> <Delay = 0.00> <CoreType = "Generic">   --->   Core 0 '' <Latency = 0> <II = 1> <Delay = 1.00> <Generic> <Opcode : >
ST_5 : Operation 84 [1/1] (2.47ns)   --->   "%out_pkt_last_V = icmp_eq  i32 %k, i32 %sub" [../matVecMul.cpp:67]   --->   Operation 84 'icmp' 'out_pkt_last_V' <Predicate = (!icmp_ln44)> <Delay = 2.47> <CoreInst = "Cmp">   --->   Core 9 'Cmp' <Latency = 0> <II = 1> <Delay = 2.47> <FuncUnit> <Opcode : 'icmp'> <InPorts = 2> <OutPorts = 1>
ST_5 : Operation 85 [1/1] (1.58ns)   --->   "%store_ln32 = store i31 %add_ln32, i31 %i" [../matVecMul.cpp:32]   --->   Operation 85 'store' 'store_ln32' <Predicate = (icmp_ln44)> <Delay = 1.58>
ST_5 : Operation 86 [1/1] (0.00ns)   --->   "%br_ln0 = br void"   --->   Operation 86 'br' 'br_ln0' <Predicate = (icmp_ln44)> <Delay = 0.00>

State 6 <SV = 5> <Delay = 1.82>
ST_6 : Operation 87 [1/2] (1.82ns)   --->   "%targetBlock = call i2 @matVecMul_Pipeline_matmul_inner_loop, i32 %col_size_read, i11 %shl_ln, i16 %A_0, i16 %A_1, i16 %A_2, i16 %A_3, i38 %acc_V_0_loc, i38 %select_ln340_2_loc, i38 %select_ln340_1_loc, i38 %select_ln340_loc, i16 %x_localbuff_V_3, i16 %x_localbuff_V_2, i16 %x_localbuff_V_1, i16 %x_localbuff_V_0"   --->   Operation 87 'call' 'targetBlock' <Predicate = true> <Delay = 1.82> <CoreType = "Generic">   --->   Core 0 '' <Latency = 0> <II = 1> <Delay = 1.00> <Generic> <Opcode : >

State 7 <SV = 6> <Delay = 6.85>
ST_7 : Operation 88 [1/1] (0.00ns)   --->   "%acc_V_0_loc_load = load i38 %acc_V_0_loc"   --->   Operation 88 'load' 'acc_V_0_loc_load' <Predicate = true> <Delay = 0.00>
ST_7 : Operation 89 [1/1] (0.00ns)   --->   "%select_ln340_2_loc_load = load i38 %select_ln340_2_loc"   --->   Operation 89 'load' 'select_ln340_2_loc_load' <Predicate = true> <Delay = 0.00>
ST_7 : Operation 90 [1/1] (0.00ns)   --->   "%select_ln340_1_loc_load = load i38 %select_ln340_1_loc"   --->   Operation 90 'load' 'select_ln340_1_loc_load' <Predicate = true> <Delay = 0.00>
ST_7 : Operation 91 [1/1] (0.00ns)   --->   "%select_ln340_loc_load = load i38 %select_ln340_loc"   --->   Operation 91 'load' 'select_ln340_loc_load' <Predicate = true> <Delay = 0.00>
ST_7 : Operation 92 [1/1] (1.82ns)   --->   "%acc_V_lcssa = mux i38 @_ssdm_op_Mux.ap_auto.4i38.i2, i38 %acc_V_0_loc_load, i38 %select_ln340_2_loc_load, i38 %select_ln340_1_loc_load, i38 %select_ln340_loc_load, i2 %targetBlock"   --->   Operation 92 'mux' 'acc_V_lcssa' <Predicate = true> <Delay = 1.82> <CoreInst = "Multiplexer">   --->   Core 76 'Multiplexer' <Latency = 0> <II = 1> <Delay = 1.82> <FuncUnit> <Opcode : 'mux'> <InPorts = 2> <OutPorts = 1>
ST_7 : Operation 93 [1/1] (0.00ns)   --->   "%p_Result_s = bitselect i1 @_ssdm_op_BitSelect.i1.i38.i32, i38 %acc_V_lcssa, i32 37"   --->   Operation 93 'bitselect' 'p_Result_s' <Predicate = true> <Delay = 0.00>
ST_7 : Operation 94 [1/1] (0.00ns)   --->   "%p_Val2_s = partselect i16 @_ssdm_op_PartSelect.i16.i38.i32.i32, i38 %acc_V_lcssa, i32 8, i32 23"   --->   Operation 94 'partselect' 'p_Val2_s' <Predicate = true> <Delay = 0.00>
ST_7 : Operation 95 [1/1] (0.00ns) (grouped into LUT with out node carry_1)   --->   "%p_Result_1 = bitselect i1 @_ssdm_op_BitSelect.i1.i38.i32, i38 %acc_V_lcssa, i32 23"   --->   Operation 95 'bitselect' 'p_Result_1' <Predicate = true> <Delay = 0.00>
ST_7 : Operation 96 [1/1] (0.00ns)   --->   "%tmp = bitselect i1 @_ssdm_op_BitSelect.i1.i38.i32, i38 %acc_V_lcssa, i32 7"   --->   Operation 96 'bitselect' 'tmp' <Predicate = true> <Delay = 0.00>
ST_7 : Operation 97 [1/1] (0.00ns)   --->   "%zext_ln415 = zext i1 %tmp"   --->   Operation 97 'zext' 'zext_ln415' <Predicate = true> <Delay = 0.00>
ST_7 : Operation 98 [1/1] (2.07ns)   --->   "%p_Val2_1 = add i16 %zext_ln415, i16 %p_Val2_s"   --->   Operation 98 'add' 'p_Val2_1' <Predicate = true> <Delay = 2.07> <CoreInst = "Adder">   --->   Core 1 'Adder' <Latency = 0> <II = 1> <Delay = 2.55> <FuncUnit> <Opcode : 'add' 'sub'> <InPorts = 2> <OutPorts = 1>
ST_7 : Operation 99 [1/1] (0.00ns)   --->   "%p_Result_2 = bitselect i1 @_ssdm_op_BitSelect.i1.i16.i32, i16 %p_Val2_1, i32 15"   --->   Operation 99 'bitselect' 'p_Result_2' <Predicate = true> <Delay = 0.00>
ST_7 : Operation 100 [1/1] (0.00ns) (grouped into LUT with out node carry_1)   --->   "%xor_ln416 = xor i1 %p_Result_2, i1 1"   --->   Operation 100 'xor' 'xor_ln416' <Predicate = true> <Delay = 0.00> <CoreInst = "LogicGate">   --->   Core 74 'LogicGate' <Latency = 0> <II = 1> <Delay = 0.97> <FuncUnit> <Opcode : 'and' 'or' 'xor'> <InPorts = 2> <OutPorts = 1>
ST_7 : Operation 101 [1/1] (0.97ns) (out node of the LUT)   --->   "%carry_1 = and i1 %p_Result_1, i1 %xor_ln416"   --->   Operation 101 'and' 'carry_1' <Predicate = true> <Delay = 0.97> <CoreInst = "LogicGate">   --->   Core 74 'LogicGate' <Latency = 0> <II = 1> <Delay = 0.97> <FuncUnit> <Opcode : 'and' 'or' 'xor'> <InPorts = 2> <OutPorts = 1>
ST_7 : Operation 102 [1/1] (0.00ns)   --->   "%p_Result_7 = partselect i13 @_ssdm_op_PartSelect.i13.i38.i32.i32, i38 %acc_V_lcssa, i32 25, i32 37"   --->   Operation 102 'partselect' 'p_Result_7' <Predicate = true> <Delay = 0.00>
ST_7 : Operation 103 [1/1] (2.09ns)   --->   "%Range2_all_ones = icmp_eq  i13 %p_Result_7, i13 8191"   --->   Operation 103 'icmp' 'Range2_all_ones' <Predicate = true> <Delay = 2.09> <CoreInst = "Cmp">   --->   Core 9 'Cmp' <Latency = 0> <II = 1> <Delay = 2.47> <FuncUnit> <Opcode : 'icmp'> <InPorts = 2> <OutPorts = 1>
ST_7 : Operation 104 [1/1] (0.00ns)   --->   "%p_Result_8 = partselect i14 @_ssdm_op_PartSelect.i14.i38.i32.i32, i38 %acc_V_lcssa, i32 24, i32 37"   --->   Operation 104 'partselect' 'p_Result_8' <Predicate = true> <Delay = 0.00>
ST_7 : Operation 105 [1/1] (2.20ns)   --->   "%Range1_all_ones = icmp_eq  i14 %p_Result_8, i14 16383"   --->   Operation 105 'icmp' 'Range1_all_ones' <Predicate = true> <Delay = 2.20> <CoreInst = "Cmp">   --->   Core 9 'Cmp' <Latency = 0> <II = 1> <Delay = 2.47> <FuncUnit> <Opcode : 'icmp'> <InPorts = 2> <OutPorts = 1>
ST_7 : Operation 106 [1/1] (2.20ns)   --->   "%Range1_all_zeros = icmp_eq  i14 %p_Result_8, i14 0"   --->   Operation 106 'icmp' 'Range1_all_zeros' <Predicate = true> <Delay = 2.20> <CoreInst = "Cmp">   --->   Core 9 'Cmp' <Latency = 0> <II = 1> <Delay = 2.47> <FuncUnit> <Opcode : 'icmp'> <InPorts = 2> <OutPorts = 1>
ST_7 : Operation 107 [1/1] (0.00ns) (grouped into LUT with out node overflow)   --->   "%deleted_zeros = select i1 %carry_1, i1 %Range1_all_ones, i1 %Range1_all_zeros"   --->   Operation 107 'select' 'deleted_zeros' <Predicate = true> <Delay = 0.00> <CoreInst = "Sel">   --->   Core 73 'Sel' <Latency = 0> <II = 1> <Delay = 0.80> <FuncUnit> <Opcode : 'select'> <InPorts = 3> <OutPorts = 1>
ST_7 : Operation 108 [1/1] (0.00ns) (grouped into LUT with out node and_ln795)   --->   "%tmp_10 = bitselect i1 @_ssdm_op_BitSelect.i1.i38.i32, i38 %acc_V_lcssa, i32 24"   --->   Operation 108 'bitselect' 'tmp_10' <Predicate = true> <Delay = 0.00>
ST_7 : Operation 109 [1/1] (0.00ns) (grouped into LUT with out node and_ln795)   --->   "%xor_ln789 = xor i1 %tmp_10, i1 1"   --->   Operation 109 'xor' 'xor_ln789' <Predicate = true> <Delay = 0.00> <CoreInst = "LogicGate">   --->   Core 74 'LogicGate' <Latency = 0> <II = 1> <Delay = 0.97> <FuncUnit> <Opcode : 'and' 'or' 'xor'> <InPorts = 2> <OutPorts = 1>
ST_7 : Operation 110 [1/1] (0.00ns) (grouped into LUT with out node and_ln795)   --->   "%and_ln789 = and i1 %Range2_all_ones, i1 %xor_ln789"   --->   Operation 110 'and' 'and_ln789' <Predicate = true> <Delay = 0.00> <CoreInst = "LogicGate">   --->   Core 74 'LogicGate' <Latency = 0> <II = 1> <Delay = 0.97> <FuncUnit> <Opcode : 'and' 'or' 'xor'> <InPorts = 2> <OutPorts = 1>
ST_7 : Operation 111 [1/1] (0.00ns) (grouped into LUT with out node and_ln795)   --->   "%deleted_ones = select i1 %carry_1, i1 %and_ln789, i1 %Range1_all_ones"   --->   Operation 111 'select' 'deleted_ones' <Predicate = true> <Delay = 0.00> <CoreInst = "Sel">   --->   Core 73 'Sel' <Latency = 0> <II = 1> <Delay = 0.80> <FuncUnit> <Opcode : 'select'> <InPorts = 3> <OutPorts = 1>
ST_7 : Operation 112 [1/1] (0.00ns) (grouped into LUT with out node or_ln384)   --->   "%and_ln790 = and i1 %carry_1, i1 %Range1_all_ones"   --->   Operation 112 'and' 'and_ln790' <Predicate = true> <Delay = 0.00> <CoreInst = "LogicGate">   --->   Core 74 'LogicGate' <Latency = 0> <II = 1> <Delay = 0.97> <FuncUnit> <Opcode : 'and' 'or' 'xor'> <InPorts = 2> <OutPorts = 1>
ST_7 : Operation 113 [1/1] (0.00ns) (grouped into LUT with out node overflow)   --->   "%xor_ln794 = xor i1 %deleted_zeros, i1 1"   --->   Operation 113 'xor' 'xor_ln794' <Predicate = true> <Delay = 0.00> <CoreInst = "LogicGate">   --->   Core 74 'LogicGate' <Latency = 0> <II = 1> <Delay = 0.97> <FuncUnit> <Opcode : 'and' 'or' 'xor'> <InPorts = 2> <OutPorts = 1>
ST_7 : Operation 114 [1/1] (0.00ns) (grouped into LUT with out node overflow)   --->   "%or_ln794 = or i1 %p_Result_2, i1 %xor_ln794"   --->   Operation 114 'or' 'or_ln794' <Predicate = true> <Delay = 0.00> <CoreInst = "LogicGate">   --->   Core 74 'LogicGate' <Latency = 0> <II = 1> <Delay = 0.97> <FuncUnit> <Opcode : 'and' 'or' 'xor'> <InPorts = 2> <OutPorts = 1>
ST_7 : Operation 115 [1/1] (0.00ns) (grouped into LUT with out node overflow)   --->   "%xor_ln794_1 = xor i1 %p_Result_s, i1 1"   --->   Operation 115 'xor' 'xor_ln794_1' <Predicate = true> <Delay = 0.00> <CoreInst = "LogicGate">   --->   Core 74 'LogicGate' <Latency = 0> <II = 1> <Delay = 0.97> <FuncUnit> <Opcode : 'and' 'or' 'xor'> <InPorts = 2> <OutPorts = 1>
ST_7 : Operation 116 [1/1] (0.99ns) (out node of the LUT)   --->   "%overflow = and i1 %or_ln794, i1 %xor_ln794_1"   --->   Operation 116 'and' 'overflow' <Predicate = true> <Delay = 0.99> <CoreInst = "LogicGate">   --->   Core 74 'LogicGate' <Latency = 0> <II = 1> <Delay = 0.97> <FuncUnit> <Opcode : 'and' 'or' 'xor'> <InPorts = 2> <OutPorts = 1>
ST_7 : Operation 117 [1/1] (0.99ns) (out node of the LUT)   --->   "%and_ln795 = and i1 %p_Result_2, i1 %deleted_ones"   --->   Operation 117 'and' 'and_ln795' <Predicate = true> <Delay = 0.99> <CoreInst = "LogicGate">   --->   Core 74 'LogicGate' <Latency = 0> <II = 1> <Delay = 0.97> <FuncUnit> <Opcode : 'and' 'or' 'xor'> <InPorts = 2> <OutPorts = 1>
ST_7 : Operation 118 [1/1] (0.00ns) (grouped into LUT with out node or_ln384)   --->   "%or_ln795 = or i1 %and_ln790, i1 %and_ln795"   --->   Operation 118 'or' 'or_ln795' <Predicate = true> <Delay = 0.00> <CoreInst = "LogicGate">   --->   Core 74 'LogicGate' <Latency = 0> <II = 1> <Delay = 0.97> <FuncUnit> <Opcode : 'and' 'or' 'xor'> <InPorts = 2> <OutPorts = 1>
ST_7 : Operation 119 [1/1] (0.00ns) (grouped into LUT with out node or_ln384)   --->   "%xor_ln795 = xor i1 %or_ln795, i1 1"   --->   Operation 119 'xor' 'xor_ln795' <Predicate = true> <Delay = 0.00> <CoreInst = "LogicGate">   --->   Core 74 'LogicGate' <Latency = 0> <II = 1> <Delay = 0.97> <FuncUnit> <Opcode : 'and' 'or' 'xor'> <InPorts = 2> <OutPorts = 1>
ST_7 : Operation 120 [1/1] (0.00ns) (grouped into LUT with out node or_ln384)   --->   "%underflow = and i1 %p_Result_s, i1 %xor_ln795"   --->   Operation 120 'and' 'underflow' <Predicate = true> <Delay = 0.00> <CoreInst = "LogicGate">   --->   Core 74 'LogicGate' <Latency = 0> <II = 1> <Delay = 0.97> <FuncUnit> <Opcode : 'and' 'or' 'xor'> <InPorts = 2> <OutPorts = 1>
ST_7 : Operation 121 [1/1] (0.97ns) (out node of the LUT)   --->   "%or_ln384 = or i1 %overflow, i1 %underflow"   --->   Operation 121 'or' 'or_ln384' <Predicate = true> <Delay = 0.97> <CoreInst = "LogicGate">   --->   Core 74 'LogicGate' <Latency = 0> <II = 1> <Delay = 0.97> <FuncUnit> <Opcode : 'and' 'or' 'xor'> <InPorts = 2> <OutPorts = 1>

State 8 <SV = 7> <Delay = 0.80>
ST_8 : Operation 122 [1/1] (0.00ns) (grouped into LUT with out node val_V)   --->   "%select_ln384 = select i1 %overflow, i16 32767, i16 32768"   --->   Operation 122 'select' 'select_ln384' <Predicate = (or_ln384)> <Delay = 0.00> <CoreInst = "Sel">   --->   Core 73 'Sel' <Latency = 0> <II = 1> <Delay = 0.80> <FuncUnit> <Opcode : 'select'> <InPorts = 3> <OutPorts = 1>
ST_8 : Operation 123 [1/1] (0.80ns) (out node of the LUT)   --->   "%val_V = select i1 %or_ln384, i16 %select_ln384, i16 %p_Val2_1"   --->   Operation 123 'select' 'val_V' <Predicate = true> <Delay = 0.80> <CoreInst = "Sel">   --->   Core 73 'Sel' <Latency = 0> <II = 1> <Delay = 0.80> <FuncUnit> <Opcode : 'select'> <InPorts = 3> <OutPorts = 1>
ST_8 : Operation 124 [1/1] (0.00ns)   --->   "%zext_ln414 = zext i16 %val_V"   --->   Operation 124 'zext' 'zext_ln414' <Predicate = true> <Delay = 0.00>
ST_8 : Operation 125 [2/2] (0.00ns)   --->   "%write_ln304 = write void @_ssdm_op_Write.axis.volatile.i32P0A.i4P0A.i4P0A.i1P0A.i1P0A.i1P0A.i1P0A, i32 %out_stream_V_data_V, i4 %out_stream_V_keep_V, i4 %out_stream_V_strb_V, i1 %out_stream_V_user_V, i1 %out_stream_V_last_V, i1 %out_stream_V_id_V, i1 %out_stream_V_dest_V, i32 %zext_ln414, i4 15, i4 15, i1 0, i1 %out_pkt_last_V, i1 0, i1 0"   --->   Operation 125 'write' 'write_ln304' <Predicate = true> <Delay = 0.00> <CoreInst = "axis">   --->   Core 115 'axis' <Latency = 0> <II = 1> <Delay = 1.00> <Adapter> <Opcode : >

State 9 <SV = 8> <Delay = 0.00>
ST_9 : Operation 126 [1/1] (0.00ns)   --->   "%speclooptripcount_ln44 = speclooptripcount void @_ssdm_op_SpecLoopTripCount, i64 64, i64 64, i64 64" [../matVecMul.cpp:44]   --->   Operation 126 'speclooptripcount' 'speclooptripcount_ln44' <Predicate = true> <Delay = 0.00>
ST_9 : Operation 127 [1/1] (0.00ns)   --->   "%specloopname_ln44 = specloopname void @_ssdm_op_SpecLoopName, void @empty_16" [../matVecMul.cpp:44]   --->   Operation 127 'specloopname' 'specloopname_ln44' <Predicate = true> <Delay = 0.00>
ST_9 : Operation 128 [1/2] (0.00ns)   --->   "%write_ln304 = write void @_ssdm_op_Write.axis.volatile.i32P0A.i4P0A.i4P0A.i1P0A.i1P0A.i1P0A.i1P0A, i32 %out_stream_V_data_V, i4 %out_stream_V_keep_V, i4 %out_stream_V_strb_V, i1 %out_stream_V_user_V, i1 %out_stream_V_last_V, i1 %out_stream_V_id_V, i1 %out_stream_V_dest_V, i32 %zext_ln414, i4 15, i4 15, i1 0, i1 %out_pkt_last_V, i1 0, i1 0"   --->   Operation 128 'write' 'write_ln304' <Predicate = true> <Delay = 0.00> <CoreInst = "axis">   --->   Core 115 'axis' <Latency = 0> <II = 1> <Delay = 1.00> <Adapter> <Opcode : >
ST_9 : Operation 129 [1/1] (0.00ns)   --->   "%br_ln0 = br void %._crit_edge.loopexit"   --->   Operation 129 'br' 'br_ln0' <Predicate = true> <Delay = 0.00>


============================================================
+ Verbose Summary: Binding
============================================================
STG Binding: 
---------------- STG Properties BEGIN ----------------
- Is combinational: 0
- Is one-state seq: 0
- Is datapath-only: 0
- Is pipelined: 0
- Is top level: 1
Port [ Return ] is wired: 1; IO mode=ap_ctrl_hs:ce=0
Port [ A_0]:  wired=1; compound=1; hidden=0; nouse=0; global=0; static=0; extern=0; dir=0; type=1; pingpong=0; private_global=0; MemPort=[1]; IO mode=ap_memory:ce=0
Port [ A_1]:  wired=1; compound=1; hidden=0; nouse=0; global=0; static=0; extern=0; dir=0; type=1; pingpong=0; private_global=0; MemPort=[1]; IO mode=ap_memory:ce=0
Port [ A_2]:  wired=1; compound=1; hidden=0; nouse=0; global=0; static=0; extern=0; dir=0; type=1; pingpong=0; private_global=0; MemPort=[1]; IO mode=ap_memory:ce=0
Port [ A_3]:  wired=1; compound=1; hidden=0; nouse=0; global=0; static=0; extern=0; dir=0; type=1; pingpong=0; private_global=0; MemPort=[1]; IO mode=ap_memory:ce=0
Port [ in_stream_V_data_V]:  wired=1; compound=1; hidden=0; nouse=0; global=0; static=0; extern=0; dir=0; type=0; pingpong=0; private_global=0; IO mode=axis:ce=0
Port [ in_stream_V_keep_V]:  wired=1; compound=1; hidden=0; nouse=0; global=0; static=0; extern=0; dir=0; type=0; pingpong=0; private_global=0; IO mode=axis:ce=0
Port [ in_stream_V_strb_V]:  wired=1; compound=1; hidden=0; nouse=0; global=0; static=0; extern=0; dir=0; type=0; pingpong=0; private_global=0; IO mode=axis:ce=0
Port [ in_stream_V_user_V]:  wired=1; compound=1; hidden=0; nouse=0; global=0; static=0; extern=0; dir=0; type=0; pingpong=0; private_global=0; IO mode=axis:ce=0
Port [ in_stream_V_last_V]:  wired=1; compound=1; hidden=0; nouse=0; global=0; static=0; extern=0; dir=0; type=0; pingpong=0; private_global=0; IO mode=axis:ce=0
Port [ in_stream_V_id_V]:  wired=1; compound=1; hidden=0; nouse=0; global=0; static=0; extern=0; dir=0; type=0; pingpong=0; private_global=0; IO mode=axis:ce=0
Port [ in_stream_V_dest_V]:  wired=1; compound=1; hidden=0; nouse=0; global=0; static=0; extern=0; dir=0; type=0; pingpong=0; private_global=0; IO mode=axis:ce=0
Port [ out_stream_V_data_V]:  wired=1; compound=1; hidden=0; nouse=0; global=0; static=0; extern=0; dir=1; type=0; pingpong=0; private_global=0; IO mode=axis:ce=0
Port [ out_stream_V_keep_V]:  wired=1; compound=1; hidden=0; nouse=0; global=0; static=0; extern=0; dir=1; type=0; pingpong=0; private_global=0; IO mode=axis:ce=0
Port [ out_stream_V_strb_V]:  wired=1; compound=1; hidden=0; nouse=0; global=0; static=0; extern=0; dir=1; type=0; pingpong=0; private_global=0; IO mode=axis:ce=0
Port [ out_stream_V_user_V]:  wired=1; compound=1; hidden=0; nouse=0; global=0; static=0; extern=0; dir=1; type=0; pingpong=0; private_global=0; IO mode=axis:ce=0
Port [ out_stream_V_last_V]:  wired=1; compound=1; hidden=0; nouse=0; global=0; static=0; extern=0; dir=1; type=0; pingpong=0; private_global=0; IO mode=axis:ce=0
Port [ out_stream_V_id_V]:  wired=1; compound=1; hidden=0; nouse=0; global=0; static=0; extern=0; dir=1; type=0; pingpong=0; private_global=0; IO mode=axis:ce=0
Port [ out_stream_V_dest_V]:  wired=1; compound=1; hidden=0; nouse=0; global=0; static=0; extern=0; dir=1; type=0; pingpong=0; private_global=0; IO mode=axis:ce=0
Port [ no_of_vectors]:  wired=1; compound=0; hidden=0; nouse=0; global=0; static=0; extern=0; dir=0; type=0; pingpong=0; private_global=0; IO mode=ap_none:ce=0
Port [ row_size]:  wired=1; compound=0; hidden=0; nouse=0; global=0; static=0; extern=0; dir=0; type=0; pingpong=0; private_global=0; IO mode=ap_none:ce=0
Port [ col_size]:  wired=1; compound=0; hidden=0; nouse=0; global=0; static=0; extern=0; dir=0; type=0; pingpong=0; private_global=0; IO mode=ap_none:ce=0
Port [ x_localbuff_V_0]:  wired=0; compound=1; hidden=1; nouse=0; global=1; static=1; extern=0; dir=2; type=1; pingpong=0; private_global=1; MemPort=[23]; IO mode=ap_memory:ce=0
Port [ x_localbuff_V_1]:  wired=0; compound=1; hidden=1; nouse=0; global=1; static=1; extern=0; dir=2; type=1; pingpong=0; private_global=1; MemPort=[23]; IO mode=ap_memory:ce=0
Port [ x_localbuff_V_2]:  wired=0; compound=1; hidden=1; nouse=0; global=1; static=1; extern=0; dir=2; type=1; pingpong=0; private_global=1; MemPort=[23]; IO mode=ap_memory:ce=0
Port [ x_localbuff_V_3]:  wired=0; compound=1; hidden=1; nouse=0; global=1; static=1; extern=0; dir=2; type=1; pingpong=0; private_global=1; MemPort=[23]; IO mode=ap_memory:ce=0
---------------- STG Properties END ------------------

---------------- Datapath Model BEGIN ----------------

<LifeTime>
<method=bitvector/>
i                       (alloca           ) [ 0111111111]
col_size_read           (read             ) [ 0011111111]
row_size_read           (read             ) [ 0011111111]
no_of_vectors_read      (read             ) [ 0011111111]
select_ln340_loc        (alloca           ) [ 0011111111]
select_ln340_1_loc      (alloca           ) [ 0011111111]
select_ln340_2_loc      (alloca           ) [ 0011111111]
acc_V_0_loc             (alloca           ) [ 0011111111]
spectopmodule_ln0       (spectopmodule    ) [ 0000000000]
specinterface_ln0       (specinterface    ) [ 0000000000]
specinterface_ln0       (specinterface    ) [ 0000000000]
specmemcore_ln0         (specmemcore      ) [ 0000000000]
specbitsmap_ln0         (specbitsmap      ) [ 0000000000]
specinterface_ln0       (specinterface    ) [ 0000000000]
specinterface_ln0       (specinterface    ) [ 0000000000]
specmemcore_ln0         (specmemcore      ) [ 0000000000]
specbitsmap_ln0         (specbitsmap      ) [ 0000000000]
specinterface_ln0       (specinterface    ) [ 0000000000]
specinterface_ln0       (specinterface    ) [ 0000000000]
specmemcore_ln0         (specmemcore      ) [ 0000000000]
specbitsmap_ln0         (specbitsmap      ) [ 0000000000]
specinterface_ln0       (specinterface    ) [ 0000000000]
specinterface_ln0       (specinterface    ) [ 0000000000]
specmemcore_ln0         (specmemcore      ) [ 0000000000]
specbitsmap_ln0         (specbitsmap      ) [ 0000000000]
specinterface_ln0       (specinterface    ) [ 0000000000]
specbitsmap_ln0         (specbitsmap      ) [ 0000000000]
specbitsmap_ln0         (specbitsmap      ) [ 0000000000]
specbitsmap_ln0         (specbitsmap      ) [ 0000000000]
specbitsmap_ln0         (specbitsmap      ) [ 0000000000]
specbitsmap_ln0         (specbitsmap      ) [ 0000000000]
specbitsmap_ln0         (specbitsmap      ) [ 0000000000]
specbitsmap_ln0         (specbitsmap      ) [ 0000000000]
specinterface_ln0       (specinterface    ) [ 0000000000]
specbitsmap_ln0         (specbitsmap      ) [ 0000000000]
specbitsmap_ln0         (specbitsmap      ) [ 0000000000]
specbitsmap_ln0         (specbitsmap      ) [ 0000000000]
specbitsmap_ln0         (specbitsmap      ) [ 0000000000]
specbitsmap_ln0         (specbitsmap      ) [ 0000000000]
specbitsmap_ln0         (specbitsmap      ) [ 0000000000]
specbitsmap_ln0         (specbitsmap      ) [ 0000000000]
specbitsmap_ln0         (specbitsmap      ) [ 0000000000]
specinterface_ln0       (specinterface    ) [ 0000000000]
specinterface_ln0       (specinterface    ) [ 0000000000]
specbitsmap_ln0         (specbitsmap      ) [ 0000000000]
specinterface_ln0       (specinterface    ) [ 0000000000]
specinterface_ln0       (specinterface    ) [ 0000000000]
specbitsmap_ln0         (specbitsmap      ) [ 0000000000]
specinterface_ln0       (specinterface    ) [ 0000000000]
specinterface_ln0       (specinterface    ) [ 0000000000]
specinterface_ln0       (specinterface    ) [ 0000000000]
sub                     (add              ) [ 0011111111]
store_ln32              (store            ) [ 0000000000]
br_ln32                 (br               ) [ 0000000000]
i_load                  (load             ) [ 0000000000]
zext_ln32               (zext             ) [ 0000000000]
icmp_ln32               (icmp             ) [ 0011111111]
add_ln32                (add              ) [ 0001111111]
br_ln32                 (br               ) [ 0000000000]
empty                   (wait             ) [ 0000000000]
ret_ln74                (ret              ) [ 0000000000]
call_ln0                (call             ) [ 0000000000]
speclooptripcount_ln25  (speclooptripcount) [ 0000000000]
specloopname_ln25       (specloopname     ) [ 0000000000]
empty_29                (wait             ) [ 0000000000]
br_ln44                 (br               ) [ 0011111111]
k                       (phi              ) [ 0000010000]
icmp_ln44               (icmp             ) [ 0011111111]
add_ln44                (add              ) [ 0011111111]
br_ln44                 (br               ) [ 0000000000]
trunc_ln1169            (trunc            ) [ 0000000000]
shl_ln                  (bitconcatenate   ) [ 0000001000]
out_pkt_last_V          (icmp             ) [ 0000001111]
store_ln32              (store            ) [ 0000000000]
br_ln0                  (br               ) [ 0000000000]
targetBlock             (call             ) [ 0000000100]
acc_V_0_loc_load        (load             ) [ 0000000000]
select_ln340_2_loc_load (load             ) [ 0000000000]
select_ln340_1_loc_load (load             ) [ 0000000000]
select_ln340_loc_load   (load             ) [ 0000000000]
acc_V_lcssa             (mux              ) [ 0000000000]
p_Result_s              (bitselect        ) [ 0000000000]
p_Val2_s                (partselect       ) [ 0000000000]
p_Result_1              (bitselect        ) [ 0000000000]
tmp                     (bitselect        ) [ 0000000000]
zext_ln415              (zext             ) [ 0000000000]
p_Val2_1                (add              ) [ 0000000010]
p_Result_2              (bitselect        ) [ 0000000000]
xor_ln416               (xor              ) [ 0000000000]
carry_1                 (and              ) [ 0000000000]
p_Result_7              (partselect       ) [ 0000000000]
Range2_all_ones         (icmp             ) [ 0000000000]
p_Result_8              (partselect       ) [ 0000000000]
Range1_all_ones         (icmp             ) [ 0000000000]
Range1_all_zeros        (icmp             ) [ 0000000000]
deleted_zeros           (select           ) [ 0000000000]
tmp_10                  (bitselect        ) [ 0000000000]
xor_ln789               (xor              ) [ 0000000000]
and_ln789               (and              ) [ 0000000000]
deleted_ones            (select           ) [ 0000000000]
and_ln790               (and              ) [ 0000000000]
xor_ln794               (xor              ) [ 0000000000]
or_ln794                (or               ) [ 0000000000]
xor_ln794_1             (xor              ) [ 0000000000]
overflow                (and              ) [ 0000000010]
and_ln795               (and              ) [ 0000000000]
or_ln795                (or               ) [ 0000000000]
xor_ln795               (xor              ) [ 0000000000]
underflow               (and              ) [ 0000000000]
or_ln384                (or               ) [ 0000000010]
select_ln384            (select           ) [ 0000000000]
val_V                   (select           ) [ 0000000000]
zext_ln414              (zext             ) [ 0000000001]
speclooptripcount_ln44  (speclooptripcount) [ 0000000000]
specloopname_ln44       (specloopname     ) [ 0000000000]
write_ln304             (write            ) [ 0000000000]
br_ln0                  (br               ) [ 0011111111]
</LifeTime>

<model>

<comp_list>
<comp id="0" class="1000" name="A_0">
<pin_list>
<pin id="1" dir="1" index="0" bw="1" slack="0"/>
</pin_list>
<bind>
<StgValue><ssdm name="A_0"/><MemPortTyVec>1 </MemPortTyVec>
</StgValue>
</bind>
</comp>

<comp id="2" class="1000" name="A_1">
<pin_list>
<pin id="3" dir="1" index="0" bw="1" slack="0"/>
</pin_list>
<bind>
<StgValue><ssdm name="A_1"/><MemPortTyVec>1 </MemPortTyVec>
</StgValue>
</bind>
</comp>

<comp id="4" class="1000" name="A_2">
<pin_list>
<pin id="5" dir="1" index="0" bw="1" slack="0"/>
</pin_list>
<bind>
<StgValue><ssdm name="A_2"/><MemPortTyVec>1 </MemPortTyVec>
</StgValue>
</bind>
</comp>

<comp id="6" class="1000" name="A_3">
<pin_list>
<pin id="7" dir="1" index="0" bw="1" slack="0"/>
</pin_list>
<bind>
<StgValue><ssdm name="A_3"/><MemPortTyVec>1 </MemPortTyVec>
</StgValue>
</bind>
</comp>

<comp id="8" class="1000" name="in_stream_V_data_V">
<pin_list>
<pin id="9" dir="1" index="0" bw="1" slack="0"/>
</pin_list>
<bind>
<StgValue><ssdm name="in_stream_V_data_V"/></StgValue>
</bind>
</comp>

<comp id="10" class="1000" name="in_stream_V_keep_V">
<pin_list>
<pin id="11" dir="1" index="0" bw="1" slack="0"/>
</pin_list>
<bind>
<StgValue><ssdm name="in_stream_V_keep_V"/></StgValue>
</bind>
</comp>

<comp id="12" class="1000" name="in_stream_V_strb_V">
<pin_list>
<pin id="13" dir="1" index="0" bw="1" slack="0"/>
</pin_list>
<bind>
<StgValue><ssdm name="in_stream_V_strb_V"/></StgValue>
</bind>
</comp>

<comp id="14" class="1000" name="in_stream_V_user_V">
<pin_list>
<pin id="15" dir="1" index="0" bw="1" slack="0"/>
</pin_list>
<bind>
<StgValue><ssdm name="in_stream_V_user_V"/></StgValue>
</bind>
</comp>

<comp id="16" class="1000" name="in_stream_V_last_V">
<pin_list>
<pin id="17" dir="1" index="0" bw="1" slack="0"/>
</pin_list>
<bind>
<StgValue><ssdm name="in_stream_V_last_V"/></StgValue>
</bind>
</comp>

<comp id="18" class="1000" name="in_stream_V_id_V">
<pin_list>
<pin id="19" dir="1" index="0" bw="1" slack="0"/>
</pin_list>
<bind>
<StgValue><ssdm name="in_stream_V_id_V"/></StgValue>
</bind>
</comp>

<comp id="20" class="1000" name="in_stream_V_dest_V">
<pin_list>
<pin id="21" dir="1" index="0" bw="1" slack="0"/>
</pin_list>
<bind>
<StgValue><ssdm name="in_stream_V_dest_V"/></StgValue>
</bind>
</comp>

<comp id="22" class="1000" name="out_stream_V_data_V">
<pin_list>
<pin id="23" dir="1" index="0" bw="1" slack="0"/>
</pin_list>
<bind>
<StgValue><ssdm name="out_stream_V_data_V"/></StgValue>
</bind>
</comp>

<comp id="24" class="1000" name="out_stream_V_keep_V">
<pin_list>
<pin id="25" dir="1" index="0" bw="1" slack="0"/>
</pin_list>
<bind>
<StgValue><ssdm name="out_stream_V_keep_V"/></StgValue>
</bind>
</comp>

<comp id="26" class="1000" name="out_stream_V_strb_V">
<pin_list>
<pin id="27" dir="1" index="0" bw="1" slack="0"/>
</pin_list>
<bind>
<StgValue><ssdm name="out_stream_V_strb_V"/></StgValue>
</bind>
</comp>

<comp id="28" class="1000" name="out_stream_V_user_V">
<pin_list>
<pin id="29" dir="1" index="0" bw="1" slack="0"/>
</pin_list>
<bind>
<StgValue><ssdm name="out_stream_V_user_V"/></StgValue>
</bind>
</comp>

<comp id="30" class="1000" name="out_stream_V_last_V">
<pin_list>
<pin id="31" dir="1" index="0" bw="1" slack="0"/>
</pin_list>
<bind>
<StgValue><ssdm name="out_stream_V_last_V"/></StgValue>
</bind>
</comp>

<comp id="32" class="1000" name="out_stream_V_id_V">
<pin_list>
<pin id="33" dir="1" index="0" bw="1" slack="0"/>
</pin_list>
<bind>
<StgValue><ssdm name="out_stream_V_id_V"/></StgValue>
</bind>
</comp>

<comp id="34" class="1000" name="out_stream_V_dest_V">
<pin_list>
<pin id="35" dir="1" index="0" bw="1" slack="0"/>
</pin_list>
<bind>
<StgValue><ssdm name="out_stream_V_dest_V"/></StgValue>
</bind>
</comp>

<comp id="36" class="1000" name="no_of_vectors">
<pin_list>
<pin id="37" dir="1" index="0" bw="1" slack="0"/>
</pin_list>
<bind>
<StgValue><ssdm name="no_of_vectors"/></StgValue>
</bind>
</comp>

<comp id="38" class="1000" name="row_size">
<pin_list>
<pin id="39" dir="1" index="0" bw="1" slack="0"/>
</pin_list>
<bind>
<StgValue><ssdm name="row_size"/></StgValue>
</bind>
</comp>

<comp id="40" class="1000" name="col_size">
<pin_list>
<pin id="41" dir="1" index="0" bw="1" slack="0"/>
</pin_list>
<bind>
<StgValue><ssdm name="col_size"/></StgValue>
</bind>
</comp>

<comp id="42" class="1000" name="x_localbuff_V_0">
<pin_list>
<pin id="43" dir="1" index="0" bw="1" slack="0"/>
</pin_list>
<bind>
<StgValue><ssdm name="x_localbuff_V_0"/><MemPortTyVec>2 3 </MemPortTyVec>
</StgValue>
</bind>
</comp>

<comp id="44" class="1000" name="x_localbuff_V_1">
<pin_list>
<pin id="45" dir="1" index="0" bw="1" slack="0"/>
</pin_list>
<bind>
<StgValue><ssdm name="x_localbuff_V_1"/><MemPortTyVec>2 3 </MemPortTyVec>
</StgValue>
</bind>
</comp>

<comp id="46" class="1000" name="x_localbuff_V_2">
<pin_list>
<pin id="47" dir="1" index="0" bw="1" slack="0"/>
</pin_list>
<bind>
<StgValue><ssdm name="x_localbuff_V_2"/><MemPortTyVec>2 3 </MemPortTyVec>
</StgValue>
</bind>
</comp>

<comp id="48" class="1000" name="x_localbuff_V_3">
<pin_list>
<pin id="49" dir="1" index="0" bw="1" slack="0"/>
</pin_list>
<bind>
<StgValue><ssdm name="x_localbuff_V_3"/><MemPortTyVec>2 3 </MemPortTyVec>
</StgValue>
</bind>
</comp>

<comp id="50" class="1001" name="const_50">
<pin_list>
<pin id="51" dir="1" index="0" bw="1" slack="0"/>
</pin_list>
<bind>
<StgValue><ssdm name=""/></StgValue>
</bind>
</comp>

<comp id="52" class="1001" name="const_52">
<pin_list>
<pin id="53" dir="1" index="0" bw="1" slack="0"/>
</pin_list>
<bind>
<StgValue><ssdm name="_ssdm_op_Read.s_axilite.i32"/></StgValue>
</bind>
</comp>

<comp id="54" class="1001" name="const_54">
<pin_list>
<pin id="55" dir="1" index="0" bw="1" slack="0"/>
</pin_list>
<bind>
<StgValue><ssdm name=""/></StgValue>
</bind>
</comp>

<comp id="56" class="1001" name="const_56">
<pin_list>
<pin id="57" dir="1" index="0" bw="1" slack="2147483647"/>
</pin_list>
<bind>
<StgValue><ssdm name="_ssdm_op_SpecTopModule"/></StgValue>
</bind>
</comp>

<comp id="58" class="1001" name="const_58">
<pin_list>
<pin id="59" dir="1" index="0" bw="1" slack="2147483647"/>
</pin_list>
<bind>
<StgValue><ssdm name="empty_13"/></StgValue>
</bind>
</comp>

<comp id="60" class="1001" name="const_60">
<pin_list>
<pin id="61" dir="1" index="0" bw="1" slack="2147483647"/>
</pin_list>
<bind>
<StgValue><ssdm name="_ssdm_op_SpecInterface"/></StgValue>
</bind>
</comp>

<comp id="62" class="1001" name="const_62">
<pin_list>
<pin id="63" dir="1" index="0" bw="1" slack="2147483647"/>
</pin_list>
<bind>
<StgValue><ssdm name="empty_1"/></StgValue>
</bind>
</comp>

<comp id="64" class="1001" name="const_64">
<pin_list>
<pin id="65" dir="1" index="0" bw="1" slack="1"/>
</pin_list>
<bind>
<StgValue><ssdm name=""/></StgValue>
</bind>
</comp>

<comp id="66" class="1001" name="const_66">
<pin_list>
<pin id="67" dir="1" index="0" bw="1" slack="2147483647"/>
</pin_list>
<bind>
<StgValue><ssdm name="empty_0"/></StgValue>
</bind>
</comp>

<comp id="68" class="1001" name="const_68">
<pin_list>
<pin id="69" dir="1" index="0" bw="1" slack="2147483647"/>
</pin_list>
<bind>
<StgValue><ssdm name="empty_2"/></StgValue>
</bind>
</comp>

<comp id="70" class="1001" name="const_70">
<pin_list>
<pin id="71" dir="1" index="0" bw="1" slack="2147483647"/>
</pin_list>
<bind>
<StgValue><ssdm name="empty_3"/></StgValue>
</bind>
</comp>

<comp id="72" class="1001" name="const_72">
<pin_list>
<pin id="73" dir="1" index="0" bw="1" slack="2147483647"/>
</pin_list>
<bind>
<StgValue><ssdm name="empty_4"/></StgValue>
</bind>
</comp>

<comp id="74" class="1001" name="const_74">
<pin_list>
<pin id="75" dir="1" index="0" bw="1" slack="2147483647"/>
</pin_list>
<bind>
<StgValue><ssdm name="_ssdm_op_SpecMemCore"/></StgValue>
</bind>
</comp>

<comp id="76" class="1001" name="const_76">
<pin_list>
<pin id="77" dir="1" index="0" bw="1" slack="2147483647"/>
</pin_list>
<bind>
<StgValue><ssdm name=""/></StgValue>
</bind>
</comp>

<comp id="78" class="1001" name="const_78">
<pin_list>
<pin id="79" dir="1" index="0" bw="1" slack="2147483647"/>
</pin_list>
<bind>
<StgValue><ssdm name=""/></StgValue>
</bind>
</comp>

<comp id="80" class="1001" name="const_80">
<pin_list>
<pin id="81" dir="1" index="0" bw="1" slack="2147483647"/>
</pin_list>
<bind>
<StgValue><ssdm name="_ssdm_op_SpecBitsMap"/></StgValue>
</bind>
</comp>

<comp id="82" class="1001" name="const_82">
<pin_list>
<pin id="83" dir="1" index="0" bw="1" slack="2147483647"/>
</pin_list>
<bind>
<StgValue><ssdm name="empty_11"/></StgValue>
</bind>
</comp>

<comp id="84" class="1001" name="const_84">
<pin_list>
<pin id="85" dir="1" index="0" bw="1" slack="2147483647"/>
</pin_list>
<bind>
<StgValue><ssdm name="empty_5"/></StgValue>
</bind>
</comp>

<comp id="86" class="1001" name="const_86">
<pin_list>
<pin id="87" dir="1" index="0" bw="1" slack="2147483647"/>
</pin_list>
<bind>
<StgValue><ssdm name="empty_10"/></StgValue>
</bind>
</comp>

<comp id="88" class="1001" name="const_88">
<pin_list>
<pin id="89" dir="1" index="0" bw="1" slack="2147483647"/>
</pin_list>
<bind>
<StgValue><ssdm name="empty"/></StgValue>
</bind>
</comp>

<comp id="90" class="1001" name="const_90">
<pin_list>
<pin id="91" dir="1" index="0" bw="1" slack="2147483647"/>
</pin_list>
<bind>
<StgValue><ssdm name="empty_6"/></StgValue>
</bind>
</comp>

<comp id="92" class="1001" name="const_92">
<pin_list>
<pin id="93" dir="1" index="0" bw="1" slack="2147483647"/>
</pin_list>
<bind>
<StgValue><ssdm name="empty_7"/></StgValue>
</bind>
</comp>

<comp id="94" class="1001" name="const_94">
<pin_list>
<pin id="95" dir="1" index="0" bw="1" slack="2147483647"/>
</pin_list>
<bind>
<StgValue><ssdm name="empty_8"/></StgValue>
</bind>
</comp>

<comp id="96" class="1001" name="const_96">
<pin_list>
<pin id="97" dir="1" index="0" bw="1" slack="2147483647"/>
</pin_list>
<bind>
<StgValue><ssdm name="empty_9"/></StgValue>
</bind>
</comp>

<comp id="98" class="1001" name="const_98">
<pin_list>
<pin id="99" dir="1" index="0" bw="1" slack="2147483647"/>
</pin_list>
<bind>
<StgValue><ssdm name="empty_12"/></StgValue>
</bind>
</comp>

<comp id="100" class="1001" name="const_100">
<pin_list>
<pin id="101" dir="1" index="0" bw="1" slack="0"/>
</pin_list>
<bind>
<StgValue><ssdm name=""/></StgValue>
</bind>
</comp>

<comp id="102" class="1001" name="const_102">
<pin_list>
<pin id="103" dir="1" index="0" bw="1" slack="0"/>
</pin_list>
<bind>
<StgValue><ssdm name=""/></StgValue>
</bind>
</comp>

<comp id="104" class="1001" name="const_104">
<pin_list>
<pin id="105" dir="1" index="0" bw="1" slack="0"/>
</pin_list>
<bind>
<StgValue><ssdm name=""/></StgValue>
</bind>
</comp>

<comp id="106" class="1001" name="const_106">
<pin_list>
<pin id="107" dir="1" index="0" bw="1" slack="2147483647"/>
</pin_list>
<bind>
<StgValue><ssdm name="_ssdm_op_Wait"/></StgValue>
</bind>
</comp>

<comp id="108" class="1001" name="const_108">
<pin_list>
<pin id="109" dir="1" index="0" bw="1" slack="0"/>
</pin_list>
<bind>
<StgValue><ssdm name="matVecMul_Pipeline_sample_loop"/></StgValue>
</bind>
</comp>

<comp id="110" class="1001" name="const_110">
<pin_list>
<pin id="111" dir="1" index="0" bw="1" slack="2147483647"/>
</pin_list>
<bind>
<StgValue><ssdm name="_ssdm_op_SpecLoopTripCount"/></StgValue>
</bind>
</comp>

<comp id="112" class="1001" name="const_112">
<pin_list>
<pin id="113" dir="1" index="0" bw="1" slack="2147483647"/>
</pin_list>
<bind>
<StgValue><ssdm name=""/></StgValue>
</bind>
</comp>

<comp id="114" class="1001" name="const_114">
<pin_list>
<pin id="115" dir="1" index="0" bw="1" slack="2147483647"/>
</pin_list>
<bind>
<StgValue><ssdm name="_ssdm_op_SpecLoopName"/></StgValue>
</bind>
</comp>

<comp id="116" class="1001" name="const_116">
<pin_list>
<pin id="117" dir="1" index="0" bw="1" slack="2147483647"/>
</pin_list>
<bind>
<StgValue><ssdm name="empty_17"/></StgValue>
</bind>
</comp>

<comp id="118" class="1001" name="const_118">
<pin_list>
<pin id="119" dir="1" index="0" bw="1" slack="0"/>
</pin_list>
<bind>
<StgValue><ssdm name="_ssdm_op_BitConcatenate.i11.i6.i5"/></StgValue>
</bind>
</comp>

<comp id="120" class="1001" name="const_120">
<pin_list>
<pin id="121" dir="1" index="0" bw="1" slack="0"/>
</pin_list>
<bind>
<StgValue><ssdm name=""/></StgValue>
</bind>
</comp>

<comp id="122" class="1001" name="const_122">
<pin_list>
<pin id="123" dir="1" index="0" bw="1" slack="0"/>
</pin_list>
<bind>
<StgValue><ssdm name="matVecMul_Pipeline_matmul_inner_loop"/></StgValue>
</bind>
</comp>

<comp id="124" class="1001" name="const_124">
<pin_list>
<pin id="125" dir="1" index="0" bw="1" slack="0"/>
</pin_list>
<bind>
<StgValue><ssdm name="_ssdm_op_Mux.ap_auto.4i38.i2"/></StgValue>
</bind>
</comp>

<comp id="126" class="1001" name="const_126">
<pin_list>
<pin id="127" dir="1" index="0" bw="1" slack="0"/>
</pin_list>
<bind>
<StgValue><ssdm name="_ssdm_op_BitSelect.i1.i38.i32"/></StgValue>
</bind>
</comp>

<comp id="128" class="1001" name="const_128">
<pin_list>
<pin id="129" dir="1" index="0" bw="1" slack="0"/>
</pin_list>
<bind>
<StgValue><ssdm name=""/></StgValue>
</bind>
</comp>

<comp id="130" class="1001" name="const_130">
<pin_list>
<pin id="131" dir="1" index="0" bw="1" slack="0"/>
</pin_list>
<bind>
<StgValue><ssdm name="_ssdm_op_PartSelect.i16.i38.i32.i32"/></StgValue>
</bind>
</comp>

<comp id="132" class="1001" name="const_132">
<pin_list>
<pin id="133" dir="1" index="0" bw="1" slack="0"/>
</pin_list>
<bind>
<StgValue><ssdm name=""/></StgValue>
</bind>
</comp>

<comp id="134" class="1001" name="const_134">
<pin_list>
<pin id="135" dir="1" index="0" bw="1" slack="0"/>
</pin_list>
<bind>
<StgValue><ssdm name=""/></StgValue>
</bind>
</comp>

<comp id="136" class="1001" name="const_136">
<pin_list>
<pin id="137" dir="1" index="0" bw="1" slack="0"/>
</pin_list>
<bind>
<StgValue><ssdm name=""/></StgValue>
</bind>
</comp>

<comp id="138" class="1001" name="const_138">
<pin_list>
<pin id="139" dir="1" index="0" bw="1" slack="0"/>
</pin_list>
<bind>
<StgValue><ssdm name="_ssdm_op_BitSelect.i1.i16.i32"/></StgValue>
</bind>
</comp>

<comp id="140" class="1001" name="const_140">
<pin_list>
<pin id="141" dir="1" index="0" bw="1" slack="0"/>
</pin_list>
<bind>
<StgValue><ssdm name=""/></StgValue>
</bind>
</comp>

<comp id="142" class="1001" name="const_142">
<pin_list>
<pin id="143" dir="1" index="0" bw="1" slack="0"/>
</pin_list>
<bind>
<StgValue><ssdm name=""/></StgValue>
</bind>
</comp>

<comp id="144" class="1001" name="const_144">
<pin_list>
<pin id="145" dir="1" index="0" bw="1" slack="0"/>
</pin_list>
<bind>
<StgValue><ssdm name="_ssdm_op_PartSelect.i13.i38.i32.i32"/></StgValue>
</bind>
</comp>

<comp id="146" class="1001" name="const_146">
<pin_list>
<pin id="147" dir="1" index="0" bw="1" slack="0"/>
</pin_list>
<bind>
<StgValue><ssdm name=""/></StgValue>
</bind>
</comp>

<comp id="148" class="1001" name="const_148">
<pin_list>
<pin id="149" dir="1" index="0" bw="1" slack="0"/>
</pin_list>
<bind>
<StgValue><ssdm name=""/></StgValue>
</bind>
</comp>

<comp id="150" class="1001" name="const_150">
<pin_list>
<pin id="151" dir="1" index="0" bw="1" slack="0"/>
</pin_list>
<bind>
<StgValue><ssdm name="_ssdm_op_PartSelect.i14.i38.i32.i32"/></StgValue>
</bind>
</comp>

<comp id="152" class="1001" name="const_152">
<pin_list>
<pin id="153" dir="1" index="0" bw="1" slack="0"/>
</pin_list>
<bind>
<StgValue><ssdm name=""/></StgValue>
</bind>
</comp>

<comp id="154" class="1001" name="const_154">
<pin_list>
<pin id="155" dir="1" index="0" bw="1" slack="0"/>
</pin_list>
<bind>
<StgValue><ssdm name=""/></StgValue>
</bind>
</comp>

<comp id="156" class="1001" name="const_156">
<pin_list>
<pin id="157" dir="1" index="0" bw="1" slack="0"/>
</pin_list>
<bind>
<StgValue><ssdm name=""/></StgValue>
</bind>
</comp>

<comp id="158" class="1001" name="const_158">
<pin_list>
<pin id="159" dir="1" index="0" bw="1" slack="0"/>
</pin_list>
<bind>
<StgValue><ssdm name=""/></StgValue>
</bind>
</comp>

<comp id="160" class="1001" name="const_160">
<pin_list>
<pin id="161" dir="1" index="0" bw="1" slack="0"/>
</pin_list>
<bind>
<StgValue><ssdm name=""/></StgValue>
</bind>
</comp>

<comp id="162" class="1001" name="const_162">
<pin_list>
<pin id="163" dir="1" index="0" bw="1" slack="0"/>
</pin_list>
<bind>
<StgValue><ssdm name="_ssdm_op_Write.axis.volatile.i32P0A.i4P0A.i4P0A.i1P0A.i1P0A.i1P0A.i1P0A"/></StgValue>
</bind>
</comp>

<comp id="164" class="1001" name="const_164">
<pin_list>
<pin id="165" dir="1" index="0" bw="1" slack="0"/>
</pin_list>
<bind>
<StgValue><ssdm name=""/></StgValue>
</bind>
</comp>

<comp id="166" class="1001" name="const_166">
<pin_list>
<pin id="167" dir="1" index="0" bw="1" slack="0"/>
</pin_list>
<bind>
<StgValue><ssdm name=""/></StgValue>
</bind>
</comp>

<comp id="168" class="1001" name="const_168">
<pin_list>
<pin id="169" dir="1" index="0" bw="1" slack="2147483647"/>
</pin_list>
<bind>
<StgValue><ssdm name=""/></StgValue>
</bind>
</comp>

<comp id="170" class="1001" name="const_170">
<pin_list>
<pin id="171" dir="1" index="0" bw="1" slack="2147483647"/>
</pin_list>
<bind>
<StgValue><ssdm name="empty_16"/></StgValue>
</bind>
</comp>

<comp id="172" class="1004" name="i_fu_172">
<pin_list>
<pin id="173" dir="0" index="0" bw="1" slack="0"/>
<pin id="174" dir="1" index="1" bw="31" slack="0"/>
</pin_list>
<bind>
<opcode="alloca(26) " fcode="alloca"/>
<opset="i/1 "/>
</bind>
</comp>

<comp id="176" class="1004" name="select_ln340_loc_fu_176">
<pin_list>
<pin id="177" dir="0" index="0" bw="1" slack="0"/>
<pin id="178" dir="1" index="1" bw="38" slack="4"/>
</pin_list>
<bind>
<opcode="alloca(26) " fcode="alloca"/>
<opset="select_ln340_loc/1 "/>
</bind>
</comp>

<comp id="180" class="1004" name="select_ln340_1_loc_fu_180">
<pin_list>
<pin id="181" dir="0" index="0" bw="1" slack="0"/>
<pin id="182" dir="1" index="1" bw="38" slack="4"/>
</pin_list>
<bind>
<opcode="alloca(26) " fcode="alloca"/>
<opset="select_ln340_1_loc/1 "/>
</bind>
</comp>

<comp id="184" class="1004" name="select_ln340_2_loc_fu_184">
<pin_list>
<pin id="185" dir="0" index="0" bw="1" slack="0"/>
<pin id="186" dir="1" index="1" bw="38" slack="4"/>
</pin_list>
<bind>
<opcode="alloca(26) " fcode="alloca"/>
<opset="select_ln340_2_loc/1 "/>
</bind>
</comp>

<comp id="188" class="1004" name="acc_V_0_loc_fu_188">
<pin_list>
<pin id="189" dir="0" index="0" bw="1" slack="0"/>
<pin id="190" dir="1" index="1" bw="38" slack="4"/>
</pin_list>
<bind>
<opcode="alloca(26) " fcode="alloca"/>
<opset="acc_V_0_loc/1 "/>
</bind>
</comp>

<comp id="192" class="1004" name="col_size_read_read_fu_192">
<pin_list>
<pin id="193" dir="0" index="0" bw="32" slack="0"/>
<pin id="194" dir="0" index="1" bw="32" slack="0"/>
<pin id="195" dir="1" index="2" bw="32" slack="1"/>
</pin_list>
<bind>
<opcode="read(1150) " fcode="read"/>
<opset="col_size_read/1 "/>
</bind>
</comp>

<comp id="198" class="1004" name="row_size_read_read_fu_198">
<pin_list>
<pin id="199" dir="0" index="0" bw="32" slack="0"/>
<pin id="200" dir="0" index="1" bw="32" slack="0"/>
<pin id="201" dir="1" index="2" bw="32" slack="0"/>
</pin_list>
<bind>
<opcode="read(1150) " fcode="read"/>
<opset="row_size_read/1 "/>
</bind>
</comp>

<comp id="204" class="1004" name="no_of_vectors_read_read_fu_204">
<pin_list>
<pin id="205" dir="0" index="0" bw="32" slack="0"/>
<pin id="206" dir="0" index="1" bw="32" slack="0"/>
<pin id="207" dir="1" index="2" bw="32" slack="1"/>
</pin_list>
<bind>
<opcode="read(1150) " fcode="read"/>
<opset="no_of_vectors_read/1 "/>
</bind>
</comp>

<comp id="210" class="1004" name="grp_write_fu_210">
<pin_list>
<pin id="211" dir="0" index="0" bw="0" slack="0"/>
<pin id="212" dir="0" index="1" bw="32" slack="0"/>
<pin id="213" dir="0" index="2" bw="4" slack="0"/>
<pin id="214" dir="0" index="3" bw="4" slack="0"/>
<pin id="215" dir="0" index="4" bw="1" slack="0"/>
<pin id="216" dir="0" index="5" bw="1" slack="0"/>
<pin id="217" dir="0" index="6" bw="1" slack="0"/>
<pin id="218" dir="0" index="7" bw="1" slack="0"/>
<pin id="219" dir="0" index="8" bw="16" slack="0"/>
<pin id="220" dir="0" index="9" bw="1" slack="0"/>
<pin id="221" dir="0" index="10" bw="1" slack="0"/>
<pin id="222" dir="0" index="11" bw="1" slack="0"/>
<pin id="223" dir="0" index="12" bw="1" slack="3"/>
<pin id="224" dir="0" index="13" bw="1" slack="0"/>
<pin id="225" dir="0" index="14" bw="1" slack="0"/>
<pin id="226" dir="1" index="15" bw="0" slack="2147483647"/>
</pin_list>
<bind>
<opcode="write(1151) " fcode="write"/>
<opset="write_ln304/8 "/>
</bind>
</comp>

<comp id="240" class="1005" name="k_reg_240">
<pin_list>
<pin id="241" dir="0" index="0" bw="32" slack="1"/>
<pin id="242" dir="1" index="1" bw="32" slack="1"/>
</pin_list>
<bind>
<opset="k (phireg) "/>
</bind>
</comp>

<comp id="244" class="1004" name="k_phi_fu_244">
<pin_list>
<pin id="245" dir="0" index="0" bw="32" slack="0"/>
<pin id="246" dir="0" index="1" bw="0" slack="2147483647"/>
<pin id="247" dir="0" index="2" bw="1" slack="1"/>
<pin id="248" dir="0" index="3" bw="0" slack="2147483647"/>
<pin id="249" dir="1" index="4" bw="32" slack="0"/>
</pin_list>
<bind>
<opcode="phi(47) " fcode="phi"/>
<opset="k/5 "/>
</bind>
</comp>

<comp id="251" class="1004" name="grp_matVecMul_Pipeline_sample_loop_fu_251">
<pin_list>
<pin id="252" dir="0" index="0" bw="0" slack="0"/>
<pin id="253" dir="0" index="1" bw="32" slack="1"/>
<pin id="254" dir="0" index="2" bw="32" slack="0"/>
<pin id="255" dir="0" index="3" bw="4" slack="0"/>
<pin id="256" dir="0" index="4" bw="4" slack="0"/>
<pin id="257" dir="0" index="5" bw="1" slack="0"/>
<pin id="258" dir="0" index="6" bw="1" slack="0"/>
<pin id="259" dir="0" index="7" bw="1" slack="0"/>
<pin id="260" dir="0" index="8" bw="1" slack="0"/>
<pin id="261" dir="0" index="9" bw="16" slack="0"/>
<pin id="262" dir="0" index="10" bw="16" slack="0"/>
<pin id="263" dir="0" index="11" bw="16" slack="0"/>
<pin id="264" dir="0" index="12" bw="16" slack="0"/>
<pin id="265" dir="1" index="13" bw="0" slack="2147483647"/>
</pin_list>
<bind>
<opcode="call(48) " fcode="call"/>
<opset="call_ln0/2 "/>
</bind>
</comp>

<comp id="278" class="1004" name="grp_matVecMul_Pipeline_matmul_inner_loop_fu_278">
<pin_list>
<pin id="279" dir="0" index="0" bw="2" slack="0"/>
<pin id="280" dir="0" index="1" bw="32" slack="4"/>
<pin id="281" dir="0" index="2" bw="11" slack="0"/>
<pin id="282" dir="0" index="3" bw="16" slack="0"/>
<pin id="283" dir="0" index="4" bw="16" slack="0"/>
<pin id="284" dir="0" index="5" bw="16" slack="0"/>
<pin id="285" dir="0" index="6" bw="16" slack="0"/>
<pin id="286" dir="0" index="7" bw="38" slack="4"/>
<pin id="287" dir="0" index="8" bw="38" slack="4"/>
<pin id="288" dir="0" index="9" bw="38" slack="4"/>
<pin id="289" dir="0" index="10" bw="38" slack="4"/>
<pin id="290" dir="0" index="11" bw="16" slack="0"/>
<pin id="291" dir="0" index="12" bw="16" slack="0"/>
<pin id="292" dir="0" index="13" bw="16" slack="0"/>
<pin id="293" dir="0" index="14" bw="16" slack="0"/>
<pin id="294" dir="1" index="15" bw="2" slack="1"/>
</pin_list>
<bind>
<opcode="call(48) " fcode="call"/>
<opset="targetBlock/5 "/>
</bind>
</comp>

<comp id="304" class="1004" name="sub_fu_304">
<pin_list>
<pin id="305" dir="0" index="0" bw="32" slack="0"/>
<pin id="306" dir="0" index="1" bw="1" slack="0"/>
<pin id="307" dir="1" index="2" bw="32" slack="4"/>
</pin_list>
<bind>
<opcode="add(8) " fcode="add"/>
<opset="sub/1 "/>
</bind>
</comp>

<comp id="310" class="1004" name="store_ln32_store_fu_310">
<pin_list>
<pin id="311" dir="0" index="0" bw="1" slack="0"/>
<pin id="312" dir="0" index="1" bw="31" slack="0"/>
<pin id="313" dir="1" index="2" bw="0" slack="2147483647"/>
</pin_list>
<bind>
<opcode="store(28) " fcode="store"/>
<opset="store_ln32/1 "/>
</bind>
</comp>

<comp id="315" class="1004" name="i_load_load_fu_315">
<pin_list>
<pin id="316" dir="0" index="0" bw="31" slack="1"/>
<pin id="317" dir="1" index="1" bw="31" slack="0"/>
</pin_list>
<bind>
<opcode="load(27) " fcode="load"/>
<opset="i_load/2 "/>
</bind>
</comp>

<comp id="318" class="1004" name="zext_ln32_fu_318">
<pin_list>
<pin id="319" dir="0" index="0" bw="31" slack="0"/>
<pin id="320" dir="1" index="1" bw="32" slack="0"/>
</pin_list>
<bind>
<opcode="zext(34) " fcode="zext"/>
<opset="zext_ln32/2 "/>
</bind>
</comp>

<comp id="322" class="1004" name="icmp_ln32_fu_322">
<pin_list>
<pin id="323" dir="0" index="0" bw="32" slack="0"/>
<pin id="324" dir="0" index="1" bw="32" slack="1"/>
<pin id="325" dir="1" index="2" bw="1" slack="2147483647"/>
</pin_list>
<bind>
<opcode="icmp(45) " fcode="icmp"/>
<opset="icmp_ln32/2 "/>
</bind>
</comp>

<comp id="327" class="1004" name="add_ln32_fu_327">
<pin_list>
<pin id="328" dir="0" index="0" bw="31" slack="0"/>
<pin id="329" dir="0" index="1" bw="1" slack="0"/>
<pin id="330" dir="1" index="2" bw="31" slack="3"/>
</pin_list>
<bind>
<opcode="add(8) " fcode="add"/>
<opset="add_ln32/2 "/>
</bind>
</comp>

<comp id="333" class="1004" name="icmp_ln44_fu_333">
<pin_list>
<pin id="334" dir="0" index="0" bw="32" slack="0"/>
<pin id="335" dir="0" index="1" bw="32" slack="4"/>
<pin id="336" dir="1" index="2" bw="1" slack="2147483647"/>
</pin_list>
<bind>
<opcode="icmp(45) " fcode="icmp"/>
<opset="icmp_ln44/5 "/>
</bind>
</comp>

<comp id="338" class="1004" name="add_ln44_fu_338">
<pin_list>
<pin id="339" dir="0" index="0" bw="32" slack="0"/>
<pin id="340" dir="0" index="1" bw="1" slack="0"/>
<pin id="341" dir="1" index="2" bw="32" slack="0"/>
</pin_list>
<bind>
<opcode="add(8) " fcode="add"/>
<opset="add_ln44/5 "/>
</bind>
</comp>

<comp id="344" class="1004" name="trunc_ln1169_fu_344">
<pin_list>
<pin id="345" dir="0" index="0" bw="32" slack="0"/>
<pin id="346" dir="1" index="1" bw="6" slack="0"/>
</pin_list>
<bind>
<opcode="trunc(33) " fcode="trunc"/>
<opset="trunc_ln1169/5 "/>
</bind>
</comp>

<comp id="348" class="1004" name="shl_ln_fu_348">
<pin_list>
<pin id="349" dir="0" index="0" bw="11" slack="0"/>
<pin id="350" dir="0" index="1" bw="6" slack="0"/>
<pin id="351" dir="0" index="2" bw="1" slack="0"/>
<pin id="352" dir="1" index="3" bw="11" slack="0"/>
</pin_list>
<bind>
<opcode="bitconcatenate(1004) " fcode="bitconcatenate"/>
<opset="shl_ln/5 "/>
</bind>
</comp>

<comp id="357" class="1004" name="out_pkt_last_V_fu_357">
<pin_list>
<pin id="358" dir="0" index="0" bw="32" slack="0"/>
<pin id="359" dir="0" index="1" bw="32" slack="4"/>
<pin id="360" dir="1" index="2" bw="1" slack="3"/>
</pin_list>
<bind>
<opcode="icmp(45) " fcode="icmp"/>
<opset="out_pkt_last_V/5 "/>
</bind>
</comp>

<comp id="362" class="1004" name="store_ln32_store_fu_362">
<pin_list>
<pin id="363" dir="0" index="0" bw="31" slack="3"/>
<pin id="364" dir="0" index="1" bw="31" slack="4"/>
<pin id="365" dir="1" index="2" bw="0" slack="2147483647"/>
</pin_list>
<bind>
<opcode="store(28) " fcode="store"/>
<opset="store_ln32/5 "/>
</bind>
</comp>

<comp id="366" class="1004" name="acc_V_0_loc_load_load_fu_366">
<pin_list>
<pin id="367" dir="0" index="0" bw="38" slack="6"/>
<pin id="368" dir="1" index="1" bw="38" slack="0"/>
</pin_list>
<bind>
<opcode="load(27) " fcode="load"/>
<opset="acc_V_0_loc_load/7 "/>
</bind>
</comp>

<comp id="369" class="1004" name="select_ln340_2_loc_load_load_fu_369">
<pin_list>
<pin id="370" dir="0" index="0" bw="38" slack="6"/>
<pin id="371" dir="1" index="1" bw="38" slack="0"/>
</pin_list>
<bind>
<opcode="load(27) " fcode="load"/>
<opset="select_ln340_2_loc_load/7 "/>
</bind>
</comp>

<comp id="372" class="1004" name="select_ln340_1_loc_load_load_fu_372">
<pin_list>
<pin id="373" dir="0" index="0" bw="38" slack="6"/>
<pin id="374" dir="1" index="1" bw="38" slack="0"/>
</pin_list>
<bind>
<opcode="load(27) " fcode="load"/>
<opset="select_ln340_1_loc_load/7 "/>
</bind>
</comp>

<comp id="375" class="1004" name="select_ln340_loc_load_load_fu_375">
<pin_list>
<pin id="376" dir="0" index="0" bw="38" slack="6"/>
<pin id="377" dir="1" index="1" bw="38" slack="0"/>
</pin_list>
<bind>
<opcode="load(27) " fcode="load"/>
<opset="select_ln340_loc_load/7 "/>
</bind>
</comp>

<comp id="378" class="1004" name="acc_V_lcssa_fu_378">
<pin_list>
<pin id="379" dir="0" index="0" bw="38" slack="0"/>
<pin id="380" dir="0" index="1" bw="38" slack="0"/>
<pin id="381" dir="0" index="2" bw="38" slack="0"/>
<pin id="382" dir="0" index="3" bw="38" slack="0"/>
<pin id="383" dir="0" index="4" bw="38" slack="0"/>
<pin id="384" dir="0" index="5" bw="2" slack="1"/>
<pin id="385" dir="1" index="6" bw="38" slack="0"/>
</pin_list>
<bind>
<opcode="mux(1196) " fcode="mux"/>
<opset="acc_V_lcssa/7 "/>
</bind>
</comp>

<comp id="391" class="1004" name="p_Result_s_fu_391">
<pin_list>
<pin id="392" dir="0" index="0" bw="1" slack="0"/>
<pin id="393" dir="0" index="1" bw="38" slack="0"/>
<pin id="394" dir="0" index="2" bw="7" slack="0"/>
<pin id="395" dir="1" index="3" bw="1" slack="0"/>
</pin_list>
<bind>
<opcode="bitselect(1000) " fcode="bitselect"/>
<opset="p_Result_s/7 "/>
</bind>
</comp>

<comp id="399" class="1004" name="p_Val2_s_fu_399">
<pin_list>
<pin id="400" dir="0" index="0" bw="16" slack="0"/>
<pin id="401" dir="0" index="1" bw="38" slack="0"/>
<pin id="402" dir="0" index="2" bw="5" slack="0"/>
<pin id="403" dir="0" index="3" bw="6" slack="0"/>
<pin id="404" dir="1" index="4" bw="16" slack="0"/>
</pin_list>
<bind>
<opcode="partselect(1002) " fcode="partselect"/>
<opset="p_Val2_s/7 "/>
</bind>
</comp>

<comp id="409" class="1004" name="p_Result_1_fu_409">
<pin_list>
<pin id="410" dir="0" index="0" bw="1" slack="0"/>
<pin id="411" dir="0" index="1" bw="38" slack="0"/>
<pin id="412" dir="0" index="2" bw="6" slack="0"/>
<pin id="413" dir="1" index="3" bw="1" slack="0"/>
</pin_list>
<bind>
<opcode="bitselect(1000) " fcode="bitselect"/>
<opset="p_Result_1/7 "/>
</bind>
</comp>

<comp id="417" class="1004" name="tmp_fu_417">
<pin_list>
<pin id="418" dir="0" index="0" bw="1" slack="0"/>
<pin id="419" dir="0" index="1" bw="38" slack="0"/>
<pin id="420" dir="0" index="2" bw="4" slack="0"/>
<pin id="421" dir="1" index="3" bw="1" slack="0"/>
</pin_list>
<bind>
<opcode="bitselect(1000) " fcode="bitselect"/>
<opset="tmp/7 "/>
</bind>
</comp>

<comp id="425" class="1004" name="zext_ln415_fu_425">
<pin_list>
<pin id="426" dir="0" index="0" bw="1" slack="0"/>
<pin id="427" dir="1" index="1" bw="16" slack="0"/>
</pin_list>
<bind>
<opcode="zext(34) " fcode="zext"/>
<opset="zext_ln415/7 "/>
</bind>
</comp>

<comp id="429" class="1004" name="p_Val2_1_fu_429">
<pin_list>
<pin id="430" dir="0" index="0" bw="1" slack="0"/>
<pin id="431" dir="0" index="1" bw="16" slack="0"/>
<pin id="432" dir="1" index="2" bw="16" slack="0"/>
</pin_list>
<bind>
<opcode="add(8) " fcode="add"/>
<opset="p_Val2_1/7 "/>
</bind>
</comp>

<comp id="435" class="1004" name="p_Result_2_fu_435">
<pin_list>
<pin id="436" dir="0" index="0" bw="1" slack="0"/>
<pin id="437" dir="0" index="1" bw="16" slack="0"/>
<pin id="438" dir="0" index="2" bw="5" slack="0"/>
<pin id="439" dir="1" index="3" bw="1" slack="0"/>
</pin_list>
<bind>
<opcode="bitselect(1000) " fcode="bitselect"/>
<opset="p_Result_2/7 "/>
</bind>
</comp>

<comp id="443" class="1004" name="xor_ln416_fu_443">
<pin_list>
<pin id="444" dir="0" index="0" bw="1" slack="0"/>
<pin id="445" dir="0" index="1" bw="1" slack="0"/>
<pin id="446" dir="1" index="2" bw="1" slack="0"/>
</pin_list>
<bind>
<opcode="xor(25) " fcode="xor"/>
<opset="xor_ln416/7 "/>
</bind>
</comp>

<comp id="449" class="1004" name="carry_1_fu_449">
<pin_list>
<pin id="450" dir="0" index="0" bw="1" slack="0"/>
<pin id="451" dir="0" index="1" bw="1" slack="0"/>
<pin id="452" dir="1" index="2" bw="1" slack="0"/>
</pin_list>
<bind>
<opcode="and(23) " fcode="and"/>
<opset="carry_1/7 "/>
</bind>
</comp>

<comp id="455" class="1004" name="p_Result_7_fu_455">
<pin_list>
<pin id="456" dir="0" index="0" bw="13" slack="0"/>
<pin id="457" dir="0" index="1" bw="38" slack="0"/>
<pin id="458" dir="0" index="2" bw="6" slack="0"/>
<pin id="459" dir="0" index="3" bw="7" slack="0"/>
<pin id="460" dir="1" index="4" bw="13" slack="0"/>
</pin_list>
<bind>
<opcode="partselect(1002) " fcode="partselect"/>
<opset="p_Result_7/7 "/>
</bind>
</comp>

<comp id="465" class="1004" name="Range2_all_ones_fu_465">
<pin_list>
<pin id="466" dir="0" index="0" bw="13" slack="0"/>
<pin id="467" dir="0" index="1" bw="13" slack="0"/>
<pin id="468" dir="1" index="2" bw="1" slack="0"/>
</pin_list>
<bind>
<opcode="icmp(45) " fcode="icmp"/>
<opset="Range2_all_ones/7 "/>
</bind>
</comp>

<comp id="471" class="1004" name="p_Result_8_fu_471">
<pin_list>
<pin id="472" dir="0" index="0" bw="14" slack="0"/>
<pin id="473" dir="0" index="1" bw="38" slack="0"/>
<pin id="474" dir="0" index="2" bw="6" slack="0"/>
<pin id="475" dir="0" index="3" bw="7" slack="0"/>
<pin id="476" dir="1" index="4" bw="14" slack="0"/>
</pin_list>
<bind>
<opcode="partselect(1002) " fcode="partselect"/>
<opset="p_Result_8/7 "/>
</bind>
</comp>

<comp id="481" class="1004" name="Range1_all_ones_fu_481">
<pin_list>
<pin id="482" dir="0" index="0" bw="14" slack="0"/>
<pin id="483" dir="0" index="1" bw="14" slack="0"/>
<pin id="484" dir="1" index="2" bw="1" slack="0"/>
</pin_list>
<bind>
<opcode="icmp(45) " fcode="icmp"/>
<opset="Range1_all_ones/7 "/>
</bind>
</comp>

<comp id="487" class="1004" name="Range1_all_zeros_fu_487">
<pin_list>
<pin id="488" dir="0" index="0" bw="14" slack="0"/>
<pin id="489" dir="0" index="1" bw="14" slack="0"/>
<pin id="490" dir="1" index="2" bw="1" slack="0"/>
</pin_list>
<bind>
<opcode="icmp(45) " fcode="icmp"/>
<opset="Range1_all_zeros/7 "/>
</bind>
</comp>

<comp id="493" class="1004" name="deleted_zeros_fu_493">
<pin_list>
<pin id="494" dir="0" index="0" bw="1" slack="0"/>
<pin id="495" dir="0" index="1" bw="1" slack="0"/>
<pin id="496" dir="0" index="2" bw="1" slack="0"/>
<pin id="497" dir="1" index="3" bw="1" slack="0"/>
</pin_list>
<bind>
<opcode="select(49) " fcode="select"/>
<opset="deleted_zeros/7 "/>
</bind>
</comp>

<comp id="501" class="1004" name="tmp_10_fu_501">
<pin_list>
<pin id="502" dir="0" index="0" bw="1" slack="0"/>
<pin id="503" dir="0" index="1" bw="38" slack="0"/>
<pin id="504" dir="0" index="2" bw="6" slack="0"/>
<pin id="505" dir="1" index="3" bw="1" slack="0"/>
</pin_list>
<bind>
<opcode="bitselect(1000) " fcode="bitselect"/>
<opset="tmp_10/7 "/>
</bind>
</comp>

<comp id="509" class="1004" name="xor_ln789_fu_509">
<pin_list>
<pin id="510" dir="0" index="0" bw="1" slack="0"/>
<pin id="511" dir="0" index="1" bw="1" slack="0"/>
<pin id="512" dir="1" index="2" bw="1" slack="0"/>
</pin_list>
<bind>
<opcode="xor(25) " fcode="xor"/>
<opset="xor_ln789/7 "/>
</bind>
</comp>

<comp id="515" class="1004" name="and_ln789_fu_515">
<pin_list>
<pin id="516" dir="0" index="0" bw="1" slack="0"/>
<pin id="517" dir="0" index="1" bw="1" slack="0"/>
<pin id="518" dir="1" index="2" bw="1" slack="0"/>
</pin_list>
<bind>
<opcode="and(23) " fcode="and"/>
<opset="and_ln789/7 "/>
</bind>
</comp>

<comp id="521" class="1004" name="deleted_ones_fu_521">
<pin_list>
<pin id="522" dir="0" index="0" bw="1" slack="0"/>
<pin id="523" dir="0" index="1" bw="1" slack="0"/>
<pin id="524" dir="0" index="2" bw="1" slack="0"/>
<pin id="525" dir="1" index="3" bw="1" slack="0"/>
</pin_list>
<bind>
<opcode="select(49) " fcode="select"/>
<opset="deleted_ones/7 "/>
</bind>
</comp>

<comp id="529" class="1004" name="and_ln790_fu_529">
<pin_list>
<pin id="530" dir="0" index="0" bw="1" slack="0"/>
<pin id="531" dir="0" index="1" bw="1" slack="0"/>
<pin id="532" dir="1" index="2" bw="1" slack="0"/>
</pin_list>
<bind>
<opcode="and(23) " fcode="and"/>
<opset="and_ln790/7 "/>
</bind>
</comp>

<comp id="535" class="1004" name="xor_ln794_fu_535">
<pin_list>
<pin id="536" dir="0" index="0" bw="1" slack="0"/>
<pin id="537" dir="0" index="1" bw="1" slack="0"/>
<pin id="538" dir="1" index="2" bw="1" slack="0"/>
</pin_list>
<bind>
<opcode="xor(25) " fcode="xor"/>
<opset="xor_ln794/7 "/>
</bind>
</comp>

<comp id="541" class="1004" name="or_ln794_fu_541">
<pin_list>
<pin id="542" dir="0" index="0" bw="1" slack="0"/>
<pin id="543" dir="0" index="1" bw="1" slack="0"/>
<pin id="544" dir="1" index="2" bw="1" slack="0"/>
</pin_list>
<bind>
<opcode="or(24) " fcode="or"/>
<opset="or_ln794/7 "/>
</bind>
</comp>

<comp id="547" class="1004" name="xor_ln794_1_fu_547">
<pin_list>
<pin id="548" dir="0" index="0" bw="1" slack="0"/>
<pin id="549" dir="0" index="1" bw="1" slack="0"/>
<pin id="550" dir="1" index="2" bw="1" slack="0"/>
</pin_list>
<bind>
<opcode="xor(25) " fcode="xor"/>
<opset="xor_ln794_1/7 "/>
</bind>
</comp>

<comp id="553" class="1004" name="overflow_fu_553">
<pin_list>
<pin id="554" dir="0" index="0" bw="1" slack="0"/>
<pin id="555" dir="0" index="1" bw="1" slack="0"/>
<pin id="556" dir="1" index="2" bw="1" slack="0"/>
</pin_list>
<bind>
<opcode="and(23) " fcode="and"/>
<opset="overflow/7 "/>
</bind>
</comp>

<comp id="559" class="1004" name="and_ln795_fu_559">
<pin_list>
<pin id="560" dir="0" index="0" bw="1" slack="0"/>
<pin id="561" dir="0" index="1" bw="1" slack="0"/>
<pin id="562" dir="1" index="2" bw="1" slack="0"/>
</pin_list>
<bind>
<opcode="and(23) " fcode="and"/>
<opset="and_ln795/7 "/>
</bind>
</comp>

<comp id="565" class="1004" name="or_ln795_fu_565">
<pin_list>
<pin id="566" dir="0" index="0" bw="1" slack="0"/>
<pin id="567" dir="0" index="1" bw="1" slack="0"/>
<pin id="568" dir="1" index="2" bw="1" slack="0"/>
</pin_list>
<bind>
<opcode="or(24) " fcode="or"/>
<opset="or_ln795/7 "/>
</bind>
</comp>

<comp id="571" class="1004" name="xor_ln795_fu_571">
<pin_list>
<pin id="572" dir="0" index="0" bw="1" slack="0"/>
<pin id="573" dir="0" index="1" bw="1" slack="0"/>
<pin id="574" dir="1" index="2" bw="1" slack="0"/>
</pin_list>
<bind>
<opcode="xor(25) " fcode="xor"/>
<opset="xor_ln795/7 "/>
</bind>
</comp>

<comp id="577" class="1004" name="underflow_fu_577">
<pin_list>
<pin id="578" dir="0" index="0" bw="1" slack="0"/>
<pin id="579" dir="0" index="1" bw="1" slack="0"/>
<pin id="580" dir="1" index="2" bw="1" slack="0"/>
</pin_list>
<bind>
<opcode="and(23) " fcode="and"/>
<opset="underflow/7 "/>
</bind>
</comp>

<comp id="583" class="1004" name="or_ln384_fu_583">
<pin_list>
<pin id="584" dir="0" index="0" bw="1" slack="0"/>
<pin id="585" dir="0" index="1" bw="1" slack="0"/>
<pin id="586" dir="1" index="2" bw="1" slack="1"/>
</pin_list>
<bind>
<opcode="or(24) " fcode="or"/>
<opset="or_ln384/7 "/>
</bind>
</comp>

<comp id="589" class="1004" name="select_ln384_fu_589">
<pin_list>
<pin id="590" dir="0" index="0" bw="1" slack="1"/>
<pin id="591" dir="0" index="1" bw="16" slack="0"/>
<pin id="592" dir="0" index="2" bw="16" slack="0"/>
<pin id="593" dir="1" index="3" bw="16" slack="0"/>
</pin_list>
<bind>
<opcode="select(49) " fcode="select"/>
<opset="select_ln384/8 "/>
</bind>
</comp>

<comp id="596" class="1004" name="val_V_fu_596">
<pin_list>
<pin id="597" dir="0" index="0" bw="1" slack="1"/>
<pin id="598" dir="0" index="1" bw="16" slack="0"/>
<pin id="599" dir="0" index="2" bw="16" slack="1"/>
<pin id="600" dir="1" index="3" bw="16" slack="0"/>
</pin_list>
<bind>
<opcode="select(49) " fcode="select"/>
<opset="val_V/8 "/>
</bind>
</comp>

<comp id="602" class="1004" name="zext_ln414_fu_602">
<pin_list>
<pin id="603" dir="0" index="0" bw="16" slack="0"/>
<pin id="604" dir="1" index="1" bw="32" slack="0"/>
</pin_list>
<bind>
<opcode="zext(34) " fcode="zext"/>
<opset="zext_ln414/8 "/>
</bind>
</comp>

<comp id="607" class="1005" name="i_reg_607">
<pin_list>
<pin id="608" dir="0" index="0" bw="31" slack="0"/>
<pin id="609" dir="1" index="1" bw="31" slack="0"/>
</pin_list>
<bind>
<opset="i "/>
</bind>
</comp>

<comp id="614" class="1005" name="col_size_read_reg_614">
<pin_list>
<pin id="615" dir="0" index="0" bw="32" slack="1"/>
<pin id="616" dir="1" index="1" bw="32" slack="1"/>
</pin_list>
<bind>
<opset="col_size_read "/>
</bind>
</comp>

<comp id="620" class="1005" name="row_size_read_reg_620">
<pin_list>
<pin id="621" dir="0" index="0" bw="32" slack="4"/>
<pin id="622" dir="1" index="1" bw="32" slack="4"/>
</pin_list>
<bind>
<opset="row_size_read "/>
</bind>
</comp>

<comp id="625" class="1005" name="no_of_vectors_read_reg_625">
<pin_list>
<pin id="626" dir="0" index="0" bw="32" slack="1"/>
<pin id="627" dir="1" index="1" bw="32" slack="1"/>
</pin_list>
<bind>
<opset="no_of_vectors_read "/>
</bind>
</comp>

<comp id="630" class="1005" name="select_ln340_loc_reg_630">
<pin_list>
<pin id="631" dir="0" index="0" bw="38" slack="4"/>
<pin id="632" dir="1" index="1" bw="38" slack="4"/>
</pin_list>
<bind>
<opset="select_ln340_loc "/>
</bind>
</comp>

<comp id="636" class="1005" name="select_ln340_1_loc_reg_636">
<pin_list>
<pin id="637" dir="0" index="0" bw="38" slack="4"/>
<pin id="638" dir="1" index="1" bw="38" slack="4"/>
</pin_list>
<bind>
<opset="select_ln340_1_loc "/>
</bind>
</comp>

<comp id="642" class="1005" name="select_ln340_2_loc_reg_642">
<pin_list>
<pin id="643" dir="0" index="0" bw="38" slack="4"/>
<pin id="644" dir="1" index="1" bw="38" slack="4"/>
</pin_list>
<bind>
<opset="select_ln340_2_loc "/>
</bind>
</comp>

<comp id="648" class="1005" name="acc_V_0_loc_reg_648">
<pin_list>
<pin id="649" dir="0" index="0" bw="38" slack="4"/>
<pin id="650" dir="1" index="1" bw="38" slack="4"/>
</pin_list>
<bind>
<opset="acc_V_0_loc "/>
</bind>
</comp>

<comp id="654" class="1005" name="sub_reg_654">
<pin_list>
<pin id="655" dir="0" index="0" bw="32" slack="4"/>
<pin id="656" dir="1" index="1" bw="32" slack="4"/>
</pin_list>
<bind>
<opset="sub "/>
</bind>
</comp>

<comp id="662" class="1005" name="add_ln32_reg_662">
<pin_list>
<pin id="663" dir="0" index="0" bw="31" slack="3"/>
<pin id="664" dir="1" index="1" bw="31" slack="3"/>
</pin_list>
<bind>
<opset="add_ln32 "/>
</bind>
</comp>

<comp id="670" class="1005" name="add_ln44_reg_670">
<pin_list>
<pin id="671" dir="0" index="0" bw="32" slack="0"/>
<pin id="672" dir="1" index="1" bw="32" slack="0"/>
</pin_list>
<bind>
<opset="add_ln44 "/>
</bind>
</comp>

<comp id="675" class="1005" name="shl_ln_reg_675">
<pin_list>
<pin id="676" dir="0" index="0" bw="11" slack="1"/>
<pin id="677" dir="1" index="1" bw="11" slack="1"/>
</pin_list>
<bind>
<opset="shl_ln "/>
</bind>
</comp>

<comp id="680" class="1005" name="out_pkt_last_V_reg_680">
<pin_list>
<pin id="681" dir="0" index="0" bw="1" slack="3"/>
<pin id="682" dir="1" index="1" bw="1" slack="3"/>
</pin_list>
<bind>
<opset="out_pkt_last_V "/>
</bind>
</comp>

<comp id="685" class="1005" name="targetBlock_reg_685">
<pin_list>
<pin id="686" dir="0" index="0" bw="2" slack="1"/>
<pin id="687" dir="1" index="1" bw="2" slack="1"/>
</pin_list>
<bind>
<opset="targetBlock "/>
</bind>
</comp>

<comp id="690" class="1005" name="p_Val2_1_reg_690">
<pin_list>
<pin id="691" dir="0" index="0" bw="16" slack="1"/>
<pin id="692" dir="1" index="1" bw="16" slack="1"/>
</pin_list>
<bind>
<opset="p_Val2_1 "/>
</bind>
</comp>

<comp id="695" class="1005" name="overflow_reg_695">
<pin_list>
<pin id="696" dir="0" index="0" bw="1" slack="1"/>
<pin id="697" dir="1" index="1" bw="1" slack="1"/>
</pin_list>
<bind>
<opset="overflow "/>
</bind>
</comp>

<comp id="700" class="1005" name="or_ln384_reg_700">
<pin_list>
<pin id="701" dir="0" index="0" bw="1" slack="1"/>
<pin id="702" dir="1" index="1" bw="1" slack="1"/>
</pin_list>
<bind>
<opset="or_ln384 "/>
</bind>
</comp>

<comp id="705" class="1005" name="zext_ln414_reg_705">
<pin_list>
<pin id="706" dir="0" index="0" bw="32" slack="1"/>
<pin id="707" dir="1" index="1" bw="32" slack="1"/>
</pin_list>
<bind>
<opset="zext_ln414 "/>
</bind>
</comp>

</comp_list>

<net_list>
<net id="175"><net_src comp="50" pin="0"/><net_sink comp="172" pin=0"/></net>

<net id="179"><net_src comp="54" pin="0"/><net_sink comp="176" pin=0"/></net>

<net id="183"><net_src comp="54" pin="0"/><net_sink comp="180" pin=0"/></net>

<net id="187"><net_src comp="54" pin="0"/><net_sink comp="184" pin=0"/></net>

<net id="191"><net_src comp="54" pin="0"/><net_sink comp="188" pin=0"/></net>

<net id="196"><net_src comp="52" pin="0"/><net_sink comp="192" pin=0"/></net>

<net id="197"><net_src comp="40" pin="0"/><net_sink comp="192" pin=1"/></net>

<net id="202"><net_src comp="52" pin="0"/><net_sink comp="198" pin=0"/></net>

<net id="203"><net_src comp="38" pin="0"/><net_sink comp="198" pin=1"/></net>

<net id="208"><net_src comp="52" pin="0"/><net_sink comp="204" pin=0"/></net>

<net id="209"><net_src comp="36" pin="0"/><net_sink comp="204" pin=1"/></net>

<net id="227"><net_src comp="162" pin="0"/><net_sink comp="210" pin=0"/></net>

<net id="228"><net_src comp="22" pin="0"/><net_sink comp="210" pin=1"/></net>

<net id="229"><net_src comp="24" pin="0"/><net_sink comp="210" pin=2"/></net>

<net id="230"><net_src comp="26" pin="0"/><net_sink comp="210" pin=3"/></net>

<net id="231"><net_src comp="28" pin="0"/><net_sink comp="210" pin=4"/></net>

<net id="232"><net_src comp="30" pin="0"/><net_sink comp="210" pin=5"/></net>

<net id="233"><net_src comp="32" pin="0"/><net_sink comp="210" pin=6"/></net>

<net id="234"><net_src comp="34" pin="0"/><net_sink comp="210" pin=7"/></net>

<net id="235"><net_src comp="164" pin="0"/><net_sink comp="210" pin=9"/></net>

<net id="236"><net_src comp="164" pin="0"/><net_sink comp="210" pin=10"/></net>

<net id="237"><net_src comp="166" pin="0"/><net_sink comp="210" pin=11"/></net>

<net id="238"><net_src comp="166" pin="0"/><net_sink comp="210" pin=13"/></net>

<net id="239"><net_src comp="166" pin="0"/><net_sink comp="210" pin=14"/></net>

<net id="243"><net_src comp="64" pin="0"/><net_sink comp="240" pin=0"/></net>

<net id="250"><net_src comp="240" pin="1"/><net_sink comp="244" pin=2"/></net>

<net id="266"><net_src comp="108" pin="0"/><net_sink comp="251" pin=0"/></net>

<net id="267"><net_src comp="8" pin="0"/><net_sink comp="251" pin=2"/></net>

<net id="268"><net_src comp="10" pin="0"/><net_sink comp="251" pin=3"/></net>

<net id="269"><net_src comp="12" pin="0"/><net_sink comp="251" pin=4"/></net>

<net id="270"><net_src comp="14" pin="0"/><net_sink comp="251" pin=5"/></net>

<net id="271"><net_src comp="16" pin="0"/><net_sink comp="251" pin=6"/></net>

<net id="272"><net_src comp="18" pin="0"/><net_sink comp="251" pin=7"/></net>

<net id="273"><net_src comp="20" pin="0"/><net_sink comp="251" pin=8"/></net>

<net id="274"><net_src comp="42" pin="0"/><net_sink comp="251" pin=9"/></net>

<net id="275"><net_src comp="44" pin="0"/><net_sink comp="251" pin=10"/></net>

<net id="276"><net_src comp="46" pin="0"/><net_sink comp="251" pin=11"/></net>

<net id="277"><net_src comp="48" pin="0"/><net_sink comp="251" pin=12"/></net>

<net id="295"><net_src comp="122" pin="0"/><net_sink comp="278" pin=0"/></net>

<net id="296"><net_src comp="0" pin="0"/><net_sink comp="278" pin=3"/></net>

<net id="297"><net_src comp="2" pin="0"/><net_sink comp="278" pin=4"/></net>

<net id="298"><net_src comp="4" pin="0"/><net_sink comp="278" pin=5"/></net>

<net id="299"><net_src comp="6" pin="0"/><net_sink comp="278" pin=6"/></net>

<net id="300"><net_src comp="48" pin="0"/><net_sink comp="278" pin=11"/></net>

<net id="301"><net_src comp="46" pin="0"/><net_sink comp="278" pin=12"/></net>

<net id="302"><net_src comp="44" pin="0"/><net_sink comp="278" pin=13"/></net>

<net id="303"><net_src comp="42" pin="0"/><net_sink comp="278" pin=14"/></net>

<net id="308"><net_src comp="198" pin="2"/><net_sink comp="304" pin=0"/></net>

<net id="309"><net_src comp="100" pin="0"/><net_sink comp="304" pin=1"/></net>

<net id="314"><net_src comp="102" pin="0"/><net_sink comp="310" pin=0"/></net>

<net id="321"><net_src comp="315" pin="1"/><net_sink comp="318" pin=0"/></net>

<net id="326"><net_src comp="318" pin="1"/><net_sink comp="322" pin=0"/></net>

<net id="331"><net_src comp="315" pin="1"/><net_sink comp="327" pin=0"/></net>

<net id="332"><net_src comp="104" pin="0"/><net_sink comp="327" pin=1"/></net>

<net id="337"><net_src comp="244" pin="4"/><net_sink comp="333" pin=0"/></net>

<net id="342"><net_src comp="244" pin="4"/><net_sink comp="338" pin=0"/></net>

<net id="343"><net_src comp="50" pin="0"/><net_sink comp="338" pin=1"/></net>

<net id="347"><net_src comp="244" pin="4"/><net_sink comp="344" pin=0"/></net>

<net id="353"><net_src comp="118" pin="0"/><net_sink comp="348" pin=0"/></net>

<net id="354"><net_src comp="344" pin="1"/><net_sink comp="348" pin=1"/></net>

<net id="355"><net_src comp="120" pin="0"/><net_sink comp="348" pin=2"/></net>

<net id="356"><net_src comp="348" pin="3"/><net_sink comp="278" pin=2"/></net>

<net id="361"><net_src comp="244" pin="4"/><net_sink comp="357" pin=0"/></net>

<net id="386"><net_src comp="124" pin="0"/><net_sink comp="378" pin=0"/></net>

<net id="387"><net_src comp="366" pin="1"/><net_sink comp="378" pin=1"/></net>

<net id="388"><net_src comp="369" pin="1"/><net_sink comp="378" pin=2"/></net>

<net id="389"><net_src comp="372" pin="1"/><net_sink comp="378" pin=3"/></net>

<net id="390"><net_src comp="375" pin="1"/><net_sink comp="378" pin=4"/></net>

<net id="396"><net_src comp="126" pin="0"/><net_sink comp="391" pin=0"/></net>

<net id="397"><net_src comp="378" pin="6"/><net_sink comp="391" pin=1"/></net>

<net id="398"><net_src comp="128" pin="0"/><net_sink comp="391" pin=2"/></net>

<net id="405"><net_src comp="130" pin="0"/><net_sink comp="399" pin=0"/></net>

<net id="406"><net_src comp="378" pin="6"/><net_sink comp="399" pin=1"/></net>

<net id="407"><net_src comp="132" pin="0"/><net_sink comp="399" pin=2"/></net>

<net id="408"><net_src comp="134" pin="0"/><net_sink comp="399" pin=3"/></net>

<net id="414"><net_src comp="126" pin="0"/><net_sink comp="409" pin=0"/></net>

<net id="415"><net_src comp="378" pin="6"/><net_sink comp="409" pin=1"/></net>

<net id="416"><net_src comp="134" pin="0"/><net_sink comp="409" pin=2"/></net>

<net id="422"><net_src comp="126" pin="0"/><net_sink comp="417" pin=0"/></net>

<net id="423"><net_src comp="378" pin="6"/><net_sink comp="417" pin=1"/></net>

<net id="424"><net_src comp="136" pin="0"/><net_sink comp="417" pin=2"/></net>

<net id="428"><net_src comp="417" pin="3"/><net_sink comp="425" pin=0"/></net>

<net id="433"><net_src comp="425" pin="1"/><net_sink comp="429" pin=0"/></net>

<net id="434"><net_src comp="399" pin="4"/><net_sink comp="429" pin=1"/></net>

<net id="440"><net_src comp="138" pin="0"/><net_sink comp="435" pin=0"/></net>

<net id="441"><net_src comp="429" pin="2"/><net_sink comp="435" pin=1"/></net>

<net id="442"><net_src comp="140" pin="0"/><net_sink comp="435" pin=2"/></net>

<net id="447"><net_src comp="435" pin="3"/><net_sink comp="443" pin=0"/></net>

<net id="448"><net_src comp="142" pin="0"/><net_sink comp="443" pin=1"/></net>

<net id="453"><net_src comp="409" pin="3"/><net_sink comp="449" pin=0"/></net>

<net id="454"><net_src comp="443" pin="2"/><net_sink comp="449" pin=1"/></net>

<net id="461"><net_src comp="144" pin="0"/><net_sink comp="455" pin=0"/></net>

<net id="462"><net_src comp="378" pin="6"/><net_sink comp="455" pin=1"/></net>

<net id="463"><net_src comp="146" pin="0"/><net_sink comp="455" pin=2"/></net>

<net id="464"><net_src comp="128" pin="0"/><net_sink comp="455" pin=3"/></net>

<net id="469"><net_src comp="455" pin="4"/><net_sink comp="465" pin=0"/></net>

<net id="470"><net_src comp="148" pin="0"/><net_sink comp="465" pin=1"/></net>

<net id="477"><net_src comp="150" pin="0"/><net_sink comp="471" pin=0"/></net>

<net id="478"><net_src comp="378" pin="6"/><net_sink comp="471" pin=1"/></net>

<net id="479"><net_src comp="152" pin="0"/><net_sink comp="471" pin=2"/></net>

<net id="480"><net_src comp="128" pin="0"/><net_sink comp="471" pin=3"/></net>

<net id="485"><net_src comp="471" pin="4"/><net_sink comp="481" pin=0"/></net>

<net id="486"><net_src comp="154" pin="0"/><net_sink comp="481" pin=1"/></net>

<net id="491"><net_src comp="471" pin="4"/><net_sink comp="487" pin=0"/></net>

<net id="492"><net_src comp="156" pin="0"/><net_sink comp="487" pin=1"/></net>

<net id="498"><net_src comp="449" pin="2"/><net_sink comp="493" pin=0"/></net>

<net id="499"><net_src comp="481" pin="2"/><net_sink comp="493" pin=1"/></net>

<net id="500"><net_src comp="487" pin="2"/><net_sink comp="493" pin=2"/></net>

<net id="506"><net_src comp="126" pin="0"/><net_sink comp="501" pin=0"/></net>

<net id="507"><net_src comp="378" pin="6"/><net_sink comp="501" pin=1"/></net>

<net id="508"><net_src comp="152" pin="0"/><net_sink comp="501" pin=2"/></net>

<net id="513"><net_src comp="501" pin="3"/><net_sink comp="509" pin=0"/></net>

<net id="514"><net_src comp="142" pin="0"/><net_sink comp="509" pin=1"/></net>

<net id="519"><net_src comp="465" pin="2"/><net_sink comp="515" pin=0"/></net>

<net id="520"><net_src comp="509" pin="2"/><net_sink comp="515" pin=1"/></net>

<net id="526"><net_src comp="449" pin="2"/><net_sink comp="521" pin=0"/></net>

<net id="527"><net_src comp="515" pin="2"/><net_sink comp="521" pin=1"/></net>

<net id="528"><net_src comp="481" pin="2"/><net_sink comp="521" pin=2"/></net>

<net id="533"><net_src comp="449" pin="2"/><net_sink comp="529" pin=0"/></net>

<net id="534"><net_src comp="481" pin="2"/><net_sink comp="529" pin=1"/></net>

<net id="539"><net_src comp="493" pin="3"/><net_sink comp="535" pin=0"/></net>

<net id="540"><net_src comp="142" pin="0"/><net_sink comp="535" pin=1"/></net>

<net id="545"><net_src comp="435" pin="3"/><net_sink comp="541" pin=0"/></net>

<net id="546"><net_src comp="535" pin="2"/><net_sink comp="541" pin=1"/></net>

<net id="551"><net_src comp="391" pin="3"/><net_sink comp="547" pin=0"/></net>

<net id="552"><net_src comp="142" pin="0"/><net_sink comp="547" pin=1"/></net>

<net id="557"><net_src comp="541" pin="2"/><net_sink comp="553" pin=0"/></net>

<net id="558"><net_src comp="547" pin="2"/><net_sink comp="553" pin=1"/></net>

<net id="563"><net_src comp="435" pin="3"/><net_sink comp="559" pin=0"/></net>

<net id="564"><net_src comp="521" pin="3"/><net_sink comp="559" pin=1"/></net>

<net id="569"><net_src comp="529" pin="2"/><net_sink comp="565" pin=0"/></net>

<net id="570"><net_src comp="559" pin="2"/><net_sink comp="565" pin=1"/></net>

<net id="575"><net_src comp="565" pin="2"/><net_sink comp="571" pin=0"/></net>

<net id="576"><net_src comp="142" pin="0"/><net_sink comp="571" pin=1"/></net>

<net id="581"><net_src comp="391" pin="3"/><net_sink comp="577" pin=0"/></net>

<net id="582"><net_src comp="571" pin="2"/><net_sink comp="577" pin=1"/></net>

<net id="587"><net_src comp="553" pin="2"/><net_sink comp="583" pin=0"/></net>

<net id="588"><net_src comp="577" pin="2"/><net_sink comp="583" pin=1"/></net>

<net id="594"><net_src comp="158" pin="0"/><net_sink comp="589" pin=1"/></net>

<net id="595"><net_src comp="160" pin="0"/><net_sink comp="589" pin=2"/></net>

<net id="601"><net_src comp="589" pin="3"/><net_sink comp="596" pin=1"/></net>

<net id="605"><net_src comp="596" pin="3"/><net_sink comp="602" pin=0"/></net>

<net id="606"><net_src comp="602" pin="1"/><net_sink comp="210" pin=8"/></net>

<net id="610"><net_src comp="172" pin="1"/><net_sink comp="607" pin=0"/></net>

<net id="611"><net_src comp="607" pin="1"/><net_sink comp="310" pin=1"/></net>

<net id="612"><net_src comp="607" pin="1"/><net_sink comp="315" pin=0"/></net>

<net id="613"><net_src comp="607" pin="1"/><net_sink comp="362" pin=1"/></net>

<net id="617"><net_src comp="192" pin="2"/><net_sink comp="614" pin=0"/></net>

<net id="618"><net_src comp="614" pin="1"/><net_sink comp="251" pin=1"/></net>

<net id="619"><net_src comp="614" pin="1"/><net_sink comp="278" pin=1"/></net>

<net id="623"><net_src comp="198" pin="2"/><net_sink comp="620" pin=0"/></net>

<net id="624"><net_src comp="620" pin="1"/><net_sink comp="333" pin=1"/></net>

<net id="628"><net_src comp="204" pin="2"/><net_sink comp="625" pin=0"/></net>

<net id="629"><net_src comp="625" pin="1"/><net_sink comp="322" pin=1"/></net>

<net id="633"><net_src comp="176" pin="1"/><net_sink comp="630" pin=0"/></net>

<net id="634"><net_src comp="630" pin="1"/><net_sink comp="278" pin=10"/></net>

<net id="635"><net_src comp="630" pin="1"/><net_sink comp="375" pin=0"/></net>

<net id="639"><net_src comp="180" pin="1"/><net_sink comp="636" pin=0"/></net>

<net id="640"><net_src comp="636" pin="1"/><net_sink comp="278" pin=9"/></net>

<net id="641"><net_src comp="636" pin="1"/><net_sink comp="372" pin=0"/></net>

<net id="645"><net_src comp="184" pin="1"/><net_sink comp="642" pin=0"/></net>

<net id="646"><net_src comp="642" pin="1"/><net_sink comp="278" pin=8"/></net>

<net id="647"><net_src comp="642" pin="1"/><net_sink comp="369" pin=0"/></net>

<net id="651"><net_src comp="188" pin="1"/><net_sink comp="648" pin=0"/></net>

<net id="652"><net_src comp="648" pin="1"/><net_sink comp="278" pin=7"/></net>

<net id="653"><net_src comp="648" pin="1"/><net_sink comp="366" pin=0"/></net>

<net id="657"><net_src comp="304" pin="2"/><net_sink comp="654" pin=0"/></net>

<net id="658"><net_src comp="654" pin="1"/><net_sink comp="357" pin=1"/></net>

<net id="665"><net_src comp="327" pin="2"/><net_sink comp="662" pin=0"/></net>

<net id="666"><net_src comp="662" pin="1"/><net_sink comp="362" pin=0"/></net>

<net id="673"><net_src comp="338" pin="2"/><net_sink comp="670" pin=0"/></net>

<net id="674"><net_src comp="670" pin="1"/><net_sink comp="244" pin=0"/></net>

<net id="678"><net_src comp="348" pin="3"/><net_sink comp="675" pin=0"/></net>

<net id="679"><net_src comp="675" pin="1"/><net_sink comp="278" pin=2"/></net>

<net id="683"><net_src comp="357" pin="2"/><net_sink comp="680" pin=0"/></net>

<net id="684"><net_src comp="680" pin="1"/><net_sink comp="210" pin=12"/></net>

<net id="688"><net_src comp="278" pin="15"/><net_sink comp="685" pin=0"/></net>

<net id="689"><net_src comp="685" pin="1"/><net_sink comp="378" pin=5"/></net>

<net id="693"><net_src comp="429" pin="2"/><net_sink comp="690" pin=0"/></net>

<net id="694"><net_src comp="690" pin="1"/><net_sink comp="596" pin=2"/></net>

<net id="698"><net_src comp="553" pin="2"/><net_sink comp="695" pin=0"/></net>

<net id="699"><net_src comp="695" pin="1"/><net_sink comp="589" pin=0"/></net>

<net id="703"><net_src comp="583" pin="2"/><net_sink comp="700" pin=0"/></net>

<net id="704"><net_src comp="700" pin="1"/><net_sink comp="596" pin=0"/></net>

<net id="708"><net_src comp="602" pin="1"/><net_sink comp="705" pin=0"/></net>

<net id="709"><net_src comp="705" pin="1"/><net_sink comp="210" pin=8"/></net>

</net_list>

</model> 
---------------- Datapath Model END ------------------

* FSMD analyzer results:
  - Output states:
	Port: out_stream_V_data_V | {9 }
	Port: out_stream_V_keep_V | {9 }
	Port: out_stream_V_strb_V | {9 }
	Port: out_stream_V_user_V | {9 }
	Port: out_stream_V_last_V | {9 }
	Port: out_stream_V_id_V | {9 }
	Port: out_stream_V_dest_V | {9 }
	Port: x_localbuff_V_0 | {2 3 }
	Port: x_localbuff_V_1 | {2 3 }
	Port: x_localbuff_V_2 | {2 3 }
	Port: x_localbuff_V_3 | {2 3 }
 - Input state : 
	Port: matVecMul : A_0 | {5 6 }
	Port: matVecMul : A_1 | {5 6 }
	Port: matVecMul : A_2 | {5 6 }
	Port: matVecMul : A_3 | {5 6 }
	Port: matVecMul : in_stream_V_data_V | {2 3 }
	Port: matVecMul : in_stream_V_keep_V | {2 3 }
	Port: matVecMul : in_stream_V_strb_V | {2 3 }
	Port: matVecMul : in_stream_V_user_V | {2 3 }
	Port: matVecMul : in_stream_V_last_V | {2 3 }
	Port: matVecMul : in_stream_V_id_V | {2 3 }
	Port: matVecMul : in_stream_V_dest_V | {2 3 }
	Port: matVecMul : no_of_vectors | {1 }
	Port: matVecMul : row_size | {1 }
	Port: matVecMul : col_size | {1 }
	Port: matVecMul : x_localbuff_V_0 | {5 6 }
	Port: matVecMul : x_localbuff_V_1 | {5 6 }
	Port: matVecMul : x_localbuff_V_2 | {5 6 }
	Port: matVecMul : x_localbuff_V_3 | {5 6 }
  - Chain level:
	State 1
		store_ln32 : 1
	State 2
		zext_ln32 : 1
		icmp_ln32 : 2
		add_ln32 : 1
		br_ln32 : 3
	State 3
	State 4
	State 5
		icmp_ln44 : 1
		add_ln44 : 1
		br_ln44 : 2
		trunc_ln1169 : 1
		shl_ln : 2
		targetBlock : 3
		out_pkt_last_V : 1
	State 6
	State 7
		acc_V_lcssa : 1
		p_Result_s : 2
		p_Val2_s : 2
		p_Result_1 : 2
		tmp : 2
		zext_ln415 : 3
		p_Val2_1 : 4
		p_Result_2 : 5
		xor_ln416 : 6
		carry_1 : 6
		p_Result_7 : 2
		Range2_all_ones : 3
		p_Result_8 : 2
		Range1_all_ones : 3
		Range1_all_zeros : 3
		deleted_zeros : 6
		tmp_10 : 2
		xor_ln789 : 3
		and_ln789 : 3
		deleted_ones : 6
		and_ln790 : 6
		xor_ln794 : 7
		or_ln794 : 7
		xor_ln794_1 : 3
		overflow : 7
		and_ln795 : 7
		or_ln795 : 7
		xor_ln795 : 7
		underflow : 7
		or_ln384 : 7
	State 8
		val_V : 1
		zext_ln414 : 2
		write_ln304 : 3
	State 9


============================================================
+ Verbose Summary: Datapath Resource usage 
============================================================

* Functional unit list:
|----------|-------------------------------------------------|---------|---------|---------|---------|
| Operation|                 Functional Unit                 |   DSP   |  Delay  |    FF   |   LUT   |
|----------|-------------------------------------------------|---------|---------|---------|---------|
|   call   |    grp_matVecMul_Pipeline_sample_loop_fu_251    |    0    |    0    |    32   |    57   |
|          | grp_matVecMul_Pipeline_matmul_inner_loop_fu_278 |    4    |  26.996 |   775   |   1040  |
|----------|-------------------------------------------------|---------|---------|---------|---------|
|          |                    sub_fu_304                   |    0    |    0    |    0    |    39   |
|    add   |                 add_ln32_fu_327                 |    0    |    0    |    0    |    38   |
|          |                 add_ln44_fu_338                 |    0    |    0    |    0    |    39   |
|          |                 p_Val2_1_fu_429                 |    0    |    0    |    0    |    23   |
|----------|-------------------------------------------------|---------|---------|---------|---------|
|          |                 icmp_ln32_fu_322                |    0    |    0    |    0    |    18   |
|          |                 icmp_ln44_fu_333                |    0    |    0    |    0    |    18   |
|   icmp   |              out_pkt_last_V_fu_357              |    0    |    0    |    0    |    18   |
|          |              Range2_all_ones_fu_465             |    0    |    0    |    0    |    12   |
|          |              Range1_all_ones_fu_481             |    0    |    0    |    0    |    12   |
|          |             Range1_all_zeros_fu_487             |    0    |    0    |    0    |    12   |
|----------|-------------------------------------------------|---------|---------|---------|---------|
|          |               deleted_zeros_fu_493              |    0    |    0    |    0    |    2    |
|  select  |               deleted_ones_fu_521               |    0    |    0    |    0    |    2    |
|          |               select_ln384_fu_589               |    0    |    0    |    0    |    16   |
|          |                   val_V_fu_596                  |    0    |    0    |    0    |    16   |
|----------|-------------------------------------------------|---------|---------|---------|---------|
|    mux   |                acc_V_lcssa_fu_378               |    0    |    0    |    0    |    20   |
|----------|-------------------------------------------------|---------|---------|---------|---------|
|          |                  carry_1_fu_449                 |    0    |    0    |    0    |    2    |
|          |                 and_ln789_fu_515                |    0    |    0    |    0    |    2    |
|    and   |                 and_ln790_fu_529                |    0    |    0    |    0    |    2    |
|          |                 overflow_fu_553                 |    0    |    0    |    0    |    2    |
|          |                 and_ln795_fu_559                |    0    |    0    |    0    |    2    |
|          |                 underflow_fu_577                |    0    |    0    |    0    |    2    |
|----------|-------------------------------------------------|---------|---------|---------|---------|
|          |                 xor_ln416_fu_443                |    0    |    0    |    0    |    2    |
|          |                 xor_ln789_fu_509                |    0    |    0    |    0    |    2    |
|    xor   |                 xor_ln794_fu_535                |    0    |    0    |    0    |    2    |
|          |                xor_ln794_1_fu_547               |    0    |    0    |    0    |    2    |
|          |                 xor_ln795_fu_571                |    0    |    0    |    0    |    2    |
|----------|-------------------------------------------------|---------|---------|---------|---------|
|          |                 or_ln794_fu_541                 |    0    |    0    |    0    |    2    |
|    or    |                 or_ln795_fu_565                 |    0    |    0    |    0    |    2    |
|          |                 or_ln384_fu_583                 |    0    |    0    |    0    |    2    |
|----------|-------------------------------------------------|---------|---------|---------|---------|
|          |            col_size_read_read_fu_192            |    0    |    0    |    0    |    0    |
|   read   |            row_size_read_read_fu_198            |    0    |    0    |    0    |    0    |
|          |          no_of_vectors_read_read_fu_204         |    0    |    0    |    0    |    0    |
|----------|-------------------------------------------------|---------|---------|---------|---------|
|   write  |                 grp_write_fu_210                |    0    |    0    |    0    |    0    |
|----------|-------------------------------------------------|---------|---------|---------|---------|
|          |                 zext_ln32_fu_318                |    0    |    0    |    0    |    0    |
|   zext   |                zext_ln415_fu_425                |    0    |    0    |    0    |    0    |
|          |                zext_ln414_fu_602                |    0    |    0    |    0    |    0    |
|----------|-------------------------------------------------|---------|---------|---------|---------|
|   trunc  |               trunc_ln1169_fu_344               |    0    |    0    |    0    |    0    |
|----------|-------------------------------------------------|---------|---------|---------|---------|
|bitconcatenate|                  shl_ln_fu_348                  |    0    |    0    |    0    |    0    |
|----------|-------------------------------------------------|---------|---------|---------|---------|
|          |                p_Result_s_fu_391                |    0    |    0    |    0    |    0    |
|          |                p_Result_1_fu_409                |    0    |    0    |    0    |    0    |
| bitselect|                    tmp_fu_417                   |    0    |    0    |    0    |    0    |
|          |                p_Result_2_fu_435                |    0    |    0    |    0    |    0    |
|          |                  tmp_10_fu_501                  |    0    |    0    |    0    |    0    |
|----------|-------------------------------------------------|---------|---------|---------|---------|
|          |                 p_Val2_s_fu_399                 |    0    |    0    |    0    |    0    |
|partselect|                p_Result_7_fu_455                |    0    |    0    |    0    |    0    |
|          |                p_Result_8_fu_471                |    0    |    0    |    0    |    0    |
|----------|-------------------------------------------------|---------|---------|---------|---------|
|   Total  |                                                 |    4    |  26.996 |   807   |   1410  |
|----------|-------------------------------------------------|---------|---------|---------|---------|

Memories:
+---------------+--------+--------+--------+--------+
|               |  BRAM  |   FF   |   LUT  |  URAM  |
+---------------+--------+--------+--------+--------+
|x_localbuff_V_0|    0   |   32   |    4   |    0   |
|x_localbuff_V_1|    0   |   32   |    4   |    0   |
|x_localbuff_V_2|    0   |   32   |    4   |    0   |
|x_localbuff_V_3|    0   |   32   |    4   |    0   |
+---------------+--------+--------+--------+--------+
|     Total     |    0   |   128  |   16   |    0   |
+---------------+--------+--------+--------+--------+

* Register list:
+--------------------------+--------+
|                          |   FF   |
+--------------------------+--------+
|    acc_V_0_loc_reg_648   |   38   |
|     add_ln32_reg_662     |   31   |
|     add_ln44_reg_670     |   32   |
|   col_size_read_reg_614  |   32   |
|         i_reg_607        |   31   |
|         k_reg_240        |   32   |
|no_of_vectors_read_reg_625|   32   |
|     or_ln384_reg_700     |    1   |
|  out_pkt_last_V_reg_680  |    1   |
|     overflow_reg_695     |    1   |
|     p_Val2_1_reg_690     |   16   |
|   row_size_read_reg_620  |   32   |
|select_ln340_1_loc_reg_636|   38   |
|select_ln340_2_loc_reg_642|   38   |
| select_ln340_loc_reg_630 |   38   |
|      shl_ln_reg_675      |   11   |
|        sub_reg_654       |   32   |
|    targetBlock_reg_685   |    2   |
|    zext_ln414_reg_705    |   32   |
+--------------------------+--------+
|           Total          |   470  |
+--------------------------+--------+

* Multiplexer (MUX) list: 
|-------------------------------------------------|------|------|------|--------||---------||---------|
|                       Comp                      |  Pin | Size |  BW  | S x BW ||  Delay  ||   LUT   |
|-------------------------------------------------|------|------|------|--------||---------||---------|
|                 grp_write_fu_210                |  p8  |   2  |  16  |   32   ||    9    |
| grp_matVecMul_Pipeline_matmul_inner_loop_fu_278 |  p2  |   2  |  11  |   22   ||    9    |
|-------------------------------------------------|------|------|------|--------||---------||---------|
|                      Total                      |      |      |      |   54   ||  3.176  ||    18   |
|-------------------------------------------------|------|------|------|--------||---------||---------|



* Summary:
+-----------+--------+--------+--------+--------+--------+--------+
|           |  BRAM  |   DSP  |  Delay |   FF   |   LUT  |  URAM  |
+-----------+--------+--------+--------+--------+--------+--------+
|  Function |    -   |    4   |   26   |   807  |  1410  |    -   |
|   Memory  |    0   |    -   |    -   |   128  |   16   |    0   |
|Multiplexer|    -   |    -   |    3   |    -   |   18   |    -   |
|  Register |    -   |    -   |    -   |   470  |    -   |    -   |
+-----------+--------+--------+--------+--------+--------+--------+
|   Total   |    0   |    4   |   30   |  1405  |  1444  |    0   |
+-----------+--------+--------+--------+--------+--------+--------+
