

================================================================
== Vitis HLS Report for 'matVecMul_Pipeline_matmul_inner_loop'
================================================================
* Date:           Fri Jan  1 00:00:14 2021

* Version:        2021.1 (Build 3247384 on Thu Jun 10 19:36:07 MDT 2021)
* Project:        matVecMul_stream_prj
* Solution:       solution_chocolate (Vivado IP Flow Target)
* Product family: zynq
* Target device:  xc7z020-clg400-1


================================================================
== Performance Estimates
================================================================
+ Timing: 
    * Summary: 
    +--------+----------+-----------+------------+
    |  Clock |  Target  | Estimated | Uncertainty|
    +--------+----------+-----------+------------+
    |ap_clk  |  10.00 ns|  18.153 ns|     2.70 ns|
    +--------+----------+-----------+------------+

+ Latency: 
    * Summary: 
    +---------+---------+----------+----------+-----+-----+---------+
    |  Latency (cycles) |  Latency (absolute) |  Interval | Pipeline|
    |   min   |   max   |    min   |    max   | min | max |   Type  |
    +---------+---------+----------+----------+-----+-----+---------+
    |       23|       24|  0.418 us|  0.436 us|   23|   24|       no|
    +---------+---------+----------+----------+-----+-----+---------+

    + Detail: 
        * Instance: 
        N/A

        * Loop: 
        +---------------------+---------+---------+----------+-----------+-----------+------+----------+
        |                     |  Latency (cycles) | Iteration|  Initiation Interval  | Trip |          |
        |      Loop Name      |   min   |   max   |  Latency |  achieved |   target  | Count| Pipelined|
        +---------------------+---------+---------+----------+-----------+-----------+------+----------+
        |- matmul_inner_loop  |       21|       21|         6|          1|          1|    16|       yes|
        +---------------------+---------+---------+----------+-----------+-----------+------+----------+



================================================================
== Utilization Estimates
================================================================
* Summary: 
+-----------------+---------+-----+--------+-------+-----+
|       Name      | BRAM_18K| DSP |   FF   |  LUT  | URAM|
+-----------------+---------+-----+--------+-------+-----+
|DSP              |        -|    4|       -|      -|    -|
|Expression       |        -|    -|       0|   1091|    -|
|FIFO             |        -|    -|       -|      -|    -|
|Instance         |        -|    -|       -|      -|    -|
|Memory           |        -|    -|       -|      -|    -|
|Multiplexer      |        -|    -|       -|    115|    -|
|Register         |        -|    -|     689|    128|    -|
+-----------------+---------+-----+--------+-------+-----+
|Total            |        0|    4|     689|   1334|    0|
+-----------------+---------+-----+--------+-------+-----+
|Available        |      280|  220|  106400|  53200|    0|
+-----------------+---------+-----+--------+-------+-----+
|Utilization (%)  |        0|    1|      ~0|      2|    0|
+-----------------+---------+-----+--------+-------+-----+

+ Detail: 
    * Instance: 
    N/A

    * DSP: 
    +----------------------------+------------------------+-----------+
    |          Instance          |         Module         | Expression|
    +----------------------------+------------------------+-----------+
    |mul_mul_16s_16s_32_4_1_U13  |mul_mul_16s_16s_32_4_1  |    i0 * i1|
    |mul_mul_16s_16s_32_4_1_U14  |mul_mul_16s_16s_32_4_1  |    i0 * i1|
    |mul_mul_16s_16s_32_4_1_U15  |mul_mul_16s_16s_32_4_1  |    i0 * i1|
    |mul_mul_16s_16s_32_4_1_U16  |mul_mul_16s_16s_32_4_1  |    i0 * i1|
    +----------------------------+------------------------+-----------+

    * Memory: 
    N/A

    * FIFO: 
    N/A

    * Expression: 
    +------------------------------+----------+----+---+----+------------+------------+
    |         Variable Name        | Operation| DSP| FF| LUT| Bitwidth P0| Bitwidth P1|
    +------------------------------+----------+----+---+----+------------+------------+
    |add_ln1169_fu_316_p2          |         +|   0|  0|  12|          11|          11|
    |add_ln1245_1_fu_523_p2        |         +|   0|  0|  46|          39|          39|
    |add_ln1245_2_fu_595_p2        |         +|   0|  0|  46|          39|          39|
    |add_ln1245_3_fu_667_p2        |         +|   0|  0|  46|          39|          39|
    |add_ln1245_fu_451_p2          |         +|   0|  0|  46|          39|          39|
    |add_ln52_fu_398_p2            |         +|   0|  0|  71|          64|           3|
    |add_ln712_1_fu_537_p2         |         +|   0|  0|  45|          38|          38|
    |add_ln712_2_fu_609_p2         |         +|   0|  0|  45|          38|          38|
    |add_ln712_3_fu_681_p2         |         +|   0|  0|  45|          38|          38|
    |add_ln712_fu_465_p2           |         +|   0|  0|  45|          38|          38|
    |and_ln794_1_fu_557_p2         |       and|   0|  0|   2|           1|           1|
    |and_ln794_2_fu_629_p2         |       and|   0|  0|   2|           1|           1|
    |and_ln794_3_fu_701_p2         |       and|   0|  0|   2|           1|           1|
    |and_ln794_fu_485_p2           |       and|   0|  0|   2|           1|           1|
    |icmp_ln52_1_fu_371_p2         |      icmp|   0|  0|  29|          64|          64|
    |icmp_ln52_2_fu_382_p2         |      icmp|   0|  0|  29|          64|          64|
    |icmp_ln52_3_fu_393_p2         |      icmp|   0|  0|  29|          64|          64|
    |icmp_ln52_fu_301_p2           |      icmp|   0|  0|  29|          64|          64|
    |ap_predicate_tran7to8_state2  |        or|   0|  0|   2|           1|           1|
    |or_ln52_1_fu_376_p2           |        or|   0|  0|  64|          64|           2|
    |or_ln52_2_fu_387_p2           |        or|   0|  0|  64|          64|           2|
    |or_ln52_fu_365_p2             |        or|   0|  0|  64|          64|           1|
    |select_ln340_1_fu_577_p3      |    select|   0|  0|  38|           1|          38|
    |select_ln340_2_fu_649_p3      |    select|   0|  0|  38|           1|          38|
    |select_ln340_3_fu_721_p3      |    select|   0|  0|  38|           1|          38|
    |select_ln340_fu_505_p3        |    select|   0|  0|  38|           1|          38|
    |select_ln384_1_fu_569_p3      |    select|   0|  0|  39|           1|          37|
    |select_ln384_2_fu_641_p3      |    select|   0|  0|  39|           1|          37|
    |select_ln384_3_fu_713_p3      |    select|   0|  0|  39|           1|          37|
    |select_ln384_fu_497_p3        |    select|   0|  0|  39|           1|          37|
    |ap_enable_pp0                 |       xor|   0|  0|   2|           1|           2|
    |xor_ln340_1_fu_563_p2         |       xor|   0|  0|   2|           1|           1|
    |xor_ln340_2_fu_635_p2         |       xor|   0|  0|   2|           1|           1|
    |xor_ln340_3_fu_707_p2         |       xor|   0|  0|   2|           1|           1|
    |xor_ln340_fu_491_p2           |       xor|   0|  0|   2|           1|           1|
    |xor_ln794_1_fu_551_p2         |       xor|   0|  0|   2|           1|           2|
    |xor_ln794_2_fu_623_p2         |       xor|   0|  0|   2|           1|           2|
    |xor_ln794_3_fu_695_p2         |       xor|   0|  0|   2|           1|           2|
    |xor_ln794_fu_479_p2           |       xor|   0|  0|   2|           1|           2|
    +------------------------------+----------+----+---+----+------------+------------+
    |Total                         |          |   0|  0|1091|         853|         902|
    +------------------------------+----------+----+---+----+------------+------------+

    * Multiplexer: 
    +----------------------------------------+----+-----------+-----+-----------+
    |                  Name                  | LUT| Input Size| Bits| Total Bits|
    +----------------------------------------+----+-----------+-----+-----------+
    |UnifiedRetVal_reg_262                   |  20|          4|    2|          8|
    |acc_V_0_fu_110                          |   9|          2|   38|         76|
    |acc_V_0_out                             |  14|          3|   38|        114|
    |ap_NS_fsm                               |  25|          5|    1|          5|
    |ap_enable_reg_pp0_iter5                 |   9|          2|    1|          2|
    |ap_phi_mux_UnifiedRetVal_phi_fu_266_p8  |  20|          4|    2|          8|
    |ap_return                               |   9|          2|    2|          4|
    |l_0_fu_114                              |   9|          2|   64|        128|
    +----------------------------------------+----+-----------+-----+-----------+
    |Total                                   | 115|         24|  148|        345|
    +----------------------------------------+----+-----------+-----+-----------+

    * Register: 
    +-------------------------+----+----+-----+-----------+
    |           Name          | FF | LUT| Bits| Const Bits|
    +-------------------------+----+----+-----+-----------+
    |UnifiedRetVal_reg_262    |   2|   0|    2|          0|
    |acc_V_0_fu_110           |  38|   0|   38|          0|
    |acc_V_0_load_reg_905     |  38|   0|   38|          0|
    |ap_CS_fsm                |   4|   0|    4|          0|
    |ap_enable_reg_pp0_iter0  |   1|   0|    1|          0|
    |ap_enable_reg_pp0_iter1  |   1|   0|    1|          0|
    |ap_enable_reg_pp0_iter2  |   1|   0|    1|          0|
    |ap_enable_reg_pp0_iter3  |   1|   0|    1|          0|
    |ap_enable_reg_pp0_iter4  |   1|   0|    1|          0|
    |ap_enable_reg_pp0_iter5  |   1|   0|    1|          0|
    |ap_exit_tran_regpp0      |   1|   0|    2|          1|
    |ap_return_preg           |   2|   0|    2|          0|
    |icmp_ln52_1_reg_814      |   1|   0|    1|          0|
    |icmp_ln52_2_reg_823      |   1|   0|    1|          0|
    |icmp_ln52_3_reg_832      |   1|   0|    1|          0|
    |icmp_ln52_reg_785        |   1|   0|    1|          0|
    |l_0_fu_114               |  64|   0|   64|          0|
    |mul_ln1171_1_reg_887     |  32|   0|   32|          0|
    |mul_ln1171_2_reg_893     |  32|   0|   32|          0|
    |mul_ln1171_3_reg_899     |  32|   0|   32|          0|
    |mul_ln1171_reg_881       |  32|   0|   32|          0|
    |select_ln340_1_reg_915   |  38|   0|   38|          0|
    |select_ln340_2_reg_920   |  38|   0|   38|          0|
    |select_ln340_reg_910     |  38|   0|   38|          0|
    |zext_ln32_cast_reg_777   |  32|   0|   64|         32|
    |icmp_ln52_1_reg_814      |  64|  32|    1|          0|
    |icmp_ln52_2_reg_823      |  64|  32|    1|          0|
    |icmp_ln52_3_reg_832      |  64|  32|    1|          0|
    |icmp_ln52_reg_785        |  64|  32|    1|          0|
    +-------------------------+----+----+-----+-----------+
    |Total                    | 689| 128|  470|         33|
    +-------------------------+----+----+-----+-----------+



================================================================
== Interface
================================================================
* Summary: 
+---------------------------+-----+-----+------------+--------------------------------------+--------------+
|         RTL Ports         | Dir | Bits|  Protocol  |             Source Object            |    C Type    |
+---------------------------+-----+-----+------------+--------------------------------------+--------------+
|ap_clk                     |   in|    1|  ap_ctrl_hs|  matVecMul_Pipeline_matmul_inner_loop|  return value|
|ap_rst                     |   in|    1|  ap_ctrl_hs|  matVecMul_Pipeline_matmul_inner_loop|  return value|
|ap_start                   |   in|    1|  ap_ctrl_hs|  matVecMul_Pipeline_matmul_inner_loop|  return value|
|ap_done                    |  out|    1|  ap_ctrl_hs|  matVecMul_Pipeline_matmul_inner_loop|  return value|
|ap_idle                    |  out|    1|  ap_ctrl_hs|  matVecMul_Pipeline_matmul_inner_loop|  return value|
|ap_ready                   |  out|    1|  ap_ctrl_hs|  matVecMul_Pipeline_matmul_inner_loop|  return value|
|ap_return                  |  out|    2|  ap_ctrl_hs|  matVecMul_Pipeline_matmul_inner_loop|  return value|
|zext_ln32                  |   in|   32|     ap_none|                             zext_ln32|        scalar|
|shl_ln                     |   in|   11|     ap_none|                                shl_ln|        scalar|
|A_0_address0               |  out|   10|   ap_memory|                                   A_0|         array|
|A_0_ce0                    |  out|    1|   ap_memory|                                   A_0|         array|
|A_0_q0                     |   in|   16|   ap_memory|                                   A_0|         array|
|A_1_address0               |  out|   10|   ap_memory|                                   A_1|         array|
|A_1_ce0                    |  out|    1|   ap_memory|                                   A_1|         array|
|A_1_q0                     |   in|   16|   ap_memory|                                   A_1|         array|
|A_2_address0               |  out|   10|   ap_memory|                                   A_2|         array|
|A_2_ce0                    |  out|    1|   ap_memory|                                   A_2|         array|
|A_2_q0                     |   in|   16|   ap_memory|                                   A_2|         array|
|A_3_address0               |  out|   10|   ap_memory|                                   A_3|         array|
|A_3_ce0                    |  out|    1|   ap_memory|                                   A_3|         array|
|A_3_q0                     |   in|   16|   ap_memory|                                   A_3|         array|
|acc_V_0_out                |  out|   38|      ap_vld|                           acc_V_0_out|       pointer|
|acc_V_0_out_ap_vld         |  out|    1|      ap_vld|                           acc_V_0_out|       pointer|
|select_ln340_2_out         |  out|   38|      ap_vld|                    select_ln340_2_out|       pointer|
|select_ln340_2_out_ap_vld  |  out|    1|      ap_vld|                    select_ln340_2_out|       pointer|
|select_ln340_1_out         |  out|   38|      ap_vld|                    select_ln340_1_out|       pointer|
|select_ln340_1_out_ap_vld  |  out|    1|      ap_vld|                    select_ln340_1_out|       pointer|
|select_ln340_out           |  out|   38|      ap_vld|                      select_ln340_out|       pointer|
|select_ln340_out_ap_vld    |  out|    1|      ap_vld|                      select_ln340_out|       pointer|
|x_localbuff_V_3_address0   |  out|    4|   ap_memory|                       x_localbuff_V_3|         array|
|x_localbuff_V_3_ce0        |  out|    1|   ap_memory|                       x_localbuff_V_3|         array|
|x_localbuff_V_3_q0         |   in|   16|   ap_memory|                       x_localbuff_V_3|         array|
|x_localbuff_V_2_address0   |  out|    4|   ap_memory|                       x_localbuff_V_2|         array|
|x_localbuff_V_2_ce0        |  out|    1|   ap_memory|                       x_localbuff_V_2|         array|
|x_localbuff_V_2_q0         |   in|   16|   ap_memory|                       x_localbuff_V_2|         array|
|x_localbuff_V_1_address0   |  out|    4|   ap_memory|                       x_localbuff_V_1|         array|
|x_localbuff_V_1_ce0        |  out|    1|   ap_memory|                       x_localbuff_V_1|         array|
|x_localbuff_V_1_q0         |   in|   16|   ap_memory|                       x_localbuff_V_1|         array|
|x_localbuff_V_0_address0   |  out|    4|   ap_memory|                       x_localbuff_V_0|         array|
|x_localbuff_V_0_ce0        |  out|    1|   ap_memory|                       x_localbuff_V_0|         array|
|x_localbuff_V_0_q0         |   in|   16|   ap_memory|                       x_localbuff_V_0|         array|
+---------------------------+-----+-----+------------+--------------------------------------+--------------+

============================================================
+ Verbose Summary: Synthesis Manager
============================================================
InlineROM: 1
ExposeGlobal: 0
============================================================
+ Verbose Summary: CDFG Model
============================================================
IsTopModel: 0
ResetActiveHigh: 1
IsCombinational: 2
IsDatapathOnly: 2
HasWiredReturn: 1
HasMFsm: 2
HasVarLatency: 1
IsPipeline: 0
IsRtlPipelined: 0
IsInstanceOverlapped: 0
IsDontTouch: 0
HasImplIP: 0
IsGatedGlobalClock: 0

+ Individual pipeline summary: 
  * Pipeline-0: initiation interval (II) = 1, depth = 6


============================================================
+ Verbose Summary: Schedule
============================================================
* Number of FSM states : 9
* Pipeline : 1
  Pipeline-0 : II = 1, D = 6, States = { 2 3 4 5 6 7 }
* Dataflow Pipeline: 0

* FSM state transitions: 
1 --> 2 
2 --> 3 
3 --> 4 
4 --> 5 
5 --> 6 
6 --> 7 
7 --> 8 9 2 
8 --> 
9 --> 8 

* FSM state operations: 

State 1 <SV = 0> <Delay = 1.58>
ST_1 : Operation 10 [1/1] (0.00ns)   --->   "%acc_V_0 = alloca i32 1"   --->   Operation 10 'alloca' 'acc_V_0' <Predicate = true> <Delay = 0.00>
ST_1 : Operation 11 [1/1] (0.00ns)   --->   "%l_0 = alloca i32 1"   --->   Operation 11 'alloca' 'l_0' <Predicate = true> <Delay = 0.00>
ST_1 : Operation 12 [1/1] (0.00ns)   --->   "%shl_ln_read = read i11 @_ssdm_op_Read.ap_auto.i11, i11 %shl_ln"   --->   Operation 12 'read' 'shl_ln_read' <Predicate = true> <Delay = 0.00>
ST_1 : Operation 13 [1/1] (0.00ns)   --->   "%zext_ln32_read = read i32 @_ssdm_op_Read.ap_auto.i32, i32 %zext_ln32"   --->   Operation 13 'read' 'zext_ln32_read' <Predicate = true> <Delay = 0.00>
ST_1 : Operation 14 [1/1] (0.00ns)   --->   "%zext_ln32_cast = zext i32 %zext_ln32_read"   --->   Operation 14 'zext' 'zext_ln32_cast' <Predicate = true> <Delay = 0.00>
ST_1 : Operation 15 [1/1] (0.00ns)   --->   "%specmemcore_ln0 = specmemcore void @_ssdm_op_SpecMemCore, i16 %A_3, i64 666, i64 17, i64 1"   --->   Operation 15 'specmemcore' 'specmemcore_ln0' <Predicate = true> <Delay = 0.00>
ST_1 : Operation 16 [1/1] (0.00ns)   --->   "%specmemcore_ln0 = specmemcore void @_ssdm_op_SpecMemCore, i16 %A_2, i64 666, i64 17, i64 1"   --->   Operation 16 'specmemcore' 'specmemcore_ln0' <Predicate = true> <Delay = 0.00>
ST_1 : Operation 17 [1/1] (0.00ns)   --->   "%specmemcore_ln0 = specmemcore void @_ssdm_op_SpecMemCore, i16 %A_1, i64 666, i64 17, i64 1"   --->   Operation 17 'specmemcore' 'specmemcore_ln0' <Predicate = true> <Delay = 0.00>
ST_1 : Operation 18 [1/1] (0.00ns)   --->   "%specmemcore_ln0 = specmemcore void @_ssdm_op_SpecMemCore, i16 %A_0, i64 666, i64 17, i64 1"   --->   Operation 18 'specmemcore' 'specmemcore_ln0' <Predicate = true> <Delay = 0.00>
ST_1 : Operation 19 [1/1] (0.00ns)   --->   "%specinterface_ln0 = specinterface void @_ssdm_op_SpecInterface, i16 %A_3, void @empty_4, i32 0, i32 0, void @empty_0, i32 1, i32 0, void @empty_0, void @empty_0, void @empty_0, i32 0, i32 0, i32 0, i32 0, void @empty_0, void @empty_0"   --->   Operation 19 'specinterface' 'specinterface_ln0' <Predicate = true> <Delay = 0.00>
ST_1 : Operation 20 [1/1] (0.00ns)   --->   "%specinterface_ln0 = specinterface void @_ssdm_op_SpecInterface, i16 %A_2, void @empty_4, i32 0, i32 0, void @empty_0, i32 1, i32 0, void @empty_0, void @empty_0, void @empty_0, i32 0, i32 0, i32 0, i32 0, void @empty_0, void @empty_0"   --->   Operation 20 'specinterface' 'specinterface_ln0' <Predicate = true> <Delay = 0.00>
ST_1 : Operation 21 [1/1] (0.00ns)   --->   "%specinterface_ln0 = specinterface void @_ssdm_op_SpecInterface, i16 %A_1, void @empty_4, i32 0, i32 0, void @empty_0, i32 1, i32 0, void @empty_0, void @empty_0, void @empty_0, i32 0, i32 0, i32 0, i32 0, void @empty_0, void @empty_0"   --->   Operation 21 'specinterface' 'specinterface_ln0' <Predicate = true> <Delay = 0.00>
ST_1 : Operation 22 [1/1] (0.00ns)   --->   "%specinterface_ln0 = specinterface void @_ssdm_op_SpecInterface, i16 %A_0, void @empty_4, i32 0, i32 0, void @empty_0, i32 1, i32 0, void @empty_0, void @empty_0, void @empty_0, i32 0, i32 0, i32 0, i32 0, void @empty_0, void @empty_0"   --->   Operation 22 'specinterface' 'specinterface_ln0' <Predicate = true> <Delay = 0.00>
ST_1 : Operation 23 [1/1] (1.58ns)   --->   "%store_ln0 = store i64 0, i64 %l_0"   --->   Operation 23 'store' 'store_ln0' <Predicate = true> <Delay = 1.58>
ST_1 : Operation 24 [1/1] (1.58ns)   --->   "%store_ln0 = store i38 0, i38 %acc_V_0"   --->   Operation 24 'store' 'store_ln0' <Predicate = true> <Delay = 1.58>
ST_1 : Operation 25 [1/1] (0.00ns)   --->   "%br_ln0 = br void %_ZN13ap_fixed_baseILi39ELi23ELb1EL9ap_q_mode5EL9ap_o_mode3ELi0EEC2ILi38ELi22ELb1ELS0_0ELS1_0ELi0EEERKS_IXT_EXT0_EXT1_EXT2_EXT3_EXT4_EE.exit.i.i.0"   --->   Operation 25 'br' 'br_ln0' <Predicate = true> <Delay = 0.00>

State 2 <SV = 1> <Delay = 5.34>
ST_2 : Operation 26 [1/1] (0.00ns)   --->   "%l_0_load = load i64 %l_0" [../matVecMul.cpp:52]   --->   Operation 26 'load' 'l_0_load' <Predicate = true> <Delay = 0.00>
ST_2 : Operation 27 [1/1] (0.00ns)   --->   "%speclooptripcount_ln0 = speclooptripcount void @_ssdm_op_SpecLoopTripCount, i64 16, i64 16, i64 16"   --->   Operation 27 'speclooptripcount' 'speclooptripcount_ln0' <Predicate = true> <Delay = 0.00>
ST_2 : Operation 28 [1/1] (2.77ns)   --->   "%icmp_ln52 = icmp_eq  i64 %l_0_load, i64 %zext_ln32_cast" [../matVecMul.cpp:52]   --->   Operation 28 'icmp' 'icmp_ln52' <Predicate = true> <Delay = 2.77> <CoreInst = "Cmp">   --->   Core 9 'Cmp' <Latency = 0> <II = 1> <Delay = 2.77> <FuncUnit> <Opcode : 'icmp'> <InPorts = 2> <OutPorts = 1>
ST_2 : Operation 29 [1/1] (0.00ns)   --->   "%br_ln52 = br i1 %icmp_ln52, void %_ZN13ap_fixed_baseILi39ELi23ELb1EL9ap_q_mode5EL9ap_o_mode3ELi0EEC2ILi38ELi22ELb1ELS0_0ELS1_0ELi0EEERKS_IXT_EXT0_EXT1_EXT2_EXT3_EXT4_EE.exit.i.i.split.0, void %_ZN13ap_fixed_baseILi39ELi23ELb1EL9ap_q_mode5EL9ap_o_mode3ELi0EEC2ILi38ELi22ELb1ELS0_0ELS1_0ELi0EEERKS_IXT_EXT0_EXT1_EXT2_EXT3_EXT4_EE.exit.i.i.0.._crit_edge213.loopexit_ifconv_crit_edge.exitStub" [../matVecMul.cpp:52]   --->   Operation 29 'br' 'br_ln52' <Predicate = true> <Delay = 0.00>
ST_2 : Operation 30 [1/1] (0.00ns)   --->   "%trunc_ln1 = partselect i11 @_ssdm_op_PartSelect.i11.i64.i32.i32, i64 %l_0_load, i32 1, i32 11"   --->   Operation 30 'partselect' 'trunc_ln1' <Predicate = (!icmp_ln52)> <Delay = 0.00>
ST_2 : Operation 31 [1/1] (1.63ns)   --->   "%add_ln1169 = add i11 %trunc_ln1, i11 %shl_ln_read"   --->   Operation 31 'add' 'add_ln1169' <Predicate = (!icmp_ln52)> <Delay = 1.63> <CoreInst = "Adder">   --->   Core 1 'Adder' <Latency = 0> <II = 1> <Delay = 2.79> <FuncUnit> <Opcode : 'add' 'sub'> <InPorts = 2> <OutPorts = 1>
ST_2 : Operation 32 [1/1] (0.00ns)   --->   "%lshr_ln1169_1 = partselect i6 @_ssdm_op_PartSelect.i6.i11.i32.i32, i11 %add_ln1169, i32 5, i32 10"   --->   Operation 32 'partselect' 'lshr_ln1169_1' <Predicate = (!icmp_ln52)> <Delay = 0.00>
ST_2 : Operation 33 [1/1] (0.00ns)   --->   "%trunc_ln1169_1 = partselect i4 @_ssdm_op_PartSelect.i4.i64.i32.i32, i64 %l_0_load, i32 2, i32 5"   --->   Operation 33 'partselect' 'trunc_ln1169_1' <Predicate = (!icmp_ln52)> <Delay = 0.00>
ST_2 : Operation 34 [1/1] (0.00ns)   --->   "%tmp_7 = bitconcatenate i10 @_ssdm_op_BitConcatenate.i10.i6.i4, i6 %lshr_ln1169_1, i4 %trunc_ln1169_1"   --->   Operation 34 'bitconcatenate' 'tmp_7' <Predicate = (!icmp_ln52)> <Delay = 0.00>
ST_2 : Operation 35 [1/1] (0.00ns)   --->   "%zext_ln1169 = zext i10 %tmp_7"   --->   Operation 35 'zext' 'zext_ln1169' <Predicate = (!icmp_ln52)> <Delay = 0.00>
ST_2 : Operation 36 [1/1] (0.00ns)   --->   "%A_0_addr = getelementptr i16 %A_0, i64 0, i64 %zext_ln1169"   --->   Operation 36 'getelementptr' 'A_0_addr' <Predicate = (!icmp_ln52)> <Delay = 0.00>
ST_2 : Operation 37 [1/1] (0.00ns)   --->   "%A_1_addr = getelementptr i16 %A_1, i64 0, i64 %zext_ln1169"   --->   Operation 37 'getelementptr' 'A_1_addr' <Predicate = (!icmp_ln52)> <Delay = 0.00>
ST_2 : Operation 38 [1/1] (0.00ns)   --->   "%A_2_addr = getelementptr i16 %A_2, i64 0, i64 %zext_ln1169"   --->   Operation 38 'getelementptr' 'A_2_addr' <Predicate = (!icmp_ln52)> <Delay = 0.00>
ST_2 : Operation 39 [1/1] (0.00ns)   --->   "%A_3_addr = getelementptr i16 %A_3, i64 0, i64 %zext_ln1169"   --->   Operation 39 'getelementptr' 'A_3_addr' <Predicate = (!icmp_ln52)> <Delay = 0.00>
ST_2 : Operation 40 [2/2] (3.25ns)   --->   "%A_0_load = load i10 %A_0_addr"   --->   Operation 40 'load' 'A_0_load' <Predicate = (!icmp_ln52)> <Delay = 3.25> <CoreInst = "RAM_1P">   --->   Core 86 'RAM_1P' <Latency = 1> <II = 1> <Delay = 3.25> <Storage> <Opcode : 'load' 'store'> <Ports = 1> <Width = 16> <Depth = 1024> <RAM>
ST_2 : Operation 41 [1/1] (0.00ns)   --->   "%zext_ln1171 = zext i4 %trunc_ln1169_1"   --->   Operation 41 'zext' 'zext_ln1171' <Predicate = (!icmp_ln52)> <Delay = 0.00>
ST_2 : Operation 42 [1/1] (0.00ns)   --->   "%x_localbuff_V_0_addr = getelementptr i16 %x_localbuff_V_0, i64 0, i64 %zext_ln1171"   --->   Operation 42 'getelementptr' 'x_localbuff_V_0_addr' <Predicate = (!icmp_ln52)> <Delay = 0.00>
ST_2 : Operation 43 [2/2] (2.32ns)   --->   "%x_localbuff_V_0_load = load i4 %x_localbuff_V_0_addr"   --->   Operation 43 'load' 'x_localbuff_V_0_load' <Predicate = (!icmp_ln52)> <Delay = 2.32> <CoreInst = "RAM">   --->   Core 82 'RAM' <Latency = 1> <II = 1> <Delay = 2.32> <Storage> <Opcode : 'load' 'store'> <Ports = 2> <Width = 16> <Depth = 16> <RAM>
ST_2 : Operation 44 [1/1] (0.00ns) (grouped into LUT with out node icmp_ln52_1)   --->   "%or_ln52 = or i64 %l_0_load, i64 1" [../matVecMul.cpp:52]   --->   Operation 44 'or' 'or_ln52' <Predicate = (!icmp_ln52)> <Delay = 0.00>
ST_2 : Operation 45 [1/1] (2.77ns) (out node of the LUT)   --->   "%icmp_ln52_1 = icmp_eq  i64 %or_ln52, i64 %zext_ln32_cast" [../matVecMul.cpp:52]   --->   Operation 45 'icmp' 'icmp_ln52_1' <Predicate = (!icmp_ln52)> <Delay = 2.77> <CoreInst = "Cmp">   --->   Core 9 'Cmp' <Latency = 0> <II = 1> <Delay = 2.77> <FuncUnit> <Opcode : 'icmp'> <InPorts = 2> <OutPorts = 1>
ST_2 : Operation 46 [1/1] (0.00ns)   --->   "%br_ln52 = br i1 %icmp_ln52_1, void %_ZN13ap_fixed_baseILi39ELi23ELb1EL9ap_q_mode5EL9ap_o_mode3ELi0EEC2ILi38ELi22ELb1ELS0_0ELS1_0ELi0EEERKS_IXT_EXT0_EXT1_EXT2_EXT3_EXT4_EE.exit.i.i.split.1, void %_ZN13ap_fixed_baseILi39ELi23ELb1EL9ap_q_mode5EL9ap_o_mode3ELi0EEC2ILi38ELi22ELb1ELS0_0ELS1_0ELi0EEERKS_IXT_EXT0_EXT1_EXT2_EXT3_EXT4_EE.exit.i.i.split.0.._crit_edge213.loopexit_ifconv_crit_edge.exitStub" [../matVecMul.cpp:52]   --->   Operation 46 'br' 'br_ln52' <Predicate = (!icmp_ln52)> <Delay = 0.00>
ST_2 : Operation 47 [2/2] (3.25ns)   --->   "%A_1_load = load i10 %A_1_addr"   --->   Operation 47 'load' 'A_1_load' <Predicate = (!icmp_ln52 & !icmp_ln52_1)> <Delay = 3.25> <CoreInst = "RAM_1P">   --->   Core 86 'RAM_1P' <Latency = 1> <II = 1> <Delay = 3.25> <Storage> <Opcode : 'load' 'store'> <Ports = 1> <Width = 16> <Depth = 1024> <RAM>
ST_2 : Operation 48 [1/1] (0.00ns)   --->   "%x_localbuff_V_1_addr = getelementptr i16 %x_localbuff_V_1, i64 0, i64 %zext_ln1171"   --->   Operation 48 'getelementptr' 'x_localbuff_V_1_addr' <Predicate = (!icmp_ln52 & !icmp_ln52_1)> <Delay = 0.00>
ST_2 : Operation 49 [2/2] (2.32ns)   --->   "%x_localbuff_V_1_load = load i4 %x_localbuff_V_1_addr"   --->   Operation 49 'load' 'x_localbuff_V_1_load' <Predicate = (!icmp_ln52 & !icmp_ln52_1)> <Delay = 2.32> <CoreInst = "RAM">   --->   Core 82 'RAM' <Latency = 1> <II = 1> <Delay = 2.32> <Storage> <Opcode : 'load' 'store'> <Ports = 2> <Width = 16> <Depth = 16> <RAM>
ST_2 : Operation 50 [1/1] (0.00ns) (grouped into LUT with out node icmp_ln52_2)   --->   "%or_ln52_1 = or i64 %l_0_load, i64 2" [../matVecMul.cpp:52]   --->   Operation 50 'or' 'or_ln52_1' <Predicate = (!icmp_ln52 & !icmp_ln52_1)> <Delay = 0.00>
ST_2 : Operation 51 [1/1] (2.77ns) (out node of the LUT)   --->   "%icmp_ln52_2 = icmp_eq  i64 %or_ln52_1, i64 %zext_ln32_cast" [../matVecMul.cpp:52]   --->   Operation 51 'icmp' 'icmp_ln52_2' <Predicate = (!icmp_ln52 & !icmp_ln52_1)> <Delay = 2.77> <CoreInst = "Cmp">   --->   Core 9 'Cmp' <Latency = 0> <II = 1> <Delay = 2.77> <FuncUnit> <Opcode : 'icmp'> <InPorts = 2> <OutPorts = 1>
ST_2 : Operation 52 [1/1] (0.00ns)   --->   "%br_ln52 = br i1 %icmp_ln52_2, void %_ZN13ap_fixed_baseILi39ELi23ELb1EL9ap_q_mode5EL9ap_o_mode3ELi0EEC2ILi38ELi22ELb1ELS0_0ELS1_0ELi0EEERKS_IXT_EXT0_EXT1_EXT2_EXT3_EXT4_EE.exit.i.i.split.2, void %_ZN13ap_fixed_baseILi39ELi23ELb1EL9ap_q_mode5EL9ap_o_mode3ELi0EEC2ILi38ELi22ELb1ELS0_0ELS1_0ELi0EEERKS_IXT_EXT0_EXT1_EXT2_EXT3_EXT4_EE.exit.i.i.split.1.._crit_edge213.loopexit_ifconv_crit_edge.exitStub" [../matVecMul.cpp:52]   --->   Operation 52 'br' 'br_ln52' <Predicate = (!icmp_ln52 & !icmp_ln52_1)> <Delay = 0.00>
ST_2 : Operation 53 [2/2] (3.25ns)   --->   "%A_2_load = load i10 %A_2_addr"   --->   Operation 53 'load' 'A_2_load' <Predicate = (!icmp_ln52 & !icmp_ln52_1 & !icmp_ln52_2)> <Delay = 3.25> <CoreInst = "RAM_1P">   --->   Core 86 'RAM_1P' <Latency = 1> <II = 1> <Delay = 3.25> <Storage> <Opcode : 'load' 'store'> <Ports = 1> <Width = 16> <Depth = 1024> <RAM>
ST_2 : Operation 54 [1/1] (0.00ns)   --->   "%x_localbuff_V_2_addr = getelementptr i16 %x_localbuff_V_2, i64 0, i64 %zext_ln1171"   --->   Operation 54 'getelementptr' 'x_localbuff_V_2_addr' <Predicate = (!icmp_ln52 & !icmp_ln52_1 & !icmp_ln52_2)> <Delay = 0.00>
ST_2 : Operation 55 [2/2] (2.32ns)   --->   "%x_localbuff_V_2_load = load i4 %x_localbuff_V_2_addr"   --->   Operation 55 'load' 'x_localbuff_V_2_load' <Predicate = (!icmp_ln52 & !icmp_ln52_1 & !icmp_ln52_2)> <Delay = 2.32> <CoreInst = "RAM">   --->   Core 82 'RAM' <Latency = 1> <II = 1> <Delay = 2.32> <Storage> <Opcode : 'load' 'store'> <Ports = 2> <Width = 16> <Depth = 16> <RAM>
ST_2 : Operation 56 [1/1] (0.00ns) (grouped into LUT with out node icmp_ln52_3)   --->   "%or_ln52_2 = or i64 %l_0_load, i64 3" [../matVecMul.cpp:52]   --->   Operation 56 'or' 'or_ln52_2' <Predicate = (!icmp_ln52 & !icmp_ln52_1 & !icmp_ln52_2)> <Delay = 0.00>
ST_2 : Operation 57 [1/1] (2.77ns) (out node of the LUT)   --->   "%icmp_ln52_3 = icmp_eq  i64 %or_ln52_2, i64 %zext_ln32_cast" [../matVecMul.cpp:52]   --->   Operation 57 'icmp' 'icmp_ln52_3' <Predicate = (!icmp_ln52 & !icmp_ln52_1 & !icmp_ln52_2)> <Delay = 2.77> <CoreInst = "Cmp">   --->   Core 9 'Cmp' <Latency = 0> <II = 1> <Delay = 2.77> <FuncUnit> <Opcode : 'icmp'> <InPorts = 2> <OutPorts = 1>
ST_2 : Operation 58 [1/1] (0.00ns)   --->   "%br_ln52 = br i1 %icmp_ln52_3, void %_ZN13ap_fixed_baseILi39ELi23ELb1EL9ap_q_mode5EL9ap_o_mode3ELi0EEC2ILi38ELi22ELb1ELS0_0ELS1_0ELi0EEERKS_IXT_EXT0_EXT1_EXT2_EXT3_EXT4_EE.exit.i.i.split.3, void %_ZN13ap_fixed_baseILi39ELi23ELb1EL9ap_q_mode5EL9ap_o_mode3ELi0EEC2ILi38ELi22ELb1ELS0_0ELS1_0ELi0EEERKS_IXT_EXT0_EXT1_EXT2_EXT3_EXT4_EE.exit.i.i.split.2.._crit_edge213.loopexit_ifconv_crit_edge.exitStub" [../matVecMul.cpp:52]   --->   Operation 58 'br' 'br_ln52' <Predicate = (!icmp_ln52 & !icmp_ln52_1 & !icmp_ln52_2)> <Delay = 0.00>
ST_2 : Operation 59 [2/2] (3.25ns)   --->   "%A_3_load = load i10 %A_3_addr"   --->   Operation 59 'load' 'A_3_load' <Predicate = (!icmp_ln52 & !icmp_ln52_1 & !icmp_ln52_2 & !icmp_ln52_3)> <Delay = 3.25> <CoreInst = "RAM_1P">   --->   Core 86 'RAM_1P' <Latency = 1> <II = 1> <Delay = 3.25> <Storage> <Opcode : 'load' 'store'> <Ports = 1> <Width = 16> <Depth = 1024> <RAM>
ST_2 : Operation 60 [1/1] (0.00ns)   --->   "%x_localbuff_V_3_addr = getelementptr i16 %x_localbuff_V_3, i64 0, i64 %zext_ln1171"   --->   Operation 60 'getelementptr' 'x_localbuff_V_3_addr' <Predicate = (!icmp_ln52 & !icmp_ln52_1 & !icmp_ln52_2 & !icmp_ln52_3)> <Delay = 0.00>
ST_2 : Operation 61 [2/2] (2.32ns)   --->   "%x_localbuff_V_3_load = load i4 %x_localbuff_V_3_addr"   --->   Operation 61 'load' 'x_localbuff_V_3_load' <Predicate = (!icmp_ln52 & !icmp_ln52_1 & !icmp_ln52_2 & !icmp_ln52_3)> <Delay = 2.32> <CoreInst = "RAM">   --->   Core 82 'RAM' <Latency = 1> <II = 1> <Delay = 2.32> <Storage> <Opcode : 'load' 'store'> <Ports = 2> <Width = 16> <Depth = 16> <RAM>
ST_2 : Operation 62 [1/1] (3.52ns)   --->   "%add_ln52 = add i64 %l_0_load, i64 4" [../matVecMul.cpp:52]   --->   Operation 62 'add' 'add_ln52' <Predicate = (!icmp_ln52 & !icmp_ln52_1 & !icmp_ln52_2 & !icmp_ln52_3)> <Delay = 3.52> <CoreInst = "Adder">   --->   Core 1 'Adder' <Latency = 0> <II = 1> <Delay = 2.79> <FuncUnit> <Opcode : 'add' 'sub'> <InPorts = 2> <OutPorts = 1>
ST_2 : Operation 63 [1/1] (1.58ns)   --->   "%store_ln52 = store i64 %add_ln52, i64 %l_0" [../matVecMul.cpp:52]   --->   Operation 63 'store' 'store_ln52' <Predicate = (!icmp_ln52 & !icmp_ln52_1 & !icmp_ln52_2 & !icmp_ln52_3)> <Delay = 1.58>

State 3 <SV = 2> <Delay = 5.40>
ST_3 : Operation 64 [1/2] (3.25ns)   --->   "%A_0_load = load i10 %A_0_addr"   --->   Operation 64 'load' 'A_0_load' <Predicate = (!icmp_ln52)> <Delay = 3.25> <CoreInst = "RAM_1P">   --->   Core 86 'RAM_1P' <Latency = 1> <II = 1> <Delay = 3.25> <Storage> <Opcode : 'load' 'store'> <Ports = 1> <Width = 16> <Depth = 1024> <RAM>
ST_3 : Operation 65 [1/1] (0.00ns)   --->   "%sext_ln1169 = sext i16 %A_0_load"   --->   Operation 65 'sext' 'sext_ln1169' <Predicate = (!icmp_ln52)> <Delay = 0.00>
ST_3 : Operation 66 [1/2] (2.32ns)   --->   "%x_localbuff_V_0_load = load i4 %x_localbuff_V_0_addr"   --->   Operation 66 'load' 'x_localbuff_V_0_load' <Predicate = (!icmp_ln52)> <Delay = 2.32> <CoreInst = "RAM">   --->   Core 82 'RAM' <Latency = 1> <II = 1> <Delay = 2.32> <Storage> <Opcode : 'load' 'store'> <Ports = 2> <Width = 16> <Depth = 16> <RAM>
ST_3 : Operation 67 [1/1] (0.00ns)   --->   "%sext_ln1171 = sext i16 %x_localbuff_V_0_load"   --->   Operation 67 'sext' 'sext_ln1171' <Predicate = (!icmp_ln52)> <Delay = 0.00>
ST_3 : Operation 68 [4/4] (2.15ns) (root node of the DSP)   --->   "%mul_ln1171 = mul i32 %sext_ln1171, i32 %sext_ln1169"   --->   Operation 68 'mul' 'mul_ln1171' <Predicate = (!icmp_ln52)> <Delay = 2.15> <CoreInst = "DSP48">   --->   Core 119 'DSP48' <Latency = 3> <II = 1> <Delay = 2.15> <IPBlock> <Opcode : 'mul' 'add' 'sub' 'select'> <InPorts = 0> <OutPorts = 1> <Sync> <CReg>
ST_3 : Operation 69 [1/2] (3.25ns)   --->   "%A_1_load = load i10 %A_1_addr"   --->   Operation 69 'load' 'A_1_load' <Predicate = (!icmp_ln52 & !icmp_ln52_1)> <Delay = 3.25> <CoreInst = "RAM_1P">   --->   Core 86 'RAM_1P' <Latency = 1> <II = 1> <Delay = 3.25> <Storage> <Opcode : 'load' 'store'> <Ports = 1> <Width = 16> <Depth = 1024> <RAM>
ST_3 : Operation 70 [1/1] (0.00ns)   --->   "%sext_ln1169_1 = sext i16 %A_1_load"   --->   Operation 70 'sext' 'sext_ln1169_1' <Predicate = (!icmp_ln52 & !icmp_ln52_1)> <Delay = 0.00>
ST_3 : Operation 71 [1/2] (2.32ns)   --->   "%x_localbuff_V_1_load = load i4 %x_localbuff_V_1_addr"   --->   Operation 71 'load' 'x_localbuff_V_1_load' <Predicate = (!icmp_ln52 & !icmp_ln52_1)> <Delay = 2.32> <CoreInst = "RAM">   --->   Core 82 'RAM' <Latency = 1> <II = 1> <Delay = 2.32> <Storage> <Opcode : 'load' 'store'> <Ports = 2> <Width = 16> <Depth = 16> <RAM>
ST_3 : Operation 72 [1/1] (0.00ns)   --->   "%sext_ln1171_1 = sext i16 %x_localbuff_V_1_load"   --->   Operation 72 'sext' 'sext_ln1171_1' <Predicate = (!icmp_ln52 & !icmp_ln52_1)> <Delay = 0.00>
ST_3 : Operation 73 [4/4] (2.15ns) (root node of the DSP)   --->   "%mul_ln1171_1 = mul i32 %sext_ln1171_1, i32 %sext_ln1169_1"   --->   Operation 73 'mul' 'mul_ln1171_1' <Predicate = (!icmp_ln52 & !icmp_ln52_1)> <Delay = 2.15> <CoreInst = "DSP48">   --->   Core 119 'DSP48' <Latency = 3> <II = 1> <Delay = 2.15> <IPBlock> <Opcode : 'mul' 'add' 'sub' 'select'> <InPorts = 0> <OutPorts = 1> <Sync> <CReg>
ST_3 : Operation 74 [1/2] (3.25ns)   --->   "%A_2_load = load i10 %A_2_addr"   --->   Operation 74 'load' 'A_2_load' <Predicate = (!icmp_ln52 & !icmp_ln52_1 & !icmp_ln52_2)> <Delay = 3.25> <CoreInst = "RAM_1P">   --->   Core 86 'RAM_1P' <Latency = 1> <II = 1> <Delay = 3.25> <Storage> <Opcode : 'load' 'store'> <Ports = 1> <Width = 16> <Depth = 1024> <RAM>
ST_3 : Operation 75 [1/1] (0.00ns)   --->   "%sext_ln1169_2 = sext i16 %A_2_load"   --->   Operation 75 'sext' 'sext_ln1169_2' <Predicate = (!icmp_ln52 & !icmp_ln52_1 & !icmp_ln52_2)> <Delay = 0.00>
ST_3 : Operation 76 [1/2] (2.32ns)   --->   "%x_localbuff_V_2_load = load i4 %x_localbuff_V_2_addr"   --->   Operation 76 'load' 'x_localbuff_V_2_load' <Predicate = (!icmp_ln52 & !icmp_ln52_1 & !icmp_ln52_2)> <Delay = 2.32> <CoreInst = "RAM">   --->   Core 82 'RAM' <Latency = 1> <II = 1> <Delay = 2.32> <Storage> <Opcode : 'load' 'store'> <Ports = 2> <Width = 16> <Depth = 16> <RAM>
ST_3 : Operation 77 [1/1] (0.00ns)   --->   "%sext_ln1171_2 = sext i16 %x_localbuff_V_2_load"   --->   Operation 77 'sext' 'sext_ln1171_2' <Predicate = (!icmp_ln52 & !icmp_ln52_1 & !icmp_ln52_2)> <Delay = 0.00>
ST_3 : Operation 78 [4/4] (2.15ns) (root node of the DSP)   --->   "%mul_ln1171_2 = mul i32 %sext_ln1171_2, i32 %sext_ln1169_2"   --->   Operation 78 'mul' 'mul_ln1171_2' <Predicate = (!icmp_ln52 & !icmp_ln52_1 & !icmp_ln52_2)> <Delay = 2.15> <CoreInst = "DSP48">   --->   Core 119 'DSP48' <Latency = 3> <II = 1> <Delay = 2.15> <IPBlock> <Opcode : 'mul' 'add' 'sub' 'select'> <InPorts = 0> <OutPorts = 1> <Sync> <CReg>
ST_3 : Operation 79 [1/2] (3.25ns)   --->   "%A_3_load = load i10 %A_3_addr"   --->   Operation 79 'load' 'A_3_load' <Predicate = (!icmp_ln52 & !icmp_ln52_1 & !icmp_ln52_2 & !icmp_ln52_3)> <Delay = 3.25> <CoreInst = "RAM_1P">   --->   Core 86 'RAM_1P' <Latency = 1> <II = 1> <Delay = 3.25> <Storage> <Opcode : 'load' 'store'> <Ports = 1> <Width = 16> <Depth = 1024> <RAM>
ST_3 : Operation 80 [1/1] (0.00ns)   --->   "%sext_ln1169_3 = sext i16 %A_3_load"   --->   Operation 80 'sext' 'sext_ln1169_3' <Predicate = (!icmp_ln52 & !icmp_ln52_1 & !icmp_ln52_2 & !icmp_ln52_3)> <Delay = 0.00>
ST_3 : Operation 81 [1/2] (2.32ns)   --->   "%x_localbuff_V_3_load = load i4 %x_localbuff_V_3_addr"   --->   Operation 81 'load' 'x_localbuff_V_3_load' <Predicate = (!icmp_ln52 & !icmp_ln52_1 & !icmp_ln52_2 & !icmp_ln52_3)> <Delay = 2.32> <CoreInst = "RAM">   --->   Core 82 'RAM' <Latency = 1> <II = 1> <Delay = 2.32> <Storage> <Opcode : 'load' 'store'> <Ports = 2> <Width = 16> <Depth = 16> <RAM>
ST_3 : Operation 82 [1/1] (0.00ns)   --->   "%sext_ln1171_3 = sext i16 %x_localbuff_V_3_load"   --->   Operation 82 'sext' 'sext_ln1171_3' <Predicate = (!icmp_ln52 & !icmp_ln52_1 & !icmp_ln52_2 & !icmp_ln52_3)> <Delay = 0.00>
ST_3 : Operation 83 [4/4] (2.15ns) (root node of the DSP)   --->   "%mul_ln1171_3 = mul i32 %sext_ln1171_3, i32 %sext_ln1169_3"   --->   Operation 83 'mul' 'mul_ln1171_3' <Predicate = (!icmp_ln52 & !icmp_ln52_1 & !icmp_ln52_2 & !icmp_ln52_3)> <Delay = 2.15> <CoreInst = "DSP48">   --->   Core 119 'DSP48' <Latency = 3> <II = 1> <Delay = 2.15> <IPBlock> <Opcode : 'mul' 'add' 'sub' 'select'> <InPorts = 0> <OutPorts = 1> <Sync> <CReg>

State 4 <SV = 3> <Delay = 2.15>
ST_4 : Operation 84 [3/4] (2.15ns) (root node of the DSP)   --->   "%mul_ln1171 = mul i32 %sext_ln1171, i32 %sext_ln1169"   --->   Operation 84 'mul' 'mul_ln1171' <Predicate = (!icmp_ln52)> <Delay = 2.15> <CoreInst = "DSP48">   --->   Core 119 'DSP48' <Latency = 3> <II = 1> <Delay = 2.15> <IPBlock> <Opcode : 'mul' 'add' 'sub' 'select'> <InPorts = 0> <OutPorts = 1> <Sync> <CReg>
ST_4 : Operation 85 [3/4] (2.15ns) (root node of the DSP)   --->   "%mul_ln1171_1 = mul i32 %sext_ln1171_1, i32 %sext_ln1169_1"   --->   Operation 85 'mul' 'mul_ln1171_1' <Predicate = (!icmp_ln52 & !icmp_ln52_1)> <Delay = 2.15> <CoreInst = "DSP48">   --->   Core 119 'DSP48' <Latency = 3> <II = 1> <Delay = 2.15> <IPBlock> <Opcode : 'mul' 'add' 'sub' 'select'> <InPorts = 0> <OutPorts = 1> <Sync> <CReg>
ST_4 : Operation 86 [3/4] (2.15ns) (root node of the DSP)   --->   "%mul_ln1171_2 = mul i32 %sext_ln1171_2, i32 %sext_ln1169_2"   --->   Operation 86 'mul' 'mul_ln1171_2' <Predicate = (!icmp_ln52 & !icmp_ln52_1 & !icmp_ln52_2)> <Delay = 2.15> <CoreInst = "DSP48">   --->   Core 119 'DSP48' <Latency = 3> <II = 1> <Delay = 2.15> <IPBlock> <Opcode : 'mul' 'add' 'sub' 'select'> <InPorts = 0> <OutPorts = 1> <Sync> <CReg>
ST_4 : Operation 87 [3/4] (2.15ns) (root node of the DSP)   --->   "%mul_ln1171_3 = mul i32 %sext_ln1171_3, i32 %sext_ln1169_3"   --->   Operation 87 'mul' 'mul_ln1171_3' <Predicate = (!icmp_ln52 & !icmp_ln52_1 & !icmp_ln52_2 & !icmp_ln52_3)> <Delay = 2.15> <CoreInst = "DSP48">   --->   Core 119 'DSP48' <Latency = 3> <II = 1> <Delay = 2.15> <IPBlock> <Opcode : 'mul' 'add' 'sub' 'select'> <InPorts = 0> <OutPorts = 1> <Sync> <CReg>

State 5 <SV = 4> <Delay = 2.15>
ST_5 : Operation 88 [2/4] (2.15ns) (root node of the DSP)   --->   "%mul_ln1171 = mul i32 %sext_ln1171, i32 %sext_ln1169"   --->   Operation 88 'mul' 'mul_ln1171' <Predicate = (!icmp_ln52)> <Delay = 2.15> <CoreInst = "DSP48">   --->   Core 119 'DSP48' <Latency = 3> <II = 1> <Delay = 2.15> <IPBlock> <Opcode : 'mul' 'add' 'sub' 'select'> <InPorts = 0> <OutPorts = 1> <Sync> <CReg>
ST_5 : Operation 89 [2/4] (2.15ns) (root node of the DSP)   --->   "%mul_ln1171_1 = mul i32 %sext_ln1171_1, i32 %sext_ln1169_1"   --->   Operation 89 'mul' 'mul_ln1171_1' <Predicate = (!icmp_ln52 & !icmp_ln52_1)> <Delay = 2.15> <CoreInst = "DSP48">   --->   Core 119 'DSP48' <Latency = 3> <II = 1> <Delay = 2.15> <IPBlock> <Opcode : 'mul' 'add' 'sub' 'select'> <InPorts = 0> <OutPorts = 1> <Sync> <CReg>
ST_5 : Operation 90 [2/4] (2.15ns) (root node of the DSP)   --->   "%mul_ln1171_2 = mul i32 %sext_ln1171_2, i32 %sext_ln1169_2"   --->   Operation 90 'mul' 'mul_ln1171_2' <Predicate = (!icmp_ln52 & !icmp_ln52_1 & !icmp_ln52_2)> <Delay = 2.15> <CoreInst = "DSP48">   --->   Core 119 'DSP48' <Latency = 3> <II = 1> <Delay = 2.15> <IPBlock> <Opcode : 'mul' 'add' 'sub' 'select'> <InPorts = 0> <OutPorts = 1> <Sync> <CReg>
ST_5 : Operation 91 [2/4] (2.15ns) (root node of the DSP)   --->   "%mul_ln1171_3 = mul i32 %sext_ln1171_3, i32 %sext_ln1169_3"   --->   Operation 91 'mul' 'mul_ln1171_3' <Predicate = (!icmp_ln52 & !icmp_ln52_1 & !icmp_ln52_2 & !icmp_ln52_3)> <Delay = 2.15> <CoreInst = "DSP48">   --->   Core 119 'DSP48' <Latency = 3> <II = 1> <Delay = 2.15> <IPBlock> <Opcode : 'mul' 'add' 'sub' 'select'> <InPorts = 0> <OutPorts = 1> <Sync> <CReg>

State 6 <SV = 5> <Delay = 0.00>
ST_6 : Operation 92 [1/4] (0.00ns) (root node of the DSP)   --->   "%mul_ln1171 = mul i32 %sext_ln1171, i32 %sext_ln1169"   --->   Operation 92 'mul' 'mul_ln1171' <Predicate = (!icmp_ln52)> <Delay = 0.00> <CoreInst = "DSP48">   --->   Core 119 'DSP48' <Latency = 3> <II = 1> <Delay = 2.15> <IPBlock> <Opcode : 'mul' 'add' 'sub' 'select'> <InPorts = 0> <OutPorts = 1> <Sync> <CReg>
ST_6 : Operation 93 [1/4] (0.00ns) (root node of the DSP)   --->   "%mul_ln1171_1 = mul i32 %sext_ln1171_1, i32 %sext_ln1169_1"   --->   Operation 93 'mul' 'mul_ln1171_1' <Predicate = (!icmp_ln52 & !icmp_ln52_1)> <Delay = 0.00> <CoreInst = "DSP48">   --->   Core 119 'DSP48' <Latency = 3> <II = 1> <Delay = 2.15> <IPBlock> <Opcode : 'mul' 'add' 'sub' 'select'> <InPorts = 0> <OutPorts = 1> <Sync> <CReg>
ST_6 : Operation 94 [1/4] (0.00ns) (root node of the DSP)   --->   "%mul_ln1171_2 = mul i32 %sext_ln1171_2, i32 %sext_ln1169_2"   --->   Operation 94 'mul' 'mul_ln1171_2' <Predicate = (!icmp_ln52 & !icmp_ln52_1 & !icmp_ln52_2)> <Delay = 0.00> <CoreInst = "DSP48">   --->   Core 119 'DSP48' <Latency = 3> <II = 1> <Delay = 2.15> <IPBlock> <Opcode : 'mul' 'add' 'sub' 'select'> <InPorts = 0> <OutPorts = 1> <Sync> <CReg>
ST_6 : Operation 95 [1/4] (0.00ns) (root node of the DSP)   --->   "%mul_ln1171_3 = mul i32 %sext_ln1171_3, i32 %sext_ln1169_3"   --->   Operation 95 'mul' 'mul_ln1171_3' <Predicate = (!icmp_ln52 & !icmp_ln52_1 & !icmp_ln52_2 & !icmp_ln52_3)> <Delay = 0.00> <CoreInst = "DSP48">   --->   Core 119 'DSP48' <Latency = 3> <II = 1> <Delay = 2.15> <IPBlock> <Opcode : 'mul' 'add' 'sub' 'select'> <InPorts = 0> <OutPorts = 1> <Sync> <CReg>

State 7 <SV = 6> <Delay = 18.1>
ST_7 : Operation 96 [1/1] (0.00ns)   --->   "%acc_V_0_load = load i38 %acc_V_0"   --->   Operation 96 'load' 'acc_V_0_load' <Predicate = (!icmp_ln52)> <Delay = 0.00>
ST_7 : Operation 97 [1/1] (0.00ns)   --->   "%specpipeline_ln50 = specpipeline void @_ssdm_op_SpecPipeline, i32 1, i32 0, i32 0, i32 0, void @empty_0" [../matVecMul.cpp:50]   --->   Operation 97 'specpipeline' 'specpipeline_ln50' <Predicate = (!icmp_ln52)> <Delay = 0.00>
ST_7 : Operation 98 [1/1] (0.00ns)   --->   "%specloopname_ln50 = specloopname void @_ssdm_op_SpecLoopName, void @empty_15" [../matVecMul.cpp:50]   --->   Operation 98 'specloopname' 'specloopname_ln50' <Predicate = (!icmp_ln52)> <Delay = 0.00>
ST_7 : Operation 99 [1/1] (0.00ns)   --->   "%sext_ln712 = sext i38 %acc_V_0_load"   --->   Operation 99 'sext' 'sext_ln712' <Predicate = (!icmp_ln52)> <Delay = 0.00>
ST_7 : Operation 100 [1/1] (0.00ns)   --->   "%sext_ln712_1 = sext i32 %mul_ln1171"   --->   Operation 100 'sext' 'sext_ln712_1' <Predicate = (!icmp_ln52)> <Delay = 0.00>
ST_7 : Operation 101 [1/1] (0.00ns)   --->   "%sext_ln1245 = sext i32 %mul_ln1171"   --->   Operation 101 'sext' 'sext_ln1245' <Predicate = (!icmp_ln52)> <Delay = 0.00>
ST_7 : Operation 102 [1/1] (2.79ns)   --->   "%add_ln1245 = add i39 %sext_ln712, i39 %sext_ln712_1"   --->   Operation 102 'add' 'add_ln1245' <Predicate = (!icmp_ln52)> <Delay = 2.79> <CoreInst = "Adder">   --->   Core 1 'Adder' <Latency = 0> <II = 1> <Delay = 2.79> <FuncUnit> <Opcode : 'add' 'sub'> <InPorts = 2> <OutPorts = 1>
ST_7 : Operation 103 [1/1] (0.00ns)   --->   "%tmp = bitselect i1 @_ssdm_op_BitSelect.i1.i39.i32, i39 %add_ln1245, i32 38"   --->   Operation 103 'bitselect' 'tmp' <Predicate = (!icmp_ln52)> <Delay = 0.00>
ST_7 : Operation 104 [1/1] (2.79ns)   --->   "%add_ln712 = add i38 %acc_V_0_load, i38 %sext_ln1245"   --->   Operation 104 'add' 'add_ln712' <Predicate = (!icmp_ln52)> <Delay = 2.79> <CoreInst = "Adder">   --->   Core 1 'Adder' <Latency = 0> <II = 1> <Delay = 2.79> <FuncUnit> <Opcode : 'add' 'sub'> <InPorts = 2> <OutPorts = 1>
ST_7 : Operation 105 [1/1] (0.00ns)   --->   "%tmp_1 = bitselect i1 @_ssdm_op_BitSelect.i1.i38.i32, i38 %add_ln712, i32 37"   --->   Operation 105 'bitselect' 'tmp_1' <Predicate = (!icmp_ln52)> <Delay = 0.00>
ST_7 : Operation 106 [1/1] (0.00ns) (grouped into LUT with out node select_ln340)   --->   "%xor_ln794 = xor i1 %tmp, i1 1"   --->   Operation 106 'xor' 'xor_ln794' <Predicate = (!icmp_ln52)> <Delay = 0.00> <CoreInst = "LogicGate">   --->   Core 74 'LogicGate' <Latency = 0> <II = 1> <Delay = 0.97> <FuncUnit> <Opcode : 'and' 'or' 'xor'> <InPorts = 2> <OutPorts = 1>
ST_7 : Operation 107 [1/1] (0.00ns) (grouped into LUT with out node select_ln340)   --->   "%and_ln794 = and i1 %tmp_1, i1 %xor_ln794"   --->   Operation 107 'and' 'and_ln794' <Predicate = (!icmp_ln52)> <Delay = 0.00> <CoreInst = "LogicGate">   --->   Core 74 'LogicGate' <Latency = 0> <II = 1> <Delay = 0.97> <FuncUnit> <Opcode : 'and' 'or' 'xor'> <InPorts = 2> <OutPorts = 1>
ST_7 : Operation 108 [1/1] (0.00ns) (grouped into LUT with out node select_ln340)   --->   "%xor_ln340 = xor i1 %tmp, i1 %tmp_1"   --->   Operation 108 'xor' 'xor_ln340' <Predicate = (!icmp_ln52)> <Delay = 0.00> <CoreInst = "LogicGate">   --->   Core 74 'LogicGate' <Latency = 0> <II = 1> <Delay = 0.97> <FuncUnit> <Opcode : 'and' 'or' 'xor'> <InPorts = 2> <OutPorts = 1>
ST_7 : Operation 109 [1/1] (0.00ns) (grouped into LUT with out node select_ln340)   --->   "%select_ln384 = select i1 %and_ln794, i38 137438953471, i38 137438953472"   --->   Operation 109 'select' 'select_ln384' <Predicate = (!icmp_ln52)> <Delay = 0.00> <CoreInst = "Sel">   --->   Core 73 'Sel' <Latency = 0> <II = 1> <Delay = 1.45> <FuncUnit> <Opcode : 'select'> <InPorts = 3> <OutPorts = 1>
ST_7 : Operation 110 [1/1] (1.34ns) (out node of the LUT)   --->   "%select_ln340 = select i1 %xor_ln340, i38 %select_ln384, i38 %add_ln712"   --->   Operation 110 'select' 'select_ln340' <Predicate = (!icmp_ln52)> <Delay = 1.34> <CoreInst = "Sel">   --->   Core 73 'Sel' <Latency = 0> <II = 1> <Delay = 1.45> <FuncUnit> <Opcode : 'select'> <InPorts = 3> <OutPorts = 1>
ST_7 : Operation 111 [1/1] (0.00ns)   --->   "%sext_ln712_2 = sext i38 %select_ln340"   --->   Operation 111 'sext' 'sext_ln712_2' <Predicate = (!icmp_ln52 & !icmp_ln52_1)> <Delay = 0.00>
ST_7 : Operation 112 [1/1] (0.00ns)   --->   "%sext_ln712_3 = sext i32 %mul_ln1171_1"   --->   Operation 112 'sext' 'sext_ln712_3' <Predicate = (!icmp_ln52 & !icmp_ln52_1)> <Delay = 0.00>
ST_7 : Operation 113 [1/1] (0.00ns)   --->   "%sext_ln1245_1 = sext i32 %mul_ln1171_1"   --->   Operation 113 'sext' 'sext_ln1245_1' <Predicate = (!icmp_ln52 & !icmp_ln52_1)> <Delay = 0.00>
ST_7 : Operation 114 [1/1] (2.79ns)   --->   "%add_ln1245_1 = add i39 %sext_ln712_2, i39 %sext_ln712_3"   --->   Operation 114 'add' 'add_ln1245_1' <Predicate = (!icmp_ln52 & !icmp_ln52_1)> <Delay = 2.79> <CoreInst = "Adder">   --->   Core 1 'Adder' <Latency = 0> <II = 1> <Delay = 2.79> <FuncUnit> <Opcode : 'add' 'sub'> <InPorts = 2> <OutPorts = 1>
ST_7 : Operation 115 [1/1] (0.00ns)   --->   "%tmp_2 = bitselect i1 @_ssdm_op_BitSelect.i1.i39.i32, i39 %add_ln1245_1, i32 38"   --->   Operation 115 'bitselect' 'tmp_2' <Predicate = (!icmp_ln52 & !icmp_ln52_1)> <Delay = 0.00>
ST_7 : Operation 116 [1/1] (2.79ns)   --->   "%add_ln712_1 = add i38 %select_ln340, i38 %sext_ln1245_1"   --->   Operation 116 'add' 'add_ln712_1' <Predicate = (!icmp_ln52 & !icmp_ln52_1)> <Delay = 2.79> <CoreInst = "Adder">   --->   Core 1 'Adder' <Latency = 0> <II = 1> <Delay = 2.79> <FuncUnit> <Opcode : 'add' 'sub'> <InPorts = 2> <OutPorts = 1>
ST_7 : Operation 117 [1/1] (0.00ns)   --->   "%tmp_3 = bitselect i1 @_ssdm_op_BitSelect.i1.i38.i32, i38 %add_ln712_1, i32 37"   --->   Operation 117 'bitselect' 'tmp_3' <Predicate = (!icmp_ln52 & !icmp_ln52_1)> <Delay = 0.00>
ST_7 : Operation 118 [1/1] (0.00ns) (grouped into LUT with out node select_ln340_1)   --->   "%xor_ln794_1 = xor i1 %tmp_2, i1 1"   --->   Operation 118 'xor' 'xor_ln794_1' <Predicate = (!icmp_ln52 & !icmp_ln52_1)> <Delay = 0.00> <CoreInst = "LogicGate">   --->   Core 74 'LogicGate' <Latency = 0> <II = 1> <Delay = 0.97> <FuncUnit> <Opcode : 'and' 'or' 'xor'> <InPorts = 2> <OutPorts = 1>
ST_7 : Operation 119 [1/1] (0.00ns) (grouped into LUT with out node select_ln340_1)   --->   "%and_ln794_1 = and i1 %tmp_3, i1 %xor_ln794_1"   --->   Operation 119 'and' 'and_ln794_1' <Predicate = (!icmp_ln52 & !icmp_ln52_1)> <Delay = 0.00> <CoreInst = "LogicGate">   --->   Core 74 'LogicGate' <Latency = 0> <II = 1> <Delay = 0.97> <FuncUnit> <Opcode : 'and' 'or' 'xor'> <InPorts = 2> <OutPorts = 1>
ST_7 : Operation 120 [1/1] (0.00ns) (grouped into LUT with out node select_ln340_1)   --->   "%xor_ln340_1 = xor i1 %tmp_2, i1 %tmp_3"   --->   Operation 120 'xor' 'xor_ln340_1' <Predicate = (!icmp_ln52 & !icmp_ln52_1)> <Delay = 0.00> <CoreInst = "LogicGate">   --->   Core 74 'LogicGate' <Latency = 0> <II = 1> <Delay = 0.97> <FuncUnit> <Opcode : 'and' 'or' 'xor'> <InPorts = 2> <OutPorts = 1>
ST_7 : Operation 121 [1/1] (0.00ns) (grouped into LUT with out node select_ln340_1)   --->   "%select_ln384_1 = select i1 %and_ln794_1, i38 137438953471, i38 137438953472"   --->   Operation 121 'select' 'select_ln384_1' <Predicate = (!icmp_ln52 & !icmp_ln52_1)> <Delay = 0.00> <CoreInst = "Sel">   --->   Core 73 'Sel' <Latency = 0> <II = 1> <Delay = 1.45> <FuncUnit> <Opcode : 'select'> <InPorts = 3> <OutPorts = 1>
ST_7 : Operation 122 [1/1] (1.34ns) (out node of the LUT)   --->   "%select_ln340_1 = select i1 %xor_ln340_1, i38 %select_ln384_1, i38 %add_ln712_1"   --->   Operation 122 'select' 'select_ln340_1' <Predicate = (!icmp_ln52 & !icmp_ln52_1)> <Delay = 1.34> <CoreInst = "Sel">   --->   Core 73 'Sel' <Latency = 0> <II = 1> <Delay = 1.45> <FuncUnit> <Opcode : 'select'> <InPorts = 3> <OutPorts = 1>
ST_7 : Operation 123 [1/1] (0.00ns)   --->   "%sext_ln712_4 = sext i38 %select_ln340_1"   --->   Operation 123 'sext' 'sext_ln712_4' <Predicate = (!icmp_ln52 & !icmp_ln52_1 & !icmp_ln52_2)> <Delay = 0.00>
ST_7 : Operation 124 [1/1] (0.00ns)   --->   "%sext_ln712_5 = sext i32 %mul_ln1171_2"   --->   Operation 124 'sext' 'sext_ln712_5' <Predicate = (!icmp_ln52 & !icmp_ln52_1 & !icmp_ln52_2)> <Delay = 0.00>
ST_7 : Operation 125 [1/1] (0.00ns)   --->   "%sext_ln1245_2 = sext i32 %mul_ln1171_2"   --->   Operation 125 'sext' 'sext_ln1245_2' <Predicate = (!icmp_ln52 & !icmp_ln52_1 & !icmp_ln52_2)> <Delay = 0.00>
ST_7 : Operation 126 [1/1] (2.79ns)   --->   "%add_ln1245_2 = add i39 %sext_ln712_4, i39 %sext_ln712_5"   --->   Operation 126 'add' 'add_ln1245_2' <Predicate = (!icmp_ln52 & !icmp_ln52_1 & !icmp_ln52_2)> <Delay = 2.79> <CoreInst = "Adder">   --->   Core 1 'Adder' <Latency = 0> <II = 1> <Delay = 2.79> <FuncUnit> <Opcode : 'add' 'sub'> <InPorts = 2> <OutPorts = 1>
ST_7 : Operation 127 [1/1] (0.00ns)   --->   "%tmp_4 = bitselect i1 @_ssdm_op_BitSelect.i1.i39.i32, i39 %add_ln1245_2, i32 38"   --->   Operation 127 'bitselect' 'tmp_4' <Predicate = (!icmp_ln52 & !icmp_ln52_1 & !icmp_ln52_2)> <Delay = 0.00>
ST_7 : Operation 128 [1/1] (2.79ns)   --->   "%add_ln712_2 = add i38 %select_ln340_1, i38 %sext_ln1245_2"   --->   Operation 128 'add' 'add_ln712_2' <Predicate = (!icmp_ln52 & !icmp_ln52_1 & !icmp_ln52_2)> <Delay = 2.79> <CoreInst = "Adder">   --->   Core 1 'Adder' <Latency = 0> <II = 1> <Delay = 2.79> <FuncUnit> <Opcode : 'add' 'sub'> <InPorts = 2> <OutPorts = 1>
ST_7 : Operation 129 [1/1] (0.00ns)   --->   "%tmp_5 = bitselect i1 @_ssdm_op_BitSelect.i1.i38.i32, i38 %add_ln712_2, i32 37"   --->   Operation 129 'bitselect' 'tmp_5' <Predicate = (!icmp_ln52 & !icmp_ln52_1 & !icmp_ln52_2)> <Delay = 0.00>
ST_7 : Operation 130 [1/1] (0.00ns) (grouped into LUT with out node select_ln340_2)   --->   "%xor_ln794_2 = xor i1 %tmp_4, i1 1"   --->   Operation 130 'xor' 'xor_ln794_2' <Predicate = (!icmp_ln52 & !icmp_ln52_1 & !icmp_ln52_2)> <Delay = 0.00> <CoreInst = "LogicGate">   --->   Core 74 'LogicGate' <Latency = 0> <II = 1> <Delay = 0.97> <FuncUnit> <Opcode : 'and' 'or' 'xor'> <InPorts = 2> <OutPorts = 1>
ST_7 : Operation 131 [1/1] (0.00ns) (grouped into LUT with out node select_ln340_2)   --->   "%and_ln794_2 = and i1 %tmp_5, i1 %xor_ln794_2"   --->   Operation 131 'and' 'and_ln794_2' <Predicate = (!icmp_ln52 & !icmp_ln52_1 & !icmp_ln52_2)> <Delay = 0.00> <CoreInst = "LogicGate">   --->   Core 74 'LogicGate' <Latency = 0> <II = 1> <Delay = 0.97> <FuncUnit> <Opcode : 'and' 'or' 'xor'> <InPorts = 2> <OutPorts = 1>
ST_7 : Operation 132 [1/1] (0.00ns) (grouped into LUT with out node select_ln340_2)   --->   "%xor_ln340_2 = xor i1 %tmp_4, i1 %tmp_5"   --->   Operation 132 'xor' 'xor_ln340_2' <Predicate = (!icmp_ln52 & !icmp_ln52_1 & !icmp_ln52_2)> <Delay = 0.00> <CoreInst = "LogicGate">   --->   Core 74 'LogicGate' <Latency = 0> <II = 1> <Delay = 0.97> <FuncUnit> <Opcode : 'and' 'or' 'xor'> <InPorts = 2> <OutPorts = 1>
ST_7 : Operation 133 [1/1] (0.00ns) (grouped into LUT with out node select_ln340_2)   --->   "%select_ln384_2 = select i1 %and_ln794_2, i38 137438953471, i38 137438953472"   --->   Operation 133 'select' 'select_ln384_2' <Predicate = (!icmp_ln52 & !icmp_ln52_1 & !icmp_ln52_2)> <Delay = 0.00> <CoreInst = "Sel">   --->   Core 73 'Sel' <Latency = 0> <II = 1> <Delay = 1.45> <FuncUnit> <Opcode : 'select'> <InPorts = 3> <OutPorts = 1>
ST_7 : Operation 134 [1/1] (1.34ns) (out node of the LUT)   --->   "%select_ln340_2 = select i1 %xor_ln340_2, i38 %select_ln384_2, i38 %add_ln712_2"   --->   Operation 134 'select' 'select_ln340_2' <Predicate = (!icmp_ln52 & !icmp_ln52_1 & !icmp_ln52_2)> <Delay = 1.34> <CoreInst = "Sel">   --->   Core 73 'Sel' <Latency = 0> <II = 1> <Delay = 1.45> <FuncUnit> <Opcode : 'select'> <InPorts = 3> <OutPorts = 1>
ST_7 : Operation 135 [1/1] (0.00ns)   --->   "%sext_ln712_6 = sext i38 %select_ln340_2"   --->   Operation 135 'sext' 'sext_ln712_6' <Predicate = (!icmp_ln52 & !icmp_ln52_1 & !icmp_ln52_2 & !icmp_ln52_3)> <Delay = 0.00>
ST_7 : Operation 136 [1/1] (0.00ns)   --->   "%sext_ln712_7 = sext i32 %mul_ln1171_3"   --->   Operation 136 'sext' 'sext_ln712_7' <Predicate = (!icmp_ln52 & !icmp_ln52_1 & !icmp_ln52_2 & !icmp_ln52_3)> <Delay = 0.00>
ST_7 : Operation 137 [1/1] (0.00ns)   --->   "%sext_ln1245_3 = sext i32 %mul_ln1171_3"   --->   Operation 137 'sext' 'sext_ln1245_3' <Predicate = (!icmp_ln52 & !icmp_ln52_1 & !icmp_ln52_2 & !icmp_ln52_3)> <Delay = 0.00>
ST_7 : Operation 138 [1/1] (2.79ns)   --->   "%add_ln1245_3 = add i39 %sext_ln712_6, i39 %sext_ln712_7"   --->   Operation 138 'add' 'add_ln1245_3' <Predicate = (!icmp_ln52 & !icmp_ln52_1 & !icmp_ln52_2 & !icmp_ln52_3)> <Delay = 2.79> <CoreInst = "Adder">   --->   Core 1 'Adder' <Latency = 0> <II = 1> <Delay = 2.79> <FuncUnit> <Opcode : 'add' 'sub'> <InPorts = 2> <OutPorts = 1>
ST_7 : Operation 139 [1/1] (0.00ns)   --->   "%tmp_6 = bitselect i1 @_ssdm_op_BitSelect.i1.i39.i32, i39 %add_ln1245_3, i32 38"   --->   Operation 139 'bitselect' 'tmp_6' <Predicate = (!icmp_ln52 & !icmp_ln52_1 & !icmp_ln52_2 & !icmp_ln52_3)> <Delay = 0.00>
ST_7 : Operation 140 [1/1] (2.79ns)   --->   "%add_ln712_3 = add i38 %select_ln340_2, i38 %sext_ln1245_3"   --->   Operation 140 'add' 'add_ln712_3' <Predicate = (!icmp_ln52 & !icmp_ln52_1 & !icmp_ln52_2 & !icmp_ln52_3)> <Delay = 2.79> <CoreInst = "Adder">   --->   Core 1 'Adder' <Latency = 0> <II = 1> <Delay = 2.79> <FuncUnit> <Opcode : 'add' 'sub'> <InPorts = 2> <OutPorts = 1>
ST_7 : Operation 141 [1/1] (0.00ns)   --->   "%tmp_8 = bitselect i1 @_ssdm_op_BitSelect.i1.i38.i32, i38 %add_ln712_3, i32 37"   --->   Operation 141 'bitselect' 'tmp_8' <Predicate = (!icmp_ln52 & !icmp_ln52_1 & !icmp_ln52_2 & !icmp_ln52_3)> <Delay = 0.00>
ST_7 : Operation 142 [1/1] (0.00ns) (grouped into LUT with out node select_ln340_3)   --->   "%xor_ln794_3 = xor i1 %tmp_6, i1 1"   --->   Operation 142 'xor' 'xor_ln794_3' <Predicate = (!icmp_ln52 & !icmp_ln52_1 & !icmp_ln52_2 & !icmp_ln52_3)> <Delay = 0.00> <CoreInst = "LogicGate">   --->   Core 74 'LogicGate' <Latency = 0> <II = 1> <Delay = 0.97> <FuncUnit> <Opcode : 'and' 'or' 'xor'> <InPorts = 2> <OutPorts = 1>
ST_7 : Operation 143 [1/1] (0.00ns) (grouped into LUT with out node select_ln340_3)   --->   "%and_ln794_3 = and i1 %tmp_8, i1 %xor_ln794_3"   --->   Operation 143 'and' 'and_ln794_3' <Predicate = (!icmp_ln52 & !icmp_ln52_1 & !icmp_ln52_2 & !icmp_ln52_3)> <Delay = 0.00> <CoreInst = "LogicGate">   --->   Core 74 'LogicGate' <Latency = 0> <II = 1> <Delay = 0.97> <FuncUnit> <Opcode : 'and' 'or' 'xor'> <InPorts = 2> <OutPorts = 1>
ST_7 : Operation 144 [1/1] (0.00ns) (grouped into LUT with out node select_ln340_3)   --->   "%xor_ln340_3 = xor i1 %tmp_6, i1 %tmp_8"   --->   Operation 144 'xor' 'xor_ln340_3' <Predicate = (!icmp_ln52 & !icmp_ln52_1 & !icmp_ln52_2 & !icmp_ln52_3)> <Delay = 0.00> <CoreInst = "LogicGate">   --->   Core 74 'LogicGate' <Latency = 0> <II = 1> <Delay = 0.97> <FuncUnit> <Opcode : 'and' 'or' 'xor'> <InPorts = 2> <OutPorts = 1>
ST_7 : Operation 145 [1/1] (0.00ns) (grouped into LUT with out node select_ln340_3)   --->   "%select_ln384_3 = select i1 %and_ln794_3, i38 137438953471, i38 137438953472"   --->   Operation 145 'select' 'select_ln384_3' <Predicate = (!icmp_ln52 & !icmp_ln52_1 & !icmp_ln52_2 & !icmp_ln52_3)> <Delay = 0.00> <CoreInst = "Sel">   --->   Core 73 'Sel' <Latency = 0> <II = 1> <Delay = 1.45> <FuncUnit> <Opcode : 'select'> <InPorts = 3> <OutPorts = 1>
ST_7 : Operation 146 [1/1] (1.34ns) (out node of the LUT)   --->   "%select_ln340_3 = select i1 %xor_ln340_3, i38 %select_ln384_3, i38 %add_ln712_3"   --->   Operation 146 'select' 'select_ln340_3' <Predicate = (!icmp_ln52 & !icmp_ln52_1 & !icmp_ln52_2 & !icmp_ln52_3)> <Delay = 1.34> <CoreInst = "Sel">   --->   Core 73 'Sel' <Latency = 0> <II = 1> <Delay = 1.45> <FuncUnit> <Opcode : 'select'> <InPorts = 3> <OutPorts = 1>
ST_7 : Operation 147 [1/1] (1.58ns)   --->   "%store_ln340 = store i38 %select_ln340_3, i38 %acc_V_0"   --->   Operation 147 'store' 'store_ln340' <Predicate = (!icmp_ln52 & !icmp_ln52_1 & !icmp_ln52_2 & !icmp_ln52_3)> <Delay = 1.58>
ST_7 : Operation 148 [1/1] (0.00ns)   --->   "%br_ln0 = br void %_ZN13ap_fixed_baseILi39ELi23ELb1EL9ap_q_mode5EL9ap_o_mode3ELi0EEC2ILi38ELi22ELb1ELS0_0ELS1_0ELi0EEERKS_IXT_EXT0_EXT1_EXT2_EXT3_EXT4_EE.exit.i.i.0"   --->   Operation 148 'br' 'br_ln0' <Predicate = (!icmp_ln52 & !icmp_ln52_1 & !icmp_ln52_2 & !icmp_ln52_3)> <Delay = 0.00>

State 8 <SV = 7> <Delay = 1.82>
ST_8 : Operation 149 [1/1] (0.00ns)   --->   "%acc_V_0_load21 = load i38 %acc_V_0"   --->   Operation 149 'load' 'acc_V_0_load21' <Predicate = (!icmp_ln52 & !icmp_ln52_1 & !icmp_ln52_2)> <Delay = 0.00>
ST_8 : Operation 150 [1/1] (0.00ns)   --->   "%write_ln0 = write void @_ssdm_op_Write.ap_auto.i38P0A, i38 %acc_V_0_out, i38 %acc_V_0_load21"   --->   Operation 150 'write' 'write_ln0' <Predicate = (!icmp_ln52 & !icmp_ln52_1 & !icmp_ln52_2)> <Delay = 0.00>
ST_8 : Operation 151 [1/1] (0.00ns)   --->   "%write_ln340 = write void @_ssdm_op_Write.ap_auto.i38P0A, i38 %select_ln340_2_out, i38 %select_ln340_2"   --->   Operation 151 'write' 'write_ln340' <Predicate = (!icmp_ln52 & !icmp_ln52_1 & !icmp_ln52_2)> <Delay = 0.00>
ST_8 : Operation 152 [1/1] (0.00ns)   --->   "%write_ln340 = write void @_ssdm_op_Write.ap_auto.i38P0A, i38 %select_ln340_1_out, i38 %select_ln340_1"   --->   Operation 152 'write' 'write_ln340' <Predicate = (!icmp_ln52 & !icmp_ln52_1 & !icmp_ln52_2)> <Delay = 0.00>
ST_8 : Operation 153 [1/1] (0.00ns)   --->   "%write_ln340 = write void @_ssdm_op_Write.ap_auto.i38P0A, i38 %select_ln340_out, i38 %select_ln340"   --->   Operation 153 'write' 'write_ln340' <Predicate = (!icmp_ln52 & !icmp_ln52_1 & !icmp_ln52_2)> <Delay = 0.00>
ST_8 : Operation 154 [1/1] (1.82ns)   --->   "%br_ln0 = br void %UnifiedReturnBlock"   --->   Operation 154 'br' 'br_ln0' <Predicate = (!icmp_ln52 & !icmp_ln52_1 & !icmp_ln52_2)> <Delay = 1.82>
ST_8 : Operation 155 [1/1] (0.00ns)   --->   "%acc_V_0_load_2 = load i38 %acc_V_0"   --->   Operation 155 'load' 'acc_V_0_load_2' <Predicate = (!icmp_ln52 & !icmp_ln52_1 & icmp_ln52_2)> <Delay = 0.00>
ST_8 : Operation 156 [1/1] (0.00ns)   --->   "%write_ln0 = write void @_ssdm_op_Write.ap_auto.i38P0A, i38 %acc_V_0_out, i38 %acc_V_0_load_2"   --->   Operation 156 'write' 'write_ln0' <Predicate = (!icmp_ln52 & !icmp_ln52_1 & icmp_ln52_2)> <Delay = 0.00>
ST_8 : Operation 157 [1/1] (0.00ns)   --->   "%write_ln340 = write void @_ssdm_op_Write.ap_auto.i38P0A, i38 %select_ln340_1_out, i38 %select_ln340_1"   --->   Operation 157 'write' 'write_ln340' <Predicate = (!icmp_ln52 & !icmp_ln52_1 & icmp_ln52_2)> <Delay = 0.00>
ST_8 : Operation 158 [1/1] (0.00ns)   --->   "%write_ln340 = write void @_ssdm_op_Write.ap_auto.i38P0A, i38 %select_ln340_out, i38 %select_ln340"   --->   Operation 158 'write' 'write_ln340' <Predicate = (!icmp_ln52 & !icmp_ln52_1 & icmp_ln52_2)> <Delay = 0.00>
ST_8 : Operation 159 [1/1] (1.82ns)   --->   "%br_ln0 = br void %UnifiedReturnBlock"   --->   Operation 159 'br' 'br_ln0' <Predicate = (!icmp_ln52 & !icmp_ln52_1 & icmp_ln52_2)> <Delay = 1.82>
ST_8 : Operation 160 [1/1] (0.00ns)   --->   "%write_ln712 = write void @_ssdm_op_Write.ap_auto.i38P0A, i38 %acc_V_0_out, i38 %acc_V_0_load"   --->   Operation 160 'write' 'write_ln712' <Predicate = (!icmp_ln52 & icmp_ln52_1)> <Delay = 0.00>
ST_8 : Operation 161 [1/1] (0.00ns)   --->   "%write_ln340 = write void @_ssdm_op_Write.ap_auto.i38P0A, i38 %select_ln340_out, i38 %select_ln340"   --->   Operation 161 'write' 'write_ln340' <Predicate = (!icmp_ln52 & icmp_ln52_1)> <Delay = 0.00>
ST_8 : Operation 162 [1/1] (1.82ns)   --->   "%br_ln0 = br void %UnifiedReturnBlock"   --->   Operation 162 'br' 'br_ln0' <Predicate = (!icmp_ln52 & icmp_ln52_1)> <Delay = 1.82>
ST_8 : Operation 163 [1/1] (0.00ns)   --->   "%UnifiedRetVal = phi i2 0, void %_ZN13ap_fixed_baseILi39ELi23ELb1EL9ap_q_mode5EL9ap_o_mode3ELi0EEC2ILi38ELi22ELb1ELS0_0ELS1_0ELi0EEERKS_IXT_EXT0_EXT1_EXT2_EXT3_EXT4_EE.exit.i.i.0.._crit_edge213.loopexit_ifconv_crit_edge.exitStub, i2 1, void %_ZN13ap_fixed_baseILi39ELi23ELb1EL9ap_q_mode5EL9ap_o_mode3ELi0EEC2ILi38ELi22ELb1ELS0_0ELS1_0ELi0EEERKS_IXT_EXT0_EXT1_EXT2_EXT3_EXT4_EE.exit.i.i.split.2.._crit_edge213.loopexit_ifconv_crit_edge.exitStub, i2 2, void %_ZN13ap_fixed_baseILi39ELi23ELb1EL9ap_q_mode5EL9ap_o_mode3ELi0EEC2ILi38ELi22ELb1ELS0_0ELS1_0ELi0EEERKS_IXT_EXT0_EXT1_EXT2_EXT3_EXT4_EE.exit.i.i.split.1.._crit_edge213.loopexit_ifconv_crit_edge.exitStub, i2 3, void %_ZN13ap_fixed_baseILi39ELi23ELb1EL9ap_q_mode5EL9ap_o_mode3ELi0EEC2ILi38ELi22ELb1ELS0_0ELS1_0ELi0EEERKS_IXT_EXT0_EXT1_EXT2_EXT3_EXT4_EE.exit.i.i.split.0.._crit_edge213.loopexit_ifconv_crit_edge.exitStub"   --->   Operation 163 'phi' 'UnifiedRetVal' <Predicate = true> <Delay = 0.00>
ST_8 : Operation 164 [1/1] (0.00ns)   --->   "%ret_ln0 = ret i2 %UnifiedRetVal"   --->   Operation 164 'ret' 'ret_ln0' <Predicate = true> <Delay = 0.00>

State 9 <SV = 2> <Delay = 1.82>
ST_9 : Operation 165 [1/1] (0.00ns)   --->   "%acc_V_0_load_1 = load i38 %acc_V_0"   --->   Operation 165 'load' 'acc_V_0_load_1' <Predicate = true> <Delay = 0.00>
ST_9 : Operation 166 [1/1] (0.00ns)   --->   "%write_ln0 = write void @_ssdm_op_Write.ap_auto.i38P0A, i38 %acc_V_0_out, i38 %acc_V_0_load_1"   --->   Operation 166 'write' 'write_ln0' <Predicate = true> <Delay = 0.00>
ST_9 : Operation 167 [1/1] (1.82ns)   --->   "%br_ln0 = br void %UnifiedReturnBlock"   --->   Operation 167 'br' 'br_ln0' <Predicate = true> <Delay = 1.82>


============================================================
+ Verbose Summary: Binding
============================================================
STG Binding: 
---------------- STG Properties BEGIN ----------------
- Is combinational: 0
- Is one-state seq: 0
- Is datapath-only: 0
- Is pipelined: 0
- Is top level: 0
Port [ Return ] is wired: 1; IO mode=ap_ctrl_hs:ce=0
Port [ zext_ln32]:  wired=1; compound=0; hidden=0; nouse=0; global=0; static=0; extern=0; dir=0; type=0; pingpong=0; private_global=0; IO mode=ap_none:ce=0
Port [ shl_ln]:  wired=1; compound=0; hidden=0; nouse=0; global=0; static=0; extern=0; dir=0; type=0; pingpong=0; private_global=0; IO mode=ap_none:ce=0
Port [ A_0]:  wired=1; compound=1; hidden=0; nouse=0; global=0; static=0; extern=0; dir=0; type=1; pingpong=0; private_global=0; MemPort=[1]; IO mode=ap_memory:ce=0
Port [ A_1]:  wired=1; compound=1; hidden=0; nouse=0; global=0; static=0; extern=0; dir=0; type=1; pingpong=0; private_global=0; MemPort=[1]; IO mode=ap_memory:ce=0
Port [ A_2]:  wired=1; compound=1; hidden=0; nouse=0; global=0; static=0; extern=0; dir=0; type=1; pingpong=0; private_global=0; MemPort=[1]; IO mode=ap_memory:ce=0
Port [ A_3]:  wired=1; compound=1; hidden=0; nouse=0; global=0; static=0; extern=0; dir=0; type=1; pingpong=0; private_global=0; MemPort=[1]; IO mode=ap_memory:ce=0
Port [ acc_V_0_out]:  wired=1; compound=0; hidden=0; nouse=0; global=0; static=0; extern=0; dir=1; type=0; pingpong=0; private_global=0; IO mode=ap_vld:ce=0
Port [ select_ln340_2_out]:  wired=1; compound=0; hidden=0; nouse=0; global=0; static=0; extern=0; dir=1; type=0; pingpong=0; private_global=0; IO mode=ap_vld:ce=0
Port [ select_ln340_1_out]:  wired=1; compound=0; hidden=0; nouse=0; global=0; static=0; extern=0; dir=1; type=0; pingpong=0; private_global=0; IO mode=ap_vld:ce=0
Port [ select_ln340_out]:  wired=1; compound=0; hidden=0; nouse=0; global=0; static=0; extern=0; dir=1; type=0; pingpong=0; private_global=0; IO mode=ap_vld:ce=0
Port [ x_localbuff_V_3]:  wired=1; compound=1; hidden=0; nouse=0; global=1; static=1; extern=0; dir=0; type=1; pingpong=0; private_global=0; MemPort=[13]; IO mode=ap_memory:ce=0
Port [ x_localbuff_V_2]:  wired=1; compound=1; hidden=0; nouse=0; global=1; static=1; extern=0; dir=0; type=1; pingpong=0; private_global=0; MemPort=[13]; IO mode=ap_memory:ce=0
Port [ x_localbuff_V_1]:  wired=1; compound=1; hidden=0; nouse=0; global=1; static=1; extern=0; dir=0; type=1; pingpong=0; private_global=0; MemPort=[13]; IO mode=ap_memory:ce=0
Port [ x_localbuff_V_0]:  wired=1; compound=1; hidden=0; nouse=0; global=1; static=1; extern=0; dir=0; type=1; pingpong=0; private_global=0; MemPort=[13]; IO mode=ap_memory:ce=0
---------------- STG Properties END ------------------

---------------- Datapath Model BEGIN ----------------

<LifeTime>
<method=bitvector/>
acc_V_0               (alloca           ) [ 0111111111]
l_0                   (alloca           ) [ 0111111100]
shl_ln_read           (read             ) [ 0011111100]
zext_ln32_read        (read             ) [ 0000000000]
zext_ln32_cast        (zext             ) [ 0011111100]
specmemcore_ln0       (specmemcore      ) [ 0000000000]
specmemcore_ln0       (specmemcore      ) [ 0000000000]
specmemcore_ln0       (specmemcore      ) [ 0000000000]
specmemcore_ln0       (specmemcore      ) [ 0000000000]
specinterface_ln0     (specinterface    ) [ 0000000000]
specinterface_ln0     (specinterface    ) [ 0000000000]
specinterface_ln0     (specinterface    ) [ 0000000000]
specinterface_ln0     (specinterface    ) [ 0000000000]
store_ln0             (store            ) [ 0000000000]
store_ln0             (store            ) [ 0000000000]
br_ln0                (br               ) [ 0000000000]
l_0_load              (load             ) [ 0000000000]
speclooptripcount_ln0 (speclooptripcount) [ 0000000000]
icmp_ln52             (icmp             ) [ 0011111111]
br_ln52               (br               ) [ 0000000000]
trunc_ln1             (partselect       ) [ 0000000000]
add_ln1169            (add              ) [ 0000000000]
lshr_ln1169_1         (partselect       ) [ 0000000000]
trunc_ln1169_1        (partselect       ) [ 0000000000]
tmp_7                 (bitconcatenate   ) [ 0000000000]
zext_ln1169           (zext             ) [ 0000000000]
A_0_addr              (getelementptr    ) [ 0011000000]
A_1_addr              (getelementptr    ) [ 0011000000]
A_2_addr              (getelementptr    ) [ 0011000000]
A_3_addr              (getelementptr    ) [ 0011000000]
zext_ln1171           (zext             ) [ 0000000000]
x_localbuff_V_0_addr  (getelementptr    ) [ 0011000000]
or_ln52               (or               ) [ 0000000000]
icmp_ln52_1           (icmp             ) [ 0011111111]
br_ln52               (br               ) [ 0000000000]
x_localbuff_V_1_addr  (getelementptr    ) [ 0011000000]
or_ln52_1             (or               ) [ 0000000000]
icmp_ln52_2           (icmp             ) [ 0011111111]
br_ln52               (br               ) [ 0000000000]
x_localbuff_V_2_addr  (getelementptr    ) [ 0011000000]
or_ln52_2             (or               ) [ 0000000000]
icmp_ln52_3           (icmp             ) [ 0011111100]
br_ln52               (br               ) [ 0000000000]
x_localbuff_V_3_addr  (getelementptr    ) [ 0011000000]
add_ln52              (add              ) [ 0000000000]
store_ln52            (store            ) [ 0000000000]
A_0_load              (load             ) [ 0000000000]
sext_ln1169           (sext             ) [ 0010111000]
x_localbuff_V_0_load  (load             ) [ 0000000000]
sext_ln1171           (sext             ) [ 0010111000]
A_1_load              (load             ) [ 0000000000]
sext_ln1169_1         (sext             ) [ 0010111000]
x_localbuff_V_1_load  (load             ) [ 0000000000]
sext_ln1171_1         (sext             ) [ 0010111000]
A_2_load              (load             ) [ 0000000000]
sext_ln1169_2         (sext             ) [ 0010111000]
x_localbuff_V_2_load  (load             ) [ 0000000000]
sext_ln1171_2         (sext             ) [ 0010111000]
A_3_load              (load             ) [ 0000000000]
sext_ln1169_3         (sext             ) [ 0010111000]
x_localbuff_V_3_load  (load             ) [ 0000000000]
sext_ln1171_3         (sext             ) [ 0010111000]
mul_ln1171            (mul              ) [ 0010000100]
mul_ln1171_1          (mul              ) [ 0010000100]
mul_ln1171_2          (mul              ) [ 0010000100]
mul_ln1171_3          (mul              ) [ 0010000100]
acc_V_0_load          (load             ) [ 0000000011]
specpipeline_ln50     (specpipeline     ) [ 0000000000]
specloopname_ln50     (specloopname     ) [ 0000000000]
sext_ln712            (sext             ) [ 0000000000]
sext_ln712_1          (sext             ) [ 0000000000]
sext_ln1245           (sext             ) [ 0000000000]
add_ln1245            (add              ) [ 0000000000]
tmp                   (bitselect        ) [ 0000000000]
add_ln712             (add              ) [ 0000000000]
tmp_1                 (bitselect        ) [ 0000000000]
xor_ln794             (xor              ) [ 0000000000]
and_ln794             (and              ) [ 0000000000]
xor_ln340             (xor              ) [ 0000000000]
select_ln384          (select           ) [ 0000000000]
select_ln340          (select           ) [ 0000000011]
sext_ln712_2          (sext             ) [ 0000000000]
sext_ln712_3          (sext             ) [ 0000000000]
sext_ln1245_1         (sext             ) [ 0000000000]
add_ln1245_1          (add              ) [ 0000000000]
tmp_2                 (bitselect        ) [ 0000000000]
add_ln712_1           (add              ) [ 0000000000]
tmp_3                 (bitselect        ) [ 0000000000]
xor_ln794_1           (xor              ) [ 0000000000]
and_ln794_1           (and              ) [ 0000000000]
xor_ln340_1           (xor              ) [ 0000000000]
select_ln384_1        (select           ) [ 0000000000]
select_ln340_1        (select           ) [ 0000000011]
sext_ln712_4          (sext             ) [ 0000000000]
sext_ln712_5          (sext             ) [ 0000000000]
sext_ln1245_2         (sext             ) [ 0000000000]
add_ln1245_2          (add              ) [ 0000000000]
tmp_4                 (bitselect        ) [ 0000000000]
add_ln712_2           (add              ) [ 0000000000]
tmp_5                 (bitselect        ) [ 0000000000]
xor_ln794_2           (xor              ) [ 0000000000]
and_ln794_2           (and              ) [ 0000000000]
xor_ln340_2           (xor              ) [ 0000000000]
select_ln384_2        (select           ) [ 0000000000]
select_ln340_2        (select           ) [ 0000000011]
sext_ln712_6          (sext             ) [ 0000000000]
sext_ln712_7          (sext             ) [ 0000000000]
sext_ln1245_3         (sext             ) [ 0000000000]
add_ln1245_3          (add              ) [ 0000000000]
tmp_6                 (bitselect        ) [ 0000000000]
add_ln712_3           (add              ) [ 0000000000]
tmp_8                 (bitselect        ) [ 0000000000]
xor_ln794_3           (xor              ) [ 0000000000]
and_ln794_3           (and              ) [ 0000000000]
xor_ln340_3           (xor              ) [ 0000000000]
select_ln384_3        (select           ) [ 0000000000]
select_ln340_3        (select           ) [ 0000000000]
store_ln340           (store            ) [ 0000000000]
br_ln0                (br               ) [ 0000000000]
acc_V_0_load21        (load             ) [ 0000000000]
write_ln0             (write            ) [ 0000000000]
write_ln340           (write            ) [ 0000000000]
write_ln340           (write            ) [ 0000000000]
write_ln340           (write            ) [ 0000000000]
br_ln0                (br               ) [ 0000000000]
acc_V_0_load_2        (load             ) [ 0000000000]
write_ln0             (write            ) [ 0000000000]
write_ln340           (write            ) [ 0000000000]
write_ln340           (write            ) [ 0000000000]
br_ln0                (br               ) [ 0000000000]
write_ln712           (write            ) [ 0000000000]
write_ln340           (write            ) [ 0000000000]
br_ln0                (br               ) [ 0000000000]
UnifiedRetVal         (phi              ) [ 0000000010]
ret_ln0               (ret              ) [ 0000000000]
acc_V_0_load_1        (load             ) [ 0000000000]
write_ln0             (write            ) [ 0000000000]
br_ln0                (br               ) [ 0000000011]
</LifeTime>

<model>

<comp_list>
<comp id="0" class="1000" name="zext_ln32">
<pin_list>
<pin id="1" dir="1" index="0" bw="1" slack="0"/>
</pin_list>
<bind>
<StgValue><ssdm name="zext_ln32"/></StgValue>
</bind>
</comp>

<comp id="2" class="1000" name="shl_ln">
<pin_list>
<pin id="3" dir="1" index="0" bw="1" slack="0"/>
</pin_list>
<bind>
<StgValue><ssdm name="shl_ln"/></StgValue>
</bind>
</comp>

<comp id="4" class="1000" name="A_0">
<pin_list>
<pin id="5" dir="1" index="0" bw="1" slack="0"/>
</pin_list>
<bind>
<StgValue><ssdm name="A_0"/><MemPortTyVec>1 </MemPortTyVec>
</StgValue>
</bind>
</comp>

<comp id="6" class="1000" name="A_1">
<pin_list>
<pin id="7" dir="1" index="0" bw="1" slack="0"/>
</pin_list>
<bind>
<StgValue><ssdm name="A_1"/><MemPortTyVec>1 </MemPortTyVec>
</StgValue>
</bind>
</comp>

<comp id="8" class="1000" name="A_2">
<pin_list>
<pin id="9" dir="1" index="0" bw="1" slack="0"/>
</pin_list>
<bind>
<StgValue><ssdm name="A_2"/><MemPortTyVec>1 </MemPortTyVec>
</StgValue>
</bind>
</comp>

<comp id="10" class="1000" name="A_3">
<pin_list>
<pin id="11" dir="1" index="0" bw="1" slack="0"/>
</pin_list>
<bind>
<StgValue><ssdm name="A_3"/><MemPortTyVec>1 </MemPortTyVec>
</StgValue>
</bind>
</comp>

<comp id="12" class="1000" name="acc_V_0_out">
<pin_list>
<pin id="13" dir="1" index="0" bw="1" slack="0"/>
</pin_list>
<bind>
<StgValue><ssdm name="acc_V_0_out"/></StgValue>
</bind>
</comp>

<comp id="14" class="1000" name="select_ln340_2_out">
<pin_list>
<pin id="15" dir="1" index="0" bw="1" slack="0"/>
</pin_list>
<bind>
<StgValue><ssdm name="select_ln340_2_out"/></StgValue>
</bind>
</comp>

<comp id="16" class="1000" name="select_ln340_1_out">
<pin_list>
<pin id="17" dir="1" index="0" bw="1" slack="0"/>
</pin_list>
<bind>
<StgValue><ssdm name="select_ln340_1_out"/></StgValue>
</bind>
</comp>

<comp id="18" class="1000" name="select_ln340_out">
<pin_list>
<pin id="19" dir="1" index="0" bw="1" slack="0"/>
</pin_list>
<bind>
<StgValue><ssdm name="select_ln340_out"/></StgValue>
</bind>
</comp>

<comp id="20" class="1000" name="x_localbuff_V_3">
<pin_list>
<pin id="21" dir="1" index="0" bw="1" slack="0"/>
</pin_list>
<bind>
<StgValue><ssdm name="x_localbuff_V_3"/><MemPortTyVec>1 3 </MemPortTyVec>
</StgValue>
</bind>
</comp>

<comp id="22" class="1000" name="x_localbuff_V_2">
<pin_list>
<pin id="23" dir="1" index="0" bw="1" slack="0"/>
</pin_list>
<bind>
<StgValue><ssdm name="x_localbuff_V_2"/><MemPortTyVec>1 3 </MemPortTyVec>
</StgValue>
</bind>
</comp>

<comp id="24" class="1000" name="x_localbuff_V_1">
<pin_list>
<pin id="25" dir="1" index="0" bw="1" slack="0"/>
</pin_list>
<bind>
<StgValue><ssdm name="x_localbuff_V_1"/><MemPortTyVec>1 3 </MemPortTyVec>
</StgValue>
</bind>
</comp>

<comp id="26" class="1000" name="x_localbuff_V_0">
<pin_list>
<pin id="27" dir="1" index="0" bw="1" slack="0"/>
</pin_list>
<bind>
<StgValue><ssdm name="x_localbuff_V_0"/><MemPortTyVec>1 3 </MemPortTyVec>
</StgValue>
</bind>
</comp>

<comp id="28" class="1001" name="const_28">
<pin_list>
<pin id="29" dir="1" index="0" bw="1" slack="0"/>
</pin_list>
<bind>
<StgValue><ssdm name=""/></StgValue>
</bind>
</comp>

<comp id="30" class="1001" name="const_30">
<pin_list>
<pin id="31" dir="1" index="0" bw="1" slack="0"/>
</pin_list>
<bind>
<StgValue><ssdm name="_ssdm_op_Read.ap_auto.i11"/></StgValue>
</bind>
</comp>

<comp id="32" class="1001" name="const_32">
<pin_list>
<pin id="33" dir="1" index="0" bw="1" slack="0"/>
</pin_list>
<bind>
<StgValue><ssdm name="_ssdm_op_Read.ap_auto.i32"/></StgValue>
</bind>
</comp>

<comp id="34" class="1001" name="const_34">
<pin_list>
<pin id="35" dir="1" index="0" bw="1" slack="2147483647"/>
</pin_list>
<bind>
<StgValue><ssdm name="_ssdm_op_SpecMemCore"/></StgValue>
</bind>
</comp>

<comp id="36" class="1001" name="const_36">
<pin_list>
<pin id="37" dir="1" index="0" bw="1" slack="2147483647"/>
</pin_list>
<bind>
<StgValue><ssdm name=""/></StgValue>
</bind>
</comp>

<comp id="38" class="1001" name="const_38">
<pin_list>
<pin id="39" dir="1" index="0" bw="1" slack="2147483647"/>
</pin_list>
<bind>
<StgValue><ssdm name=""/></StgValue>
</bind>
</comp>

<comp id="40" class="1001" name="const_40">
<pin_list>
<pin id="41" dir="1" index="0" bw="1" slack="0"/>
</pin_list>
<bind>
<StgValue><ssdm name=""/></StgValue>
</bind>
</comp>

<comp id="42" class="1001" name="const_42">
<pin_list>
<pin id="43" dir="1" index="0" bw="1" slack="2147483647"/>
</pin_list>
<bind>
<StgValue><ssdm name="_ssdm_op_SpecInterface"/></StgValue>
</bind>
</comp>

<comp id="44" class="1001" name="const_44">
<pin_list>
<pin id="45" dir="1" index="0" bw="1" slack="2147483647"/>
</pin_list>
<bind>
<StgValue><ssdm name="empty_4"/></StgValue>
</bind>
</comp>

<comp id="46" class="1001" name="const_46">
<pin_list>
<pin id="47" dir="1" index="0" bw="1" slack="2147483647"/>
</pin_list>
<bind>
<StgValue><ssdm name=""/></StgValue>
</bind>
</comp>

<comp id="48" class="1001" name="const_48">
<pin_list>
<pin id="49" dir="1" index="0" bw="1" slack="2147483647"/>
</pin_list>
<bind>
<StgValue><ssdm name="empty_0"/></StgValue>
</bind>
</comp>

<comp id="50" class="1001" name="const_50">
<pin_list>
<pin id="51" dir="1" index="0" bw="1" slack="0"/>
</pin_list>
<bind>
<StgValue><ssdm name=""/></StgValue>
</bind>
</comp>

<comp id="52" class="1001" name="const_52">
<pin_list>
<pin id="53" dir="1" index="0" bw="1" slack="0"/>
</pin_list>
<bind>
<StgValue><ssdm name=""/></StgValue>
</bind>
</comp>

<comp id="54" class="1001" name="const_54">
<pin_list>
<pin id="55" dir="1" index="0" bw="1" slack="2147483647"/>
</pin_list>
<bind>
<StgValue><ssdm name="_ssdm_op_SpecLoopTripCount"/></StgValue>
</bind>
</comp>

<comp id="56" class="1001" name="const_56">
<pin_list>
<pin id="57" dir="1" index="0" bw="1" slack="2147483647"/>
</pin_list>
<bind>
<StgValue><ssdm name=""/></StgValue>
</bind>
</comp>

<comp id="58" class="1001" name="const_58">
<pin_list>
<pin id="59" dir="1" index="0" bw="1" slack="0"/>
</pin_list>
<bind>
<StgValue><ssdm name="_ssdm_op_PartSelect.i11.i64.i32.i32"/></StgValue>
</bind>
</comp>

<comp id="60" class="1001" name="const_60">
<pin_list>
<pin id="61" dir="1" index="0" bw="1" slack="0"/>
</pin_list>
<bind>
<StgValue><ssdm name=""/></StgValue>
</bind>
</comp>

<comp id="62" class="1001" name="const_62">
<pin_list>
<pin id="63" dir="1" index="0" bw="1" slack="0"/>
</pin_list>
<bind>
<StgValue><ssdm name="_ssdm_op_PartSelect.i6.i11.i32.i32"/></StgValue>
</bind>
</comp>

<comp id="64" class="1001" name="const_64">
<pin_list>
<pin id="65" dir="1" index="0" bw="1" slack="0"/>
</pin_list>
<bind>
<StgValue><ssdm name=""/></StgValue>
</bind>
</comp>

<comp id="66" class="1001" name="const_66">
<pin_list>
<pin id="67" dir="1" index="0" bw="1" slack="0"/>
</pin_list>
<bind>
<StgValue><ssdm name=""/></StgValue>
</bind>
</comp>

<comp id="68" class="1001" name="const_68">
<pin_list>
<pin id="69" dir="1" index="0" bw="1" slack="0"/>
</pin_list>
<bind>
<StgValue><ssdm name="_ssdm_op_PartSelect.i4.i64.i32.i32"/></StgValue>
</bind>
</comp>

<comp id="70" class="1001" name="const_70">
<pin_list>
<pin id="71" dir="1" index="0" bw="1" slack="0"/>
</pin_list>
<bind>
<StgValue><ssdm name=""/></StgValue>
</bind>
</comp>

<comp id="72" class="1001" name="const_72">
<pin_list>
<pin id="73" dir="1" index="0" bw="1" slack="0"/>
</pin_list>
<bind>
<StgValue><ssdm name="_ssdm_op_BitConcatenate.i10.i6.i4"/></StgValue>
</bind>
</comp>

<comp id="74" class="1001" name="const_74">
<pin_list>
<pin id="75" dir="1" index="0" bw="1" slack="0"/>
</pin_list>
<bind>
<StgValue><ssdm name=""/></StgValue>
</bind>
</comp>

<comp id="76" class="1001" name="const_76">
<pin_list>
<pin id="77" dir="1" index="0" bw="1" slack="0"/>
</pin_list>
<bind>
<StgValue><ssdm name=""/></StgValue>
</bind>
</comp>

<comp id="78" class="1001" name="const_78">
<pin_list>
<pin id="79" dir="1" index="0" bw="1" slack="0"/>
</pin_list>
<bind>
<StgValue><ssdm name=""/></StgValue>
</bind>
</comp>

<comp id="80" class="1001" name="const_80">
<pin_list>
<pin id="81" dir="1" index="0" bw="1" slack="2147483647"/>
</pin_list>
<bind>
<StgValue><ssdm name="_ssdm_op_SpecPipeline"/></StgValue>
</bind>
</comp>

<comp id="82" class="1001" name="const_82">
<pin_list>
<pin id="83" dir="1" index="0" bw="1" slack="2147483647"/>
</pin_list>
<bind>
<StgValue><ssdm name="_ssdm_op_SpecLoopName"/></StgValue>
</bind>
</comp>

<comp id="84" class="1001" name="const_84">
<pin_list>
<pin id="85" dir="1" index="0" bw="1" slack="2147483647"/>
</pin_list>
<bind>
<StgValue><ssdm name="empty_15"/></StgValue>
</bind>
</comp>

<comp id="86" class="1001" name="const_86">
<pin_list>
<pin id="87" dir="1" index="0" bw="1" slack="0"/>
</pin_list>
<bind>
<StgValue><ssdm name="_ssdm_op_BitSelect.i1.i39.i32"/></StgValue>
</bind>
</comp>

<comp id="88" class="1001" name="const_88">
<pin_list>
<pin id="89" dir="1" index="0" bw="1" slack="0"/>
</pin_list>
<bind>
<StgValue><ssdm name=""/></StgValue>
</bind>
</comp>

<comp id="90" class="1001" name="const_90">
<pin_list>
<pin id="91" dir="1" index="0" bw="1" slack="0"/>
</pin_list>
<bind>
<StgValue><ssdm name="_ssdm_op_BitSelect.i1.i38.i32"/></StgValue>
</bind>
</comp>

<comp id="92" class="1001" name="const_92">
<pin_list>
<pin id="93" dir="1" index="0" bw="1" slack="0"/>
</pin_list>
<bind>
<StgValue><ssdm name=""/></StgValue>
</bind>
</comp>

<comp id="94" class="1001" name="const_94">
<pin_list>
<pin id="95" dir="1" index="0" bw="1" slack="0"/>
</pin_list>
<bind>
<StgValue><ssdm name=""/></StgValue>
</bind>
</comp>

<comp id="96" class="1001" name="const_96">
<pin_list>
<pin id="97" dir="1" index="0" bw="1" slack="0"/>
</pin_list>
<bind>
<StgValue><ssdm name=""/></StgValue>
</bind>
</comp>

<comp id="98" class="1001" name="const_98">
<pin_list>
<pin id="99" dir="1" index="0" bw="1" slack="0"/>
</pin_list>
<bind>
<StgValue><ssdm name=""/></StgValue>
</bind>
</comp>

<comp id="100" class="1001" name="const_100">
<pin_list>
<pin id="101" dir="1" index="0" bw="1" slack="0"/>
</pin_list>
<bind>
<StgValue><ssdm name="_ssdm_op_Write.ap_auto.i38P0A"/></StgValue>
</bind>
</comp>

<comp id="102" class="1001" name="const_102">
<pin_list>
<pin id="103" dir="1" index="0" bw="1" slack="5"/>
</pin_list>
<bind>
<StgValue><ssdm name=""/></StgValue>
</bind>
</comp>

<comp id="104" class="1001" name="const_104">
<pin_list>
<pin id="105" dir="1" index="0" bw="1" slack="0"/>
</pin_list>
<bind>
<StgValue><ssdm name=""/></StgValue>
</bind>
</comp>

<comp id="106" class="1001" name="const_106">
<pin_list>
<pin id="107" dir="1" index="0" bw="1" slack="0"/>
</pin_list>
<bind>
<StgValue><ssdm name=""/></StgValue>
</bind>
</comp>

<comp id="108" class="1001" name="const_108">
<pin_list>
<pin id="109" dir="1" index="0" bw="1" slack="0"/>
</pin_list>
<bind>
<StgValue><ssdm name=""/></StgValue>
</bind>
</comp>

<comp id="110" class="1004" name="acc_V_0_fu_110">
<pin_list>
<pin id="111" dir="0" index="0" bw="1" slack="0"/>
<pin id="112" dir="1" index="1" bw="38" slack="0"/>
</pin_list>
<bind>
<opcode="alloca(26) " fcode="alloca"/>
<opset="acc_V_0/1 "/>
</bind>
</comp>

<comp id="114" class="1004" name="l_0_fu_114">
<pin_list>
<pin id="115" dir="0" index="0" bw="1" slack="0"/>
<pin id="116" dir="1" index="1" bw="64" slack="0"/>
</pin_list>
<bind>
<opcode="alloca(26) " fcode="alloca"/>
<opset="l_0/1 "/>
</bind>
</comp>

<comp id="118" class="1004" name="shl_ln_read_read_fu_118">
<pin_list>
<pin id="119" dir="0" index="0" bw="11" slack="0"/>
<pin id="120" dir="0" index="1" bw="11" slack="0"/>
<pin id="121" dir="1" index="2" bw="11" slack="1"/>
</pin_list>
<bind>
<opcode="read(1150) " fcode="read"/>
<opset="shl_ln_read/1 "/>
</bind>
</comp>

<comp id="124" class="1004" name="zext_ln32_read_read_fu_124">
<pin_list>
<pin id="125" dir="0" index="0" bw="32" slack="0"/>
<pin id="126" dir="0" index="1" bw="32" slack="0"/>
<pin id="127" dir="1" index="2" bw="32" slack="0"/>
</pin_list>
<bind>
<opcode="read(1150) " fcode="read"/>
<opset="zext_ln32_read/1 "/>
</bind>
</comp>

<comp id="130" class="1004" name="grp_write_fu_130">
<pin_list>
<pin id="131" dir="0" index="0" bw="0" slack="0"/>
<pin id="132" dir="0" index="1" bw="38" slack="0"/>
<pin id="133" dir="0" index="2" bw="38" slack="0"/>
<pin id="134" dir="1" index="3" bw="0" slack="2147483647"/>
</pin_list>
<bind>
<opcode="write(1151) " fcode="write"/>
<opset="write_ln0/8 write_ln0/8 write_ln712/8 write_ln0/9 "/>
</bind>
</comp>

<comp id="137" class="1004" name="write_ln340_write_fu_137">
<pin_list>
<pin id="138" dir="0" index="0" bw="0" slack="0"/>
<pin id="139" dir="0" index="1" bw="38" slack="0"/>
<pin id="140" dir="0" index="2" bw="38" slack="1"/>
<pin id="141" dir="1" index="3" bw="0" slack="2147483647"/>
</pin_list>
<bind>
<opcode="write(1151) " fcode="write"/>
<opset="write_ln340/8 "/>
</bind>
</comp>

<comp id="144" class="1004" name="grp_write_fu_144">
<pin_list>
<pin id="145" dir="0" index="0" bw="0" slack="0"/>
<pin id="146" dir="0" index="1" bw="38" slack="0"/>
<pin id="147" dir="0" index="2" bw="38" slack="1"/>
<pin id="148" dir="1" index="3" bw="0" slack="2147483647"/>
</pin_list>
<bind>
<opcode="write(1151) " fcode="write"/>
<opset="write_ln340/8 write_ln340/8 "/>
</bind>
</comp>

<comp id="151" class="1004" name="grp_write_fu_151">
<pin_list>
<pin id="152" dir="0" index="0" bw="0" slack="0"/>
<pin id="153" dir="0" index="1" bw="38" slack="0"/>
<pin id="154" dir="0" index="2" bw="38" slack="1"/>
<pin id="155" dir="1" index="3" bw="0" slack="2147483647"/>
</pin_list>
<bind>
<opcode="write(1151) " fcode="write"/>
<opset="write_ln340/8 write_ln340/8 write_ln340/8 "/>
</bind>
</comp>

<comp id="158" class="1004" name="A_0_addr_gep_fu_158">
<pin_list>
<pin id="159" dir="0" index="0" bw="16" slack="0"/>
<pin id="160" dir="0" index="1" bw="1" slack="0"/>
<pin id="161" dir="0" index="2" bw="10" slack="0"/>
<pin id="162" dir="1" index="3" bw="10" slack="0"/>
</pin_list>
<bind>
<opcode="getelementptr(29) " fcode="getelementptr"/>
<opset="A_0_addr/2 "/>
</bind>
</comp>

<comp id="165" class="1004" name="A_1_addr_gep_fu_165">
<pin_list>
<pin id="166" dir="0" index="0" bw="16" slack="0"/>
<pin id="167" dir="0" index="1" bw="1" slack="0"/>
<pin id="168" dir="0" index="2" bw="10" slack="0"/>
<pin id="169" dir="1" index="3" bw="10" slack="0"/>
</pin_list>
<bind>
<opcode="getelementptr(29) " fcode="getelementptr"/>
<opset="A_1_addr/2 "/>
</bind>
</comp>

<comp id="172" class="1004" name="A_2_addr_gep_fu_172">
<pin_list>
<pin id="173" dir="0" index="0" bw="16" slack="0"/>
<pin id="174" dir="0" index="1" bw="1" slack="0"/>
<pin id="175" dir="0" index="2" bw="10" slack="0"/>
<pin id="176" dir="1" index="3" bw="10" slack="0"/>
</pin_list>
<bind>
<opcode="getelementptr(29) " fcode="getelementptr"/>
<opset="A_2_addr/2 "/>
</bind>
</comp>

<comp id="179" class="1004" name="A_3_addr_gep_fu_179">
<pin_list>
<pin id="180" dir="0" index="0" bw="16" slack="0"/>
<pin id="181" dir="0" index="1" bw="1" slack="0"/>
<pin id="182" dir="0" index="2" bw="10" slack="0"/>
<pin id="183" dir="1" index="3" bw="10" slack="0"/>
</pin_list>
<bind>
<opcode="getelementptr(29) " fcode="getelementptr"/>
<opset="A_3_addr/2 "/>
</bind>
</comp>

<comp id="186" class="1004" name="grp_access_fu_186">
<pin_list>
<pin id="187" dir="0" index="0" bw="10" slack="0"/>
<pin id="188" dir="0" index="1" bw="16" slack="2147483647"/>
<pin id="189" dir="0" index="2" bw="0" slack="2147483647"/>
<pin id="190" dir="1" index="3" bw="16" slack="0"/>
</pin_list>
<bind>
<opcode="load(27) " fcode="load"/>
<opset="A_0_load/2 "/>
</bind>
</comp>

<comp id="192" class="1004" name="x_localbuff_V_0_addr_gep_fu_192">
<pin_list>
<pin id="193" dir="0" index="0" bw="16" slack="0"/>
<pin id="194" dir="0" index="1" bw="1" slack="0"/>
<pin id="195" dir="0" index="2" bw="4" slack="0"/>
<pin id="196" dir="1" index="3" bw="4" slack="0"/>
</pin_list>
<bind>
<opcode="getelementptr(29) " fcode="getelementptr"/>
<opset="x_localbuff_V_0_addr/2 "/>
</bind>
</comp>

<comp id="199" class="1004" name="grp_access_fu_199">
<pin_list>
<pin id="200" dir="0" index="0" bw="4" slack="0"/>
<pin id="201" dir="0" index="1" bw="16" slack="2147483647"/>
<pin id="202" dir="0" index="2" bw="0" slack="2147483647"/>
<pin id="203" dir="1" index="3" bw="16" slack="0"/>
</pin_list>
<bind>
<opcode="load(27) " fcode="load"/>
<opset="x_localbuff_V_0_load/2 "/>
</bind>
</comp>

<comp id="205" class="1004" name="grp_access_fu_205">
<pin_list>
<pin id="206" dir="0" index="0" bw="10" slack="0"/>
<pin id="207" dir="0" index="1" bw="16" slack="2147483647"/>
<pin id="208" dir="0" index="2" bw="0" slack="2147483647"/>
<pin id="209" dir="1" index="3" bw="16" slack="0"/>
</pin_list>
<bind>
<opcode="load(27) " fcode="load"/>
<opset="A_1_load/2 "/>
</bind>
</comp>

<comp id="211" class="1004" name="x_localbuff_V_1_addr_gep_fu_211">
<pin_list>
<pin id="212" dir="0" index="0" bw="16" slack="0"/>
<pin id="213" dir="0" index="1" bw="1" slack="0"/>
<pin id="214" dir="0" index="2" bw="4" slack="0"/>
<pin id="215" dir="1" index="3" bw="4" slack="0"/>
</pin_list>
<bind>
<opcode="getelementptr(29) " fcode="getelementptr"/>
<opset="x_localbuff_V_1_addr/2 "/>
</bind>
</comp>

<comp id="218" class="1004" name="grp_access_fu_218">
<pin_list>
<pin id="219" dir="0" index="0" bw="4" slack="0"/>
<pin id="220" dir="0" index="1" bw="16" slack="2147483647"/>
<pin id="221" dir="0" index="2" bw="0" slack="2147483647"/>
<pin id="222" dir="1" index="3" bw="16" slack="0"/>
</pin_list>
<bind>
<opcode="load(27) " fcode="load"/>
<opset="x_localbuff_V_1_load/2 "/>
</bind>
</comp>

<comp id="224" class="1004" name="grp_access_fu_224">
<pin_list>
<pin id="225" dir="0" index="0" bw="10" slack="0"/>
<pin id="226" dir="0" index="1" bw="16" slack="2147483647"/>
<pin id="227" dir="0" index="2" bw="0" slack="2147483647"/>
<pin id="228" dir="1" index="3" bw="16" slack="0"/>
</pin_list>
<bind>
<opcode="load(27) " fcode="load"/>
<opset="A_2_load/2 "/>
</bind>
</comp>

<comp id="230" class="1004" name="x_localbuff_V_2_addr_gep_fu_230">
<pin_list>
<pin id="231" dir="0" index="0" bw="16" slack="0"/>
<pin id="232" dir="0" index="1" bw="1" slack="0"/>
<pin id="233" dir="0" index="2" bw="4" slack="0"/>
<pin id="234" dir="1" index="3" bw="4" slack="0"/>
</pin_list>
<bind>
<opcode="getelementptr(29) " fcode="getelementptr"/>
<opset="x_localbuff_V_2_addr/2 "/>
</bind>
</comp>

<comp id="237" class="1004" name="grp_access_fu_237">
<pin_list>
<pin id="238" dir="0" index="0" bw="4" slack="0"/>
<pin id="239" dir="0" index="1" bw="16" slack="2147483647"/>
<pin id="240" dir="0" index="2" bw="0" slack="2147483647"/>
<pin id="241" dir="1" index="3" bw="16" slack="0"/>
</pin_list>
<bind>
<opcode="load(27) " fcode="load"/>
<opset="x_localbuff_V_2_load/2 "/>
</bind>
</comp>

<comp id="243" class="1004" name="grp_access_fu_243">
<pin_list>
<pin id="244" dir="0" index="0" bw="10" slack="0"/>
<pin id="245" dir="0" index="1" bw="16" slack="2147483647"/>
<pin id="246" dir="0" index="2" bw="0" slack="2147483647"/>
<pin id="247" dir="1" index="3" bw="16" slack="0"/>
</pin_list>
<bind>
<opcode="load(27) " fcode="load"/>
<opset="A_3_load/2 "/>
</bind>
</comp>

<comp id="249" class="1004" name="x_localbuff_V_3_addr_gep_fu_249">
<pin_list>
<pin id="250" dir="0" index="0" bw="16" slack="0"/>
<pin id="251" dir="0" index="1" bw="1" slack="0"/>
<pin id="252" dir="0" index="2" bw="4" slack="0"/>
<pin id="253" dir="1" index="3" bw="4" slack="0"/>
</pin_list>
<bind>
<opcode="getelementptr(29) " fcode="getelementptr"/>
<opset="x_localbuff_V_3_addr/2 "/>
</bind>
</comp>

<comp id="256" class="1004" name="grp_access_fu_256">
<pin_list>
<pin id="257" dir="0" index="0" bw="4" slack="0"/>
<pin id="258" dir="0" index="1" bw="16" slack="2147483647"/>
<pin id="259" dir="0" index="2" bw="0" slack="2147483647"/>
<pin id="260" dir="1" index="3" bw="16" slack="0"/>
</pin_list>
<bind>
<opcode="load(27) " fcode="load"/>
<opset="x_localbuff_V_3_load/2 "/>
</bind>
</comp>

<comp id="262" class="1005" name="UnifiedRetVal_reg_262">
<pin_list>
<pin id="263" dir="0" index="0" bw="2" slack="5"/>
<pin id="264" dir="1" index="1" bw="2" slack="5"/>
</pin_list>
<bind>
<opset="UnifiedRetVal (phireg) "/>
</bind>
</comp>

<comp id="266" class="1004" name="UnifiedRetVal_phi_fu_266">
<pin_list>
<pin id="267" dir="0" index="0" bw="1" slack="5"/>
<pin id="268" dir="0" index="1" bw="0" slack="2147483647"/>
<pin id="269" dir="0" index="2" bw="1" slack="0"/>
<pin id="270" dir="0" index="3" bw="0" slack="2147483647"/>
<pin id="271" dir="0" index="4" bw="2" slack="0"/>
<pin id="272" dir="0" index="5" bw="0" slack="2147483647"/>
<pin id="273" dir="0" index="6" bw="1" slack="0"/>
<pin id="274" dir="0" index="7" bw="0" slack="2147483647"/>
<pin id="275" dir="1" index="8" bw="2" slack="2147483647"/>
</pin_list>
<bind>
<opcode="phi(47) " fcode="phi"/>
<opset="UnifiedRetVal/8 "/>
</bind>
</comp>

<comp id="280" class="1004" name="grp_load_fu_280">
<pin_list>
<pin id="281" dir="0" index="0" bw="38" slack="2"/>
<pin id="282" dir="1" index="1" bw="38" slack="0"/>
</pin_list>
<bind>
<opcode="load(27) " fcode="load"/>
<opset="acc_V_0_load/7 acc_V_0_load21/8 acc_V_0_load_2/8 acc_V_0_load_1/9 "/>
</bind>
</comp>

<comp id="284" class="1004" name="zext_ln32_cast_fu_284">
<pin_list>
<pin id="285" dir="0" index="0" bw="32" slack="0"/>
<pin id="286" dir="1" index="1" bw="64" slack="1"/>
</pin_list>
<bind>
<opcode="zext(34) " fcode="zext"/>
<opset="zext_ln32_cast/1 "/>
</bind>
</comp>

<comp id="288" class="1004" name="store_ln0_store_fu_288">
<pin_list>
<pin id="289" dir="0" index="0" bw="1" slack="0"/>
<pin id="290" dir="0" index="1" bw="64" slack="0"/>
<pin id="291" dir="1" index="2" bw="0" slack="2147483647"/>
</pin_list>
<bind>
<opcode="store(28) " fcode="store"/>
<opset="store_ln0/1 "/>
</bind>
</comp>

<comp id="293" class="1004" name="store_ln0_store_fu_293">
<pin_list>
<pin id="294" dir="0" index="0" bw="1" slack="0"/>
<pin id="295" dir="0" index="1" bw="38" slack="0"/>
<pin id="296" dir="1" index="2" bw="0" slack="2147483647"/>
</pin_list>
<bind>
<opcode="store(28) " fcode="store"/>
<opset="store_ln0/1 "/>
</bind>
</comp>

<comp id="298" class="1004" name="l_0_load_load_fu_298">
<pin_list>
<pin id="299" dir="0" index="0" bw="64" slack="1"/>
<pin id="300" dir="1" index="1" bw="64" slack="0"/>
</pin_list>
<bind>
<opcode="load(27) " fcode="load"/>
<opset="l_0_load/2 "/>
</bind>
</comp>

<comp id="301" class="1004" name="icmp_ln52_fu_301">
<pin_list>
<pin id="302" dir="0" index="0" bw="64" slack="0"/>
<pin id="303" dir="0" index="1" bw="64" slack="1"/>
<pin id="304" dir="1" index="2" bw="1" slack="1"/>
</pin_list>
<bind>
<opcode="icmp(45) " fcode="icmp"/>
<opset="icmp_ln52/2 "/>
</bind>
</comp>

<comp id="306" class="1004" name="trunc_ln1_fu_306">
<pin_list>
<pin id="307" dir="0" index="0" bw="11" slack="0"/>
<pin id="308" dir="0" index="1" bw="64" slack="0"/>
<pin id="309" dir="0" index="2" bw="1" slack="0"/>
<pin id="310" dir="0" index="3" bw="5" slack="0"/>
<pin id="311" dir="1" index="4" bw="11" slack="0"/>
</pin_list>
<bind>
<opcode="partselect(1002) " fcode="partselect"/>
<opset="trunc_ln1/2 "/>
</bind>
</comp>

<comp id="316" class="1004" name="add_ln1169_fu_316">
<pin_list>
<pin id="317" dir="0" index="0" bw="11" slack="0"/>
<pin id="318" dir="0" index="1" bw="11" slack="1"/>
<pin id="319" dir="1" index="2" bw="11" slack="0"/>
</pin_list>
<bind>
<opcode="add(8) " fcode="add"/>
<opset="add_ln1169/2 "/>
</bind>
</comp>

<comp id="321" class="1004" name="lshr_ln1169_1_fu_321">
<pin_list>
<pin id="322" dir="0" index="0" bw="6" slack="0"/>
<pin id="323" dir="0" index="1" bw="11" slack="0"/>
<pin id="324" dir="0" index="2" bw="4" slack="0"/>
<pin id="325" dir="0" index="3" bw="5" slack="0"/>
<pin id="326" dir="1" index="4" bw="6" slack="0"/>
</pin_list>
<bind>
<opcode="partselect(1002) " fcode="partselect"/>
<opset="lshr_ln1169_1/2 "/>
</bind>
</comp>

<comp id="331" class="1004" name="trunc_ln1169_1_fu_331">
<pin_list>
<pin id="332" dir="0" index="0" bw="4" slack="0"/>
<pin id="333" dir="0" index="1" bw="64" slack="0"/>
<pin id="334" dir="0" index="2" bw="3" slack="0"/>
<pin id="335" dir="0" index="3" bw="4" slack="0"/>
<pin id="336" dir="1" index="4" bw="4" slack="0"/>
</pin_list>
<bind>
<opcode="partselect(1002) " fcode="partselect"/>
<opset="trunc_ln1169_1/2 "/>
</bind>
</comp>

<comp id="341" class="1004" name="tmp_7_fu_341">
<pin_list>
<pin id="342" dir="0" index="0" bw="10" slack="0"/>
<pin id="343" dir="0" index="1" bw="6" slack="0"/>
<pin id="344" dir="0" index="2" bw="4" slack="0"/>
<pin id="345" dir="1" index="3" bw="10" slack="0"/>
</pin_list>
<bind>
<opcode="bitconcatenate(1004) " fcode="bitconcatenate"/>
<opset="tmp_7/2 "/>
</bind>
</comp>

<comp id="349" class="1004" name="zext_ln1169_fu_349">
<pin_list>
<pin id="350" dir="0" index="0" bw="10" slack="0"/>
<pin id="351" dir="1" index="1" bw="64" slack="0"/>
</pin_list>
<bind>
<opcode="zext(34) " fcode="zext"/>
<opset="zext_ln1169/2 "/>
</bind>
</comp>

<comp id="357" class="1004" name="zext_ln1171_fu_357">
<pin_list>
<pin id="358" dir="0" index="0" bw="4" slack="0"/>
<pin id="359" dir="1" index="1" bw="64" slack="0"/>
</pin_list>
<bind>
<opcode="zext(34) " fcode="zext"/>
<opset="zext_ln1171/2 "/>
</bind>
</comp>

<comp id="365" class="1004" name="or_ln52_fu_365">
<pin_list>
<pin id="366" dir="0" index="0" bw="64" slack="0"/>
<pin id="367" dir="0" index="1" bw="64" slack="0"/>
<pin id="368" dir="1" index="2" bw="64" slack="0"/>
</pin_list>
<bind>
<opcode="or(24) " fcode="or"/>
<opset="or_ln52/2 "/>
</bind>
</comp>

<comp id="371" class="1004" name="icmp_ln52_1_fu_371">
<pin_list>
<pin id="372" dir="0" index="0" bw="64" slack="0"/>
<pin id="373" dir="0" index="1" bw="64" slack="1"/>
<pin id="374" dir="1" index="2" bw="1" slack="1"/>
</pin_list>
<bind>
<opcode="icmp(45) " fcode="icmp"/>
<opset="icmp_ln52_1/2 "/>
</bind>
</comp>

<comp id="376" class="1004" name="or_ln52_1_fu_376">
<pin_list>
<pin id="377" dir="0" index="0" bw="64" slack="0"/>
<pin id="378" dir="0" index="1" bw="64" slack="0"/>
<pin id="379" dir="1" index="2" bw="64" slack="0"/>
</pin_list>
<bind>
<opcode="or(24) " fcode="or"/>
<opset="or_ln52_1/2 "/>
</bind>
</comp>

<comp id="382" class="1004" name="icmp_ln52_2_fu_382">
<pin_list>
<pin id="383" dir="0" index="0" bw="64" slack="0"/>
<pin id="384" dir="0" index="1" bw="64" slack="1"/>
<pin id="385" dir="1" index="2" bw="1" slack="1"/>
</pin_list>
<bind>
<opcode="icmp(45) " fcode="icmp"/>
<opset="icmp_ln52_2/2 "/>
</bind>
</comp>

<comp id="387" class="1004" name="or_ln52_2_fu_387">
<pin_list>
<pin id="388" dir="0" index="0" bw="64" slack="0"/>
<pin id="389" dir="0" index="1" bw="64" slack="0"/>
<pin id="390" dir="1" index="2" bw="64" slack="0"/>
</pin_list>
<bind>
<opcode="or(24) " fcode="or"/>
<opset="or_ln52_2/2 "/>
</bind>
</comp>

<comp id="393" class="1004" name="icmp_ln52_3_fu_393">
<pin_list>
<pin id="394" dir="0" index="0" bw="64" slack="0"/>
<pin id="395" dir="0" index="1" bw="64" slack="1"/>
<pin id="396" dir="1" index="2" bw="1" slack="1"/>
</pin_list>
<bind>
<opcode="icmp(45) " fcode="icmp"/>
<opset="icmp_ln52_3/2 "/>
</bind>
</comp>

<comp id="398" class="1004" name="add_ln52_fu_398">
<pin_list>
<pin id="399" dir="0" index="0" bw="64" slack="0"/>
<pin id="400" dir="0" index="1" bw="4" slack="0"/>
<pin id="401" dir="1" index="2" bw="64" slack="0"/>
</pin_list>
<bind>
<opcode="add(8) " fcode="add"/>
<opset="add_ln52/2 "/>
</bind>
</comp>

<comp id="404" class="1004" name="store_ln52_store_fu_404">
<pin_list>
<pin id="405" dir="0" index="0" bw="64" slack="0"/>
<pin id="406" dir="0" index="1" bw="64" slack="1"/>
<pin id="407" dir="1" index="2" bw="0" slack="2147483647"/>
</pin_list>
<bind>
<opcode="store(28) " fcode="store"/>
<opset="store_ln52/2 "/>
</bind>
</comp>

<comp id="409" class="1004" name="sext_ln1169_fu_409">
<pin_list>
<pin id="410" dir="0" index="0" bw="16" slack="0"/>
<pin id="411" dir="1" index="1" bw="32" slack="0"/>
</pin_list>
<bind>
<opcode="sext(35) " fcode="sext"/>
<opset="sext_ln1169/3 "/>
</bind>
</comp>

<comp id="413" class="1004" name="sext_ln1171_fu_413">
<pin_list>
<pin id="414" dir="0" index="0" bw="16" slack="0"/>
<pin id="415" dir="1" index="1" bw="32" slack="0"/>
</pin_list>
<bind>
<opcode="sext(35) " fcode="sext"/>
<opset="sext_ln1171/3 "/>
</bind>
</comp>

<comp id="417" class="1004" name="sext_ln1169_1_fu_417">
<pin_list>
<pin id="418" dir="0" index="0" bw="16" slack="0"/>
<pin id="419" dir="1" index="1" bw="32" slack="0"/>
</pin_list>
<bind>
<opcode="sext(35) " fcode="sext"/>
<opset="sext_ln1169_1/3 "/>
</bind>
</comp>

<comp id="421" class="1004" name="sext_ln1171_1_fu_421">
<pin_list>
<pin id="422" dir="0" index="0" bw="16" slack="0"/>
<pin id="423" dir="1" index="1" bw="32" slack="0"/>
</pin_list>
<bind>
<opcode="sext(35) " fcode="sext"/>
<opset="sext_ln1171_1/3 "/>
</bind>
</comp>

<comp id="425" class="1004" name="sext_ln1169_2_fu_425">
<pin_list>
<pin id="426" dir="0" index="0" bw="16" slack="0"/>
<pin id="427" dir="1" index="1" bw="32" slack="0"/>
</pin_list>
<bind>
<opcode="sext(35) " fcode="sext"/>
<opset="sext_ln1169_2/3 "/>
</bind>
</comp>

<comp id="429" class="1004" name="sext_ln1171_2_fu_429">
<pin_list>
<pin id="430" dir="0" index="0" bw="16" slack="0"/>
<pin id="431" dir="1" index="1" bw="32" slack="0"/>
</pin_list>
<bind>
<opcode="sext(35) " fcode="sext"/>
<opset="sext_ln1171_2/3 "/>
</bind>
</comp>

<comp id="433" class="1004" name="sext_ln1169_3_fu_433">
<pin_list>
<pin id="434" dir="0" index="0" bw="16" slack="0"/>
<pin id="435" dir="1" index="1" bw="32" slack="0"/>
</pin_list>
<bind>
<opcode="sext(35) " fcode="sext"/>
<opset="sext_ln1169_3/3 "/>
</bind>
</comp>

<comp id="437" class="1004" name="sext_ln1171_3_fu_437">
<pin_list>
<pin id="438" dir="0" index="0" bw="16" slack="0"/>
<pin id="439" dir="1" index="1" bw="32" slack="0"/>
</pin_list>
<bind>
<opcode="sext(35) " fcode="sext"/>
<opset="sext_ln1171_3/3 "/>
</bind>
</comp>

<comp id="441" class="1004" name="sext_ln712_fu_441">
<pin_list>
<pin id="442" dir="0" index="0" bw="38" slack="0"/>
<pin id="443" dir="1" index="1" bw="39" slack="0"/>
</pin_list>
<bind>
<opcode="sext(35) " fcode="sext"/>
<opset="sext_ln712/7 "/>
</bind>
</comp>

<comp id="445" class="1004" name="sext_ln712_1_fu_445">
<pin_list>
<pin id="446" dir="0" index="0" bw="32" slack="1"/>
<pin id="447" dir="1" index="1" bw="39" slack="0"/>
</pin_list>
<bind>
<opcode="sext(35) " fcode="sext"/>
<opset="sext_ln712_1/7 "/>
</bind>
</comp>

<comp id="448" class="1004" name="sext_ln1245_fu_448">
<pin_list>
<pin id="449" dir="0" index="0" bw="32" slack="1"/>
<pin id="450" dir="1" index="1" bw="38" slack="0"/>
</pin_list>
<bind>
<opcode="sext(35) " fcode="sext"/>
<opset="sext_ln1245/7 "/>
</bind>
</comp>

<comp id="451" class="1004" name="add_ln1245_fu_451">
<pin_list>
<pin id="452" dir="0" index="0" bw="38" slack="0"/>
<pin id="453" dir="0" index="1" bw="32" slack="0"/>
<pin id="454" dir="1" index="2" bw="39" slack="0"/>
</pin_list>
<bind>
<opcode="add(8) " fcode="add"/>
<opset="add_ln1245/7 "/>
</bind>
</comp>

<comp id="457" class="1004" name="tmp_fu_457">
<pin_list>
<pin id="458" dir="0" index="0" bw="1" slack="0"/>
<pin id="459" dir="0" index="1" bw="39" slack="0"/>
<pin id="460" dir="0" index="2" bw="7" slack="0"/>
<pin id="461" dir="1" index="3" bw="1" slack="0"/>
</pin_list>
<bind>
<opcode="bitselect(1000) " fcode="bitselect"/>
<opset="tmp/7 "/>
</bind>
</comp>

<comp id="465" class="1004" name="add_ln712_fu_465">
<pin_list>
<pin id="466" dir="0" index="0" bw="38" slack="0"/>
<pin id="467" dir="0" index="1" bw="32" slack="0"/>
<pin id="468" dir="1" index="2" bw="38" slack="0"/>
</pin_list>
<bind>
<opcode="add(8) " fcode="add"/>
<opset="add_ln712/7 "/>
</bind>
</comp>

<comp id="471" class="1004" name="tmp_1_fu_471">
<pin_list>
<pin id="472" dir="0" index="0" bw="1" slack="0"/>
<pin id="473" dir="0" index="1" bw="38" slack="0"/>
<pin id="474" dir="0" index="2" bw="7" slack="0"/>
<pin id="475" dir="1" index="3" bw="1" slack="0"/>
</pin_list>
<bind>
<opcode="bitselect(1000) " fcode="bitselect"/>
<opset="tmp_1/7 "/>
</bind>
</comp>

<comp id="479" class="1004" name="xor_ln794_fu_479">
<pin_list>
<pin id="480" dir="0" index="0" bw="1" slack="0"/>
<pin id="481" dir="0" index="1" bw="1" slack="0"/>
<pin id="482" dir="1" index="2" bw="1" slack="0"/>
</pin_list>
<bind>
<opcode="xor(25) " fcode="xor"/>
<opset="xor_ln794/7 "/>
</bind>
</comp>

<comp id="485" class="1004" name="and_ln794_fu_485">
<pin_list>
<pin id="486" dir="0" index="0" bw="1" slack="0"/>
<pin id="487" dir="0" index="1" bw="1" slack="0"/>
<pin id="488" dir="1" index="2" bw="1" slack="0"/>
</pin_list>
<bind>
<opcode="and(23) " fcode="and"/>
<opset="and_ln794/7 "/>
</bind>
</comp>

<comp id="491" class="1004" name="xor_ln340_fu_491">
<pin_list>
<pin id="492" dir="0" index="0" bw="1" slack="0"/>
<pin id="493" dir="0" index="1" bw="1" slack="0"/>
<pin id="494" dir="1" index="2" bw="1" slack="0"/>
</pin_list>
<bind>
<opcode="xor(25) " fcode="xor"/>
<opset="xor_ln340/7 "/>
</bind>
</comp>

<comp id="497" class="1004" name="select_ln384_fu_497">
<pin_list>
<pin id="498" dir="0" index="0" bw="1" slack="0"/>
<pin id="499" dir="0" index="1" bw="38" slack="0"/>
<pin id="500" dir="0" index="2" bw="38" slack="0"/>
<pin id="501" dir="1" index="3" bw="38" slack="0"/>
</pin_list>
<bind>
<opcode="select(49) " fcode="select"/>
<opset="select_ln384/7 "/>
</bind>
</comp>

<comp id="505" class="1004" name="select_ln340_fu_505">
<pin_list>
<pin id="506" dir="0" index="0" bw="1" slack="0"/>
<pin id="507" dir="0" index="1" bw="38" slack="0"/>
<pin id="508" dir="0" index="2" bw="38" slack="0"/>
<pin id="509" dir="1" index="3" bw="38" slack="0"/>
</pin_list>
<bind>
<opcode="select(49) " fcode="select"/>
<opset="select_ln340/7 "/>
</bind>
</comp>

<comp id="513" class="1004" name="sext_ln712_2_fu_513">
<pin_list>
<pin id="514" dir="0" index="0" bw="38" slack="0"/>
<pin id="515" dir="1" index="1" bw="39" slack="0"/>
</pin_list>
<bind>
<opcode="sext(35) " fcode="sext"/>
<opset="sext_ln712_2/7 "/>
</bind>
</comp>

<comp id="517" class="1004" name="sext_ln712_3_fu_517">
<pin_list>
<pin id="518" dir="0" index="0" bw="32" slack="1"/>
<pin id="519" dir="1" index="1" bw="39" slack="0"/>
</pin_list>
<bind>
<opcode="sext(35) " fcode="sext"/>
<opset="sext_ln712_3/7 "/>
</bind>
</comp>

<comp id="520" class="1004" name="sext_ln1245_1_fu_520">
<pin_list>
<pin id="521" dir="0" index="0" bw="32" slack="1"/>
<pin id="522" dir="1" index="1" bw="38" slack="0"/>
</pin_list>
<bind>
<opcode="sext(35) " fcode="sext"/>
<opset="sext_ln1245_1/7 "/>
</bind>
</comp>

<comp id="523" class="1004" name="add_ln1245_1_fu_523">
<pin_list>
<pin id="524" dir="0" index="0" bw="38" slack="0"/>
<pin id="525" dir="0" index="1" bw="32" slack="0"/>
<pin id="526" dir="1" index="2" bw="39" slack="0"/>
</pin_list>
<bind>
<opcode="add(8) " fcode="add"/>
<opset="add_ln1245_1/7 "/>
</bind>
</comp>

<comp id="529" class="1004" name="tmp_2_fu_529">
<pin_list>
<pin id="530" dir="0" index="0" bw="1" slack="0"/>
<pin id="531" dir="0" index="1" bw="39" slack="0"/>
<pin id="532" dir="0" index="2" bw="7" slack="0"/>
<pin id="533" dir="1" index="3" bw="1" slack="0"/>
</pin_list>
<bind>
<opcode="bitselect(1000) " fcode="bitselect"/>
<opset="tmp_2/7 "/>
</bind>
</comp>

<comp id="537" class="1004" name="add_ln712_1_fu_537">
<pin_list>
<pin id="538" dir="0" index="0" bw="38" slack="0"/>
<pin id="539" dir="0" index="1" bw="32" slack="0"/>
<pin id="540" dir="1" index="2" bw="38" slack="0"/>
</pin_list>
<bind>
<opcode="add(8) " fcode="add"/>
<opset="add_ln712_1/7 "/>
</bind>
</comp>

<comp id="543" class="1004" name="tmp_3_fu_543">
<pin_list>
<pin id="544" dir="0" index="0" bw="1" slack="0"/>
<pin id="545" dir="0" index="1" bw="38" slack="0"/>
<pin id="546" dir="0" index="2" bw="7" slack="0"/>
<pin id="547" dir="1" index="3" bw="1" slack="0"/>
</pin_list>
<bind>
<opcode="bitselect(1000) " fcode="bitselect"/>
<opset="tmp_3/7 "/>
</bind>
</comp>

<comp id="551" class="1004" name="xor_ln794_1_fu_551">
<pin_list>
<pin id="552" dir="0" index="0" bw="1" slack="0"/>
<pin id="553" dir="0" index="1" bw="1" slack="0"/>
<pin id="554" dir="1" index="2" bw="1" slack="0"/>
</pin_list>
<bind>
<opcode="xor(25) " fcode="xor"/>
<opset="xor_ln794_1/7 "/>
</bind>
</comp>

<comp id="557" class="1004" name="and_ln794_1_fu_557">
<pin_list>
<pin id="558" dir="0" index="0" bw="1" slack="0"/>
<pin id="559" dir="0" index="1" bw="1" slack="0"/>
<pin id="560" dir="1" index="2" bw="1" slack="0"/>
</pin_list>
<bind>
<opcode="and(23) " fcode="and"/>
<opset="and_ln794_1/7 "/>
</bind>
</comp>

<comp id="563" class="1004" name="xor_ln340_1_fu_563">
<pin_list>
<pin id="564" dir="0" index="0" bw="1" slack="0"/>
<pin id="565" dir="0" index="1" bw="1" slack="0"/>
<pin id="566" dir="1" index="2" bw="1" slack="0"/>
</pin_list>
<bind>
<opcode="xor(25) " fcode="xor"/>
<opset="xor_ln340_1/7 "/>
</bind>
</comp>

<comp id="569" class="1004" name="select_ln384_1_fu_569">
<pin_list>
<pin id="570" dir="0" index="0" bw="1" slack="0"/>
<pin id="571" dir="0" index="1" bw="38" slack="0"/>
<pin id="572" dir="0" index="2" bw="38" slack="0"/>
<pin id="573" dir="1" index="3" bw="38" slack="0"/>
</pin_list>
<bind>
<opcode="select(49) " fcode="select"/>
<opset="select_ln384_1/7 "/>
</bind>
</comp>

<comp id="577" class="1004" name="select_ln340_1_fu_577">
<pin_list>
<pin id="578" dir="0" index="0" bw="1" slack="0"/>
<pin id="579" dir="0" index="1" bw="38" slack="0"/>
<pin id="580" dir="0" index="2" bw="38" slack="0"/>
<pin id="581" dir="1" index="3" bw="38" slack="0"/>
</pin_list>
<bind>
<opcode="select(49) " fcode="select"/>
<opset="select_ln340_1/7 "/>
</bind>
</comp>

<comp id="585" class="1004" name="sext_ln712_4_fu_585">
<pin_list>
<pin id="586" dir="0" index="0" bw="38" slack="0"/>
<pin id="587" dir="1" index="1" bw="39" slack="0"/>
</pin_list>
<bind>
<opcode="sext(35) " fcode="sext"/>
<opset="sext_ln712_4/7 "/>
</bind>
</comp>

<comp id="589" class="1004" name="sext_ln712_5_fu_589">
<pin_list>
<pin id="590" dir="0" index="0" bw="32" slack="1"/>
<pin id="591" dir="1" index="1" bw="39" slack="0"/>
</pin_list>
<bind>
<opcode="sext(35) " fcode="sext"/>
<opset="sext_ln712_5/7 "/>
</bind>
</comp>

<comp id="592" class="1004" name="sext_ln1245_2_fu_592">
<pin_list>
<pin id="593" dir="0" index="0" bw="32" slack="1"/>
<pin id="594" dir="1" index="1" bw="38" slack="0"/>
</pin_list>
<bind>
<opcode="sext(35) " fcode="sext"/>
<opset="sext_ln1245_2/7 "/>
</bind>
</comp>

<comp id="595" class="1004" name="add_ln1245_2_fu_595">
<pin_list>
<pin id="596" dir="0" index="0" bw="38" slack="0"/>
<pin id="597" dir="0" index="1" bw="32" slack="0"/>
<pin id="598" dir="1" index="2" bw="39" slack="0"/>
</pin_list>
<bind>
<opcode="add(8) " fcode="add"/>
<opset="add_ln1245_2/7 "/>
</bind>
</comp>

<comp id="601" class="1004" name="tmp_4_fu_601">
<pin_list>
<pin id="602" dir="0" index="0" bw="1" slack="0"/>
<pin id="603" dir="0" index="1" bw="39" slack="0"/>
<pin id="604" dir="0" index="2" bw="7" slack="0"/>
<pin id="605" dir="1" index="3" bw="1" slack="0"/>
</pin_list>
<bind>
<opcode="bitselect(1000) " fcode="bitselect"/>
<opset="tmp_4/7 "/>
</bind>
</comp>

<comp id="609" class="1004" name="add_ln712_2_fu_609">
<pin_list>
<pin id="610" dir="0" index="0" bw="38" slack="0"/>
<pin id="611" dir="0" index="1" bw="32" slack="0"/>
<pin id="612" dir="1" index="2" bw="38" slack="0"/>
</pin_list>
<bind>
<opcode="add(8) " fcode="add"/>
<opset="add_ln712_2/7 "/>
</bind>
</comp>

<comp id="615" class="1004" name="tmp_5_fu_615">
<pin_list>
<pin id="616" dir="0" index="0" bw="1" slack="0"/>
<pin id="617" dir="0" index="1" bw="38" slack="0"/>
<pin id="618" dir="0" index="2" bw="7" slack="0"/>
<pin id="619" dir="1" index="3" bw="1" slack="0"/>
</pin_list>
<bind>
<opcode="bitselect(1000) " fcode="bitselect"/>
<opset="tmp_5/7 "/>
</bind>
</comp>

<comp id="623" class="1004" name="xor_ln794_2_fu_623">
<pin_list>
<pin id="624" dir="0" index="0" bw="1" slack="0"/>
<pin id="625" dir="0" index="1" bw="1" slack="0"/>
<pin id="626" dir="1" index="2" bw="1" slack="0"/>
</pin_list>
<bind>
<opcode="xor(25) " fcode="xor"/>
<opset="xor_ln794_2/7 "/>
</bind>
</comp>

<comp id="629" class="1004" name="and_ln794_2_fu_629">
<pin_list>
<pin id="630" dir="0" index="0" bw="1" slack="0"/>
<pin id="631" dir="0" index="1" bw="1" slack="0"/>
<pin id="632" dir="1" index="2" bw="1" slack="0"/>
</pin_list>
<bind>
<opcode="and(23) " fcode="and"/>
<opset="and_ln794_2/7 "/>
</bind>
</comp>

<comp id="635" class="1004" name="xor_ln340_2_fu_635">
<pin_list>
<pin id="636" dir="0" index="0" bw="1" slack="0"/>
<pin id="637" dir="0" index="1" bw="1" slack="0"/>
<pin id="638" dir="1" index="2" bw="1" slack="0"/>
</pin_list>
<bind>
<opcode="xor(25) " fcode="xor"/>
<opset="xor_ln340_2/7 "/>
</bind>
</comp>

<comp id="641" class="1004" name="select_ln384_2_fu_641">
<pin_list>
<pin id="642" dir="0" index="0" bw="1" slack="0"/>
<pin id="643" dir="0" index="1" bw="38" slack="0"/>
<pin id="644" dir="0" index="2" bw="38" slack="0"/>
<pin id="645" dir="1" index="3" bw="38" slack="0"/>
</pin_list>
<bind>
<opcode="select(49) " fcode="select"/>
<opset="select_ln384_2/7 "/>
</bind>
</comp>

<comp id="649" class="1004" name="select_ln340_2_fu_649">
<pin_list>
<pin id="650" dir="0" index="0" bw="1" slack="0"/>
<pin id="651" dir="0" index="1" bw="38" slack="0"/>
<pin id="652" dir="0" index="2" bw="38" slack="0"/>
<pin id="653" dir="1" index="3" bw="38" slack="0"/>
</pin_list>
<bind>
<opcode="select(49) " fcode="select"/>
<opset="select_ln340_2/7 "/>
</bind>
</comp>

<comp id="657" class="1004" name="sext_ln712_6_fu_657">
<pin_list>
<pin id="658" dir="0" index="0" bw="38" slack="0"/>
<pin id="659" dir="1" index="1" bw="39" slack="0"/>
</pin_list>
<bind>
<opcode="sext(35) " fcode="sext"/>
<opset="sext_ln712_6/7 "/>
</bind>
</comp>

<comp id="661" class="1004" name="sext_ln712_7_fu_661">
<pin_list>
<pin id="662" dir="0" index="0" bw="32" slack="1"/>
<pin id="663" dir="1" index="1" bw="39" slack="0"/>
</pin_list>
<bind>
<opcode="sext(35) " fcode="sext"/>
<opset="sext_ln712_7/7 "/>
</bind>
</comp>

<comp id="664" class="1004" name="sext_ln1245_3_fu_664">
<pin_list>
<pin id="665" dir="0" index="0" bw="32" slack="1"/>
<pin id="666" dir="1" index="1" bw="38" slack="0"/>
</pin_list>
<bind>
<opcode="sext(35) " fcode="sext"/>
<opset="sext_ln1245_3/7 "/>
</bind>
</comp>

<comp id="667" class="1004" name="add_ln1245_3_fu_667">
<pin_list>
<pin id="668" dir="0" index="0" bw="38" slack="0"/>
<pin id="669" dir="0" index="1" bw="32" slack="0"/>
<pin id="670" dir="1" index="2" bw="39" slack="0"/>
</pin_list>
<bind>
<opcode="add(8) " fcode="add"/>
<opset="add_ln1245_3/7 "/>
</bind>
</comp>

<comp id="673" class="1004" name="tmp_6_fu_673">
<pin_list>
<pin id="674" dir="0" index="0" bw="1" slack="0"/>
<pin id="675" dir="0" index="1" bw="39" slack="0"/>
<pin id="676" dir="0" index="2" bw="7" slack="0"/>
<pin id="677" dir="1" index="3" bw="1" slack="0"/>
</pin_list>
<bind>
<opcode="bitselect(1000) " fcode="bitselect"/>
<opset="tmp_6/7 "/>
</bind>
</comp>

<comp id="681" class="1004" name="add_ln712_3_fu_681">
<pin_list>
<pin id="682" dir="0" index="0" bw="38" slack="0"/>
<pin id="683" dir="0" index="1" bw="32" slack="0"/>
<pin id="684" dir="1" index="2" bw="38" slack="0"/>
</pin_list>
<bind>
<opcode="add(8) " fcode="add"/>
<opset="add_ln712_3/7 "/>
</bind>
</comp>

<comp id="687" class="1004" name="tmp_8_fu_687">
<pin_list>
<pin id="688" dir="0" index="0" bw="1" slack="0"/>
<pin id="689" dir="0" index="1" bw="38" slack="0"/>
<pin id="690" dir="0" index="2" bw="7" slack="0"/>
<pin id="691" dir="1" index="3" bw="1" slack="0"/>
</pin_list>
<bind>
<opcode="bitselect(1000) " fcode="bitselect"/>
<opset="tmp_8/7 "/>
</bind>
</comp>

<comp id="695" class="1004" name="xor_ln794_3_fu_695">
<pin_list>
<pin id="696" dir="0" index="0" bw="1" slack="0"/>
<pin id="697" dir="0" index="1" bw="1" slack="0"/>
<pin id="698" dir="1" index="2" bw="1" slack="0"/>
</pin_list>
<bind>
<opcode="xor(25) " fcode="xor"/>
<opset="xor_ln794_3/7 "/>
</bind>
</comp>

<comp id="701" class="1004" name="and_ln794_3_fu_701">
<pin_list>
<pin id="702" dir="0" index="0" bw="1" slack="0"/>
<pin id="703" dir="0" index="1" bw="1" slack="0"/>
<pin id="704" dir="1" index="2" bw="1" slack="0"/>
</pin_list>
<bind>
<opcode="and(23) " fcode="and"/>
<opset="and_ln794_3/7 "/>
</bind>
</comp>

<comp id="707" class="1004" name="xor_ln340_3_fu_707">
<pin_list>
<pin id="708" dir="0" index="0" bw="1" slack="0"/>
<pin id="709" dir="0" index="1" bw="1" slack="0"/>
<pin id="710" dir="1" index="2" bw="1" slack="0"/>
</pin_list>
<bind>
<opcode="xor(25) " fcode="xor"/>
<opset="xor_ln340_3/7 "/>
</bind>
</comp>

<comp id="713" class="1004" name="select_ln384_3_fu_713">
<pin_list>
<pin id="714" dir="0" index="0" bw="1" slack="0"/>
<pin id="715" dir="0" index="1" bw="38" slack="0"/>
<pin id="716" dir="0" index="2" bw="38" slack="0"/>
<pin id="717" dir="1" index="3" bw="38" slack="0"/>
</pin_list>
<bind>
<opcode="select(49) " fcode="select"/>
<opset="select_ln384_3/7 "/>
</bind>
</comp>

<comp id="721" class="1004" name="select_ln340_3_fu_721">
<pin_list>
<pin id="722" dir="0" index="0" bw="1" slack="0"/>
<pin id="723" dir="0" index="1" bw="38" slack="0"/>
<pin id="724" dir="0" index="2" bw="38" slack="0"/>
<pin id="725" dir="1" index="3" bw="38" slack="0"/>
</pin_list>
<bind>
<opcode="select(49) " fcode="select"/>
<opset="select_ln340_3/7 "/>
</bind>
</comp>

<comp id="729" class="1004" name="store_ln340_store_fu_729">
<pin_list>
<pin id="730" dir="0" index="0" bw="38" slack="0"/>
<pin id="731" dir="0" index="1" bw="38" slack="6"/>
<pin id="732" dir="1" index="2" bw="0" slack="2147483647"/>
</pin_list>
<bind>
<opcode="store(28) " fcode="store"/>
<opset="store_ln340/7 "/>
</bind>
</comp>

<comp id="734" class="1007" name="grp_fu_734">
<pin_list>
<pin id="735" dir="0" index="0" bw="16" slack="0"/>
<pin id="736" dir="0" index="1" bw="16" slack="0"/>
<pin id="737" dir="1" index="2" bw="32" slack="1"/>
</pin_list>
<bind>
<opcode="mul(12) " fcode="mul"/>
<opset="mul_ln1171/3 "/>
</bind>
</comp>

<comp id="740" class="1007" name="grp_fu_740">
<pin_list>
<pin id="741" dir="0" index="0" bw="16" slack="0"/>
<pin id="742" dir="0" index="1" bw="16" slack="0"/>
<pin id="743" dir="1" index="2" bw="32" slack="1"/>
</pin_list>
<bind>
<opcode="mul(12) " fcode="mul"/>
<opset="mul_ln1171_1/3 "/>
</bind>
</comp>

<comp id="746" class="1007" name="grp_fu_746">
<pin_list>
<pin id="747" dir="0" index="0" bw="16" slack="0"/>
<pin id="748" dir="0" index="1" bw="16" slack="0"/>
<pin id="749" dir="1" index="2" bw="32" slack="1"/>
</pin_list>
<bind>
<opcode="mul(12) " fcode="mul"/>
<opset="mul_ln1171_2/3 "/>
</bind>
</comp>

<comp id="752" class="1007" name="grp_fu_752">
<pin_list>
<pin id="753" dir="0" index="0" bw="16" slack="0"/>
<pin id="754" dir="0" index="1" bw="16" slack="0"/>
<pin id="755" dir="1" index="2" bw="32" slack="1"/>
</pin_list>
<bind>
<opcode="mul(12) " fcode="mul"/>
<opset="mul_ln1171_3/3 "/>
</bind>
</comp>

<comp id="758" class="1005" name="acc_V_0_reg_758">
<pin_list>
<pin id="759" dir="0" index="0" bw="38" slack="0"/>
<pin id="760" dir="1" index="1" bw="38" slack="0"/>
</pin_list>
<bind>
<opset="acc_V_0 "/>
</bind>
</comp>

<comp id="765" class="1005" name="l_0_reg_765">
<pin_list>
<pin id="766" dir="0" index="0" bw="64" slack="0"/>
<pin id="767" dir="1" index="1" bw="64" slack="0"/>
</pin_list>
<bind>
<opset="l_0 "/>
</bind>
</comp>

<comp id="772" class="1005" name="shl_ln_read_reg_772">
<pin_list>
<pin id="773" dir="0" index="0" bw="11" slack="1"/>
<pin id="774" dir="1" index="1" bw="11" slack="1"/>
</pin_list>
<bind>
<opset="shl_ln_read "/>
</bind>
</comp>

<comp id="777" class="1005" name="zext_ln32_cast_reg_777">
<pin_list>
<pin id="778" dir="0" index="0" bw="64" slack="1"/>
<pin id="779" dir="1" index="1" bw="64" slack="1"/>
</pin_list>
<bind>
<opset="zext_ln32_cast "/>
</bind>
</comp>

<comp id="785" class="1005" name="icmp_ln52_reg_785">
<pin_list>
<pin id="786" dir="0" index="0" bw="1" slack="1"/>
<pin id="787" dir="1" index="1" bw="1" slack="2147483647"/>
</pin_list>
<bind>
<opset="icmp_ln52 "/>
</bind>
</comp>

<comp id="789" class="1005" name="A_0_addr_reg_789">
<pin_list>
<pin id="790" dir="0" index="0" bw="10" slack="1"/>
<pin id="791" dir="1" index="1" bw="10" slack="1"/>
</pin_list>
<bind>
<opset="A_0_addr "/>
</bind>
</comp>

<comp id="794" class="1005" name="A_1_addr_reg_794">
<pin_list>
<pin id="795" dir="0" index="0" bw="10" slack="1"/>
<pin id="796" dir="1" index="1" bw="10" slack="1"/>
</pin_list>
<bind>
<opset="A_1_addr "/>
</bind>
</comp>

<comp id="799" class="1005" name="A_2_addr_reg_799">
<pin_list>
<pin id="800" dir="0" index="0" bw="10" slack="1"/>
<pin id="801" dir="1" index="1" bw="10" slack="1"/>
</pin_list>
<bind>
<opset="A_2_addr "/>
</bind>
</comp>

<comp id="804" class="1005" name="A_3_addr_reg_804">
<pin_list>
<pin id="805" dir="0" index="0" bw="10" slack="1"/>
<pin id="806" dir="1" index="1" bw="10" slack="1"/>
</pin_list>
<bind>
<opset="A_3_addr "/>
</bind>
</comp>

<comp id="809" class="1005" name="x_localbuff_V_0_addr_reg_809">
<pin_list>
<pin id="810" dir="0" index="0" bw="4" slack="1"/>
<pin id="811" dir="1" index="1" bw="4" slack="1"/>
</pin_list>
<bind>
<opset="x_localbuff_V_0_addr "/>
</bind>
</comp>

<comp id="814" class="1005" name="icmp_ln52_1_reg_814">
<pin_list>
<pin id="815" dir="0" index="0" bw="1" slack="1"/>
<pin id="816" dir="1" index="1" bw="1" slack="2147483647"/>
</pin_list>
<bind>
<opset="icmp_ln52_1 "/>
</bind>
</comp>

<comp id="818" class="1005" name="x_localbuff_V_1_addr_reg_818">
<pin_list>
<pin id="819" dir="0" index="0" bw="4" slack="1"/>
<pin id="820" dir="1" index="1" bw="4" slack="1"/>
</pin_list>
<bind>
<opset="x_localbuff_V_1_addr "/>
</bind>
</comp>

<comp id="823" class="1005" name="icmp_ln52_2_reg_823">
<pin_list>
<pin id="824" dir="0" index="0" bw="1" slack="1"/>
<pin id="825" dir="1" index="1" bw="1" slack="2147483647"/>
</pin_list>
<bind>
<opset="icmp_ln52_2 "/>
</bind>
</comp>

<comp id="827" class="1005" name="x_localbuff_V_2_addr_reg_827">
<pin_list>
<pin id="828" dir="0" index="0" bw="4" slack="1"/>
<pin id="829" dir="1" index="1" bw="4" slack="1"/>
</pin_list>
<bind>
<opset="x_localbuff_V_2_addr "/>
</bind>
</comp>

<comp id="832" class="1005" name="icmp_ln52_3_reg_832">
<pin_list>
<pin id="833" dir="0" index="0" bw="1" slack="1"/>
<pin id="834" dir="1" index="1" bw="1" slack="2147483647"/>
</pin_list>
<bind>
<opset="icmp_ln52_3 "/>
</bind>
</comp>

<comp id="836" class="1005" name="x_localbuff_V_3_addr_reg_836">
<pin_list>
<pin id="837" dir="0" index="0" bw="4" slack="1"/>
<pin id="838" dir="1" index="1" bw="4" slack="1"/>
</pin_list>
<bind>
<opset="x_localbuff_V_3_addr "/>
</bind>
</comp>

<comp id="841" class="1005" name="sext_ln1169_reg_841">
<pin_list>
<pin id="842" dir="0" index="0" bw="32" slack="1"/>
<pin id="843" dir="1" index="1" bw="32" slack="1"/>
</pin_list>
<bind>
<opset="sext_ln1169 "/>
</bind>
</comp>

<comp id="846" class="1005" name="sext_ln1171_reg_846">
<pin_list>
<pin id="847" dir="0" index="0" bw="32" slack="1"/>
<pin id="848" dir="1" index="1" bw="32" slack="1"/>
</pin_list>
<bind>
<opset="sext_ln1171 "/>
</bind>
</comp>

<comp id="851" class="1005" name="sext_ln1169_1_reg_851">
<pin_list>
<pin id="852" dir="0" index="0" bw="32" slack="1"/>
<pin id="853" dir="1" index="1" bw="32" slack="1"/>
</pin_list>
<bind>
<opset="sext_ln1169_1 "/>
</bind>
</comp>

<comp id="856" class="1005" name="sext_ln1171_1_reg_856">
<pin_list>
<pin id="857" dir="0" index="0" bw="32" slack="1"/>
<pin id="858" dir="1" index="1" bw="32" slack="1"/>
</pin_list>
<bind>
<opset="sext_ln1171_1 "/>
</bind>
</comp>

<comp id="861" class="1005" name="sext_ln1169_2_reg_861">
<pin_list>
<pin id="862" dir="0" index="0" bw="32" slack="1"/>
<pin id="863" dir="1" index="1" bw="32" slack="1"/>
</pin_list>
<bind>
<opset="sext_ln1169_2 "/>
</bind>
</comp>

<comp id="866" class="1005" name="sext_ln1171_2_reg_866">
<pin_list>
<pin id="867" dir="0" index="0" bw="32" slack="1"/>
<pin id="868" dir="1" index="1" bw="32" slack="1"/>
</pin_list>
<bind>
<opset="sext_ln1171_2 "/>
</bind>
</comp>

<comp id="871" class="1005" name="sext_ln1169_3_reg_871">
<pin_list>
<pin id="872" dir="0" index="0" bw="32" slack="1"/>
<pin id="873" dir="1" index="1" bw="32" slack="1"/>
</pin_list>
<bind>
<opset="sext_ln1169_3 "/>
</bind>
</comp>

<comp id="876" class="1005" name="sext_ln1171_3_reg_876">
<pin_list>
<pin id="877" dir="0" index="0" bw="32" slack="1"/>
<pin id="878" dir="1" index="1" bw="32" slack="1"/>
</pin_list>
<bind>
<opset="sext_ln1171_3 "/>
</bind>
</comp>

<comp id="881" class="1005" name="mul_ln1171_reg_881">
<pin_list>
<pin id="882" dir="0" index="0" bw="32" slack="1"/>
<pin id="883" dir="1" index="1" bw="32" slack="1"/>
</pin_list>
<bind>
<opset="mul_ln1171 "/>
</bind>
</comp>

<comp id="887" class="1005" name="mul_ln1171_1_reg_887">
<pin_list>
<pin id="888" dir="0" index="0" bw="32" slack="1"/>
<pin id="889" dir="1" index="1" bw="32" slack="1"/>
</pin_list>
<bind>
<opset="mul_ln1171_1 "/>
</bind>
</comp>

<comp id="893" class="1005" name="mul_ln1171_2_reg_893">
<pin_list>
<pin id="894" dir="0" index="0" bw="32" slack="1"/>
<pin id="895" dir="1" index="1" bw="32" slack="1"/>
</pin_list>
<bind>
<opset="mul_ln1171_2 "/>
</bind>
</comp>

<comp id="899" class="1005" name="mul_ln1171_3_reg_899">
<pin_list>
<pin id="900" dir="0" index="0" bw="32" slack="1"/>
<pin id="901" dir="1" index="1" bw="32" slack="1"/>
</pin_list>
<bind>
<opset="mul_ln1171_3 "/>
</bind>
</comp>

<comp id="905" class="1005" name="acc_V_0_load_reg_905">
<pin_list>
<pin id="906" dir="0" index="0" bw="38" slack="1"/>
<pin id="907" dir="1" index="1" bw="38" slack="1"/>
</pin_list>
<bind>
<opset="acc_V_0_load "/>
</bind>
</comp>

<comp id="910" class="1005" name="select_ln340_reg_910">
<pin_list>
<pin id="911" dir="0" index="0" bw="38" slack="1"/>
<pin id="912" dir="1" index="1" bw="38" slack="1"/>
</pin_list>
<bind>
<opset="select_ln340 "/>
</bind>
</comp>

<comp id="915" class="1005" name="select_ln340_1_reg_915">
<pin_list>
<pin id="916" dir="0" index="0" bw="38" slack="1"/>
<pin id="917" dir="1" index="1" bw="38" slack="1"/>
</pin_list>
<bind>
<opset="select_ln340_1 "/>
</bind>
</comp>

<comp id="920" class="1005" name="select_ln340_2_reg_920">
<pin_list>
<pin id="921" dir="0" index="0" bw="38" slack="1"/>
<pin id="922" dir="1" index="1" bw="38" slack="1"/>
</pin_list>
<bind>
<opset="select_ln340_2 "/>
</bind>
</comp>

</comp_list>

<net_list>
<net id="113"><net_src comp="28" pin="0"/><net_sink comp="110" pin=0"/></net>

<net id="117"><net_src comp="28" pin="0"/><net_sink comp="114" pin=0"/></net>

<net id="122"><net_src comp="30" pin="0"/><net_sink comp="118" pin=0"/></net>

<net id="123"><net_src comp="2" pin="0"/><net_sink comp="118" pin=1"/></net>

<net id="128"><net_src comp="32" pin="0"/><net_sink comp="124" pin=0"/></net>

<net id="129"><net_src comp="0" pin="0"/><net_sink comp="124" pin=1"/></net>

<net id="135"><net_src comp="100" pin="0"/><net_sink comp="130" pin=0"/></net>

<net id="136"><net_src comp="12" pin="0"/><net_sink comp="130" pin=1"/></net>

<net id="142"><net_src comp="100" pin="0"/><net_sink comp="137" pin=0"/></net>

<net id="143"><net_src comp="14" pin="0"/><net_sink comp="137" pin=1"/></net>

<net id="149"><net_src comp="100" pin="0"/><net_sink comp="144" pin=0"/></net>

<net id="150"><net_src comp="16" pin="0"/><net_sink comp="144" pin=1"/></net>

<net id="156"><net_src comp="100" pin="0"/><net_sink comp="151" pin=0"/></net>

<net id="157"><net_src comp="18" pin="0"/><net_sink comp="151" pin=1"/></net>

<net id="163"><net_src comp="4" pin="0"/><net_sink comp="158" pin=0"/></net>

<net id="164"><net_src comp="50" pin="0"/><net_sink comp="158" pin=1"/></net>

<net id="170"><net_src comp="6" pin="0"/><net_sink comp="165" pin=0"/></net>

<net id="171"><net_src comp="50" pin="0"/><net_sink comp="165" pin=1"/></net>

<net id="177"><net_src comp="8" pin="0"/><net_sink comp="172" pin=0"/></net>

<net id="178"><net_src comp="50" pin="0"/><net_sink comp="172" pin=1"/></net>

<net id="184"><net_src comp="10" pin="0"/><net_sink comp="179" pin=0"/></net>

<net id="185"><net_src comp="50" pin="0"/><net_sink comp="179" pin=1"/></net>

<net id="191"><net_src comp="158" pin="3"/><net_sink comp="186" pin=0"/></net>

<net id="197"><net_src comp="26" pin="0"/><net_sink comp="192" pin=0"/></net>

<net id="198"><net_src comp="50" pin="0"/><net_sink comp="192" pin=1"/></net>

<net id="204"><net_src comp="192" pin="3"/><net_sink comp="199" pin=0"/></net>

<net id="210"><net_src comp="165" pin="3"/><net_sink comp="205" pin=0"/></net>

<net id="216"><net_src comp="24" pin="0"/><net_sink comp="211" pin=0"/></net>

<net id="217"><net_src comp="50" pin="0"/><net_sink comp="211" pin=1"/></net>

<net id="223"><net_src comp="211" pin="3"/><net_sink comp="218" pin=0"/></net>

<net id="229"><net_src comp="172" pin="3"/><net_sink comp="224" pin=0"/></net>

<net id="235"><net_src comp="22" pin="0"/><net_sink comp="230" pin=0"/></net>

<net id="236"><net_src comp="50" pin="0"/><net_sink comp="230" pin=1"/></net>

<net id="242"><net_src comp="230" pin="3"/><net_sink comp="237" pin=0"/></net>

<net id="248"><net_src comp="179" pin="3"/><net_sink comp="243" pin=0"/></net>

<net id="254"><net_src comp="20" pin="0"/><net_sink comp="249" pin=0"/></net>

<net id="255"><net_src comp="50" pin="0"/><net_sink comp="249" pin=1"/></net>

<net id="261"><net_src comp="249" pin="3"/><net_sink comp="256" pin=0"/></net>

<net id="265"><net_src comp="102" pin="0"/><net_sink comp="262" pin=0"/></net>

<net id="276"><net_src comp="262" pin="1"/><net_sink comp="266" pin=0"/></net>

<net id="277"><net_src comp="104" pin="0"/><net_sink comp="266" pin=2"/></net>

<net id="278"><net_src comp="106" pin="0"/><net_sink comp="266" pin=4"/></net>

<net id="279"><net_src comp="108" pin="0"/><net_sink comp="266" pin=6"/></net>

<net id="283"><net_src comp="280" pin="1"/><net_sink comp="130" pin=2"/></net>

<net id="287"><net_src comp="124" pin="2"/><net_sink comp="284" pin=0"/></net>

<net id="292"><net_src comp="50" pin="0"/><net_sink comp="288" pin=0"/></net>

<net id="297"><net_src comp="52" pin="0"/><net_sink comp="293" pin=0"/></net>

<net id="305"><net_src comp="298" pin="1"/><net_sink comp="301" pin=0"/></net>

<net id="312"><net_src comp="58" pin="0"/><net_sink comp="306" pin=0"/></net>

<net id="313"><net_src comp="298" pin="1"/><net_sink comp="306" pin=1"/></net>

<net id="314"><net_src comp="28" pin="0"/><net_sink comp="306" pin=2"/></net>

<net id="315"><net_src comp="60" pin="0"/><net_sink comp="306" pin=3"/></net>

<net id="320"><net_src comp="306" pin="4"/><net_sink comp="316" pin=0"/></net>

<net id="327"><net_src comp="62" pin="0"/><net_sink comp="321" pin=0"/></net>

<net id="328"><net_src comp="316" pin="2"/><net_sink comp="321" pin=1"/></net>

<net id="329"><net_src comp="64" pin="0"/><net_sink comp="321" pin=2"/></net>

<net id="330"><net_src comp="66" pin="0"/><net_sink comp="321" pin=3"/></net>

<net id="337"><net_src comp="68" pin="0"/><net_sink comp="331" pin=0"/></net>

<net id="338"><net_src comp="298" pin="1"/><net_sink comp="331" pin=1"/></net>

<net id="339"><net_src comp="70" pin="0"/><net_sink comp="331" pin=2"/></net>

<net id="340"><net_src comp="64" pin="0"/><net_sink comp="331" pin=3"/></net>

<net id="346"><net_src comp="72" pin="0"/><net_sink comp="341" pin=0"/></net>

<net id="347"><net_src comp="321" pin="4"/><net_sink comp="341" pin=1"/></net>

<net id="348"><net_src comp="331" pin="4"/><net_sink comp="341" pin=2"/></net>

<net id="352"><net_src comp="341" pin="3"/><net_sink comp="349" pin=0"/></net>

<net id="353"><net_src comp="349" pin="1"/><net_sink comp="158" pin=2"/></net>

<net id="354"><net_src comp="349" pin="1"/><net_sink comp="165" pin=2"/></net>

<net id="355"><net_src comp="349" pin="1"/><net_sink comp="172" pin=2"/></net>

<net id="356"><net_src comp="349" pin="1"/><net_sink comp="179" pin=2"/></net>

<net id="360"><net_src comp="331" pin="4"/><net_sink comp="357" pin=0"/></net>

<net id="361"><net_src comp="357" pin="1"/><net_sink comp="192" pin=2"/></net>

<net id="362"><net_src comp="357" pin="1"/><net_sink comp="211" pin=2"/></net>

<net id="363"><net_src comp="357" pin="1"/><net_sink comp="230" pin=2"/></net>

<net id="364"><net_src comp="357" pin="1"/><net_sink comp="249" pin=2"/></net>

<net id="369"><net_src comp="298" pin="1"/><net_sink comp="365" pin=0"/></net>

<net id="370"><net_src comp="40" pin="0"/><net_sink comp="365" pin=1"/></net>

<net id="375"><net_src comp="365" pin="2"/><net_sink comp="371" pin=0"/></net>

<net id="380"><net_src comp="298" pin="1"/><net_sink comp="376" pin=0"/></net>

<net id="381"><net_src comp="74" pin="0"/><net_sink comp="376" pin=1"/></net>

<net id="386"><net_src comp="376" pin="2"/><net_sink comp="382" pin=0"/></net>

<net id="391"><net_src comp="298" pin="1"/><net_sink comp="387" pin=0"/></net>

<net id="392"><net_src comp="76" pin="0"/><net_sink comp="387" pin=1"/></net>

<net id="397"><net_src comp="387" pin="2"/><net_sink comp="393" pin=0"/></net>

<net id="402"><net_src comp="298" pin="1"/><net_sink comp="398" pin=0"/></net>

<net id="403"><net_src comp="78" pin="0"/><net_sink comp="398" pin=1"/></net>

<net id="408"><net_src comp="398" pin="2"/><net_sink comp="404" pin=0"/></net>

<net id="412"><net_src comp="186" pin="3"/><net_sink comp="409" pin=0"/></net>

<net id="416"><net_src comp="199" pin="3"/><net_sink comp="413" pin=0"/></net>

<net id="420"><net_src comp="205" pin="3"/><net_sink comp="417" pin=0"/></net>

<net id="424"><net_src comp="218" pin="3"/><net_sink comp="421" pin=0"/></net>

<net id="428"><net_src comp="224" pin="3"/><net_sink comp="425" pin=0"/></net>

<net id="432"><net_src comp="237" pin="3"/><net_sink comp="429" pin=0"/></net>

<net id="436"><net_src comp="243" pin="3"/><net_sink comp="433" pin=0"/></net>

<net id="440"><net_src comp="256" pin="3"/><net_sink comp="437" pin=0"/></net>

<net id="444"><net_src comp="280" pin="1"/><net_sink comp="441" pin=0"/></net>

<net id="455"><net_src comp="441" pin="1"/><net_sink comp="451" pin=0"/></net>

<net id="456"><net_src comp="445" pin="1"/><net_sink comp="451" pin=1"/></net>

<net id="462"><net_src comp="86" pin="0"/><net_sink comp="457" pin=0"/></net>

<net id="463"><net_src comp="451" pin="2"/><net_sink comp="457" pin=1"/></net>

<net id="464"><net_src comp="88" pin="0"/><net_sink comp="457" pin=2"/></net>

<net id="469"><net_src comp="280" pin="1"/><net_sink comp="465" pin=0"/></net>

<net id="470"><net_src comp="448" pin="1"/><net_sink comp="465" pin=1"/></net>

<net id="476"><net_src comp="90" pin="0"/><net_sink comp="471" pin=0"/></net>

<net id="477"><net_src comp="465" pin="2"/><net_sink comp="471" pin=1"/></net>

<net id="478"><net_src comp="92" pin="0"/><net_sink comp="471" pin=2"/></net>

<net id="483"><net_src comp="457" pin="3"/><net_sink comp="479" pin=0"/></net>

<net id="484"><net_src comp="94" pin="0"/><net_sink comp="479" pin=1"/></net>

<net id="489"><net_src comp="471" pin="3"/><net_sink comp="485" pin=0"/></net>

<net id="490"><net_src comp="479" pin="2"/><net_sink comp="485" pin=1"/></net>

<net id="495"><net_src comp="457" pin="3"/><net_sink comp="491" pin=0"/></net>

<net id="496"><net_src comp="471" pin="3"/><net_sink comp="491" pin=1"/></net>

<net id="502"><net_src comp="485" pin="2"/><net_sink comp="497" pin=0"/></net>

<net id="503"><net_src comp="96" pin="0"/><net_sink comp="497" pin=1"/></net>

<net id="504"><net_src comp="98" pin="0"/><net_sink comp="497" pin=2"/></net>

<net id="510"><net_src comp="491" pin="2"/><net_sink comp="505" pin=0"/></net>

<net id="511"><net_src comp="497" pin="3"/><net_sink comp="505" pin=1"/></net>

<net id="512"><net_src comp="465" pin="2"/><net_sink comp="505" pin=2"/></net>

<net id="516"><net_src comp="505" pin="3"/><net_sink comp="513" pin=0"/></net>

<net id="527"><net_src comp="513" pin="1"/><net_sink comp="523" pin=0"/></net>

<net id="528"><net_src comp="517" pin="1"/><net_sink comp="523" pin=1"/></net>

<net id="534"><net_src comp="86" pin="0"/><net_sink comp="529" pin=0"/></net>

<net id="535"><net_src comp="523" pin="2"/><net_sink comp="529" pin=1"/></net>

<net id="536"><net_src comp="88" pin="0"/><net_sink comp="529" pin=2"/></net>

<net id="541"><net_src comp="505" pin="3"/><net_sink comp="537" pin=0"/></net>

<net id="542"><net_src comp="520" pin="1"/><net_sink comp="537" pin=1"/></net>

<net id="548"><net_src comp="90" pin="0"/><net_sink comp="543" pin=0"/></net>

<net id="549"><net_src comp="537" pin="2"/><net_sink comp="543" pin=1"/></net>

<net id="550"><net_src comp="92" pin="0"/><net_sink comp="543" pin=2"/></net>

<net id="555"><net_src comp="529" pin="3"/><net_sink comp="551" pin=0"/></net>

<net id="556"><net_src comp="94" pin="0"/><net_sink comp="551" pin=1"/></net>

<net id="561"><net_src comp="543" pin="3"/><net_sink comp="557" pin=0"/></net>

<net id="562"><net_src comp="551" pin="2"/><net_sink comp="557" pin=1"/></net>

<net id="567"><net_src comp="529" pin="3"/><net_sink comp="563" pin=0"/></net>

<net id="568"><net_src comp="543" pin="3"/><net_sink comp="563" pin=1"/></net>

<net id="574"><net_src comp="557" pin="2"/><net_sink comp="569" pin=0"/></net>

<net id="575"><net_src comp="96" pin="0"/><net_sink comp="569" pin=1"/></net>

<net id="576"><net_src comp="98" pin="0"/><net_sink comp="569" pin=2"/></net>

<net id="582"><net_src comp="563" pin="2"/><net_sink comp="577" pin=0"/></net>

<net id="583"><net_src comp="569" pin="3"/><net_sink comp="577" pin=1"/></net>

<net id="584"><net_src comp="537" pin="2"/><net_sink comp="577" pin=2"/></net>

<net id="588"><net_src comp="577" pin="3"/><net_sink comp="585" pin=0"/></net>

<net id="599"><net_src comp="585" pin="1"/><net_sink comp="595" pin=0"/></net>

<net id="600"><net_src comp="589" pin="1"/><net_sink comp="595" pin=1"/></net>

<net id="606"><net_src comp="86" pin="0"/><net_sink comp="601" pin=0"/></net>

<net id="607"><net_src comp="595" pin="2"/><net_sink comp="601" pin=1"/></net>

<net id="608"><net_src comp="88" pin="0"/><net_sink comp="601" pin=2"/></net>

<net id="613"><net_src comp="577" pin="3"/><net_sink comp="609" pin=0"/></net>

<net id="614"><net_src comp="592" pin="1"/><net_sink comp="609" pin=1"/></net>

<net id="620"><net_src comp="90" pin="0"/><net_sink comp="615" pin=0"/></net>

<net id="621"><net_src comp="609" pin="2"/><net_sink comp="615" pin=1"/></net>

<net id="622"><net_src comp="92" pin="0"/><net_sink comp="615" pin=2"/></net>

<net id="627"><net_src comp="601" pin="3"/><net_sink comp="623" pin=0"/></net>

<net id="628"><net_src comp="94" pin="0"/><net_sink comp="623" pin=1"/></net>

<net id="633"><net_src comp="615" pin="3"/><net_sink comp="629" pin=0"/></net>

<net id="634"><net_src comp="623" pin="2"/><net_sink comp="629" pin=1"/></net>

<net id="639"><net_src comp="601" pin="3"/><net_sink comp="635" pin=0"/></net>

<net id="640"><net_src comp="615" pin="3"/><net_sink comp="635" pin=1"/></net>

<net id="646"><net_src comp="629" pin="2"/><net_sink comp="641" pin=0"/></net>

<net id="647"><net_src comp="96" pin="0"/><net_sink comp="641" pin=1"/></net>

<net id="648"><net_src comp="98" pin="0"/><net_sink comp="641" pin=2"/></net>

<net id="654"><net_src comp="635" pin="2"/><net_sink comp="649" pin=0"/></net>

<net id="655"><net_src comp="641" pin="3"/><net_sink comp="649" pin=1"/></net>

<net id="656"><net_src comp="609" pin="2"/><net_sink comp="649" pin=2"/></net>

<net id="660"><net_src comp="649" pin="3"/><net_sink comp="657" pin=0"/></net>

<net id="671"><net_src comp="657" pin="1"/><net_sink comp="667" pin=0"/></net>

<net id="672"><net_src comp="661" pin="1"/><net_sink comp="667" pin=1"/></net>

<net id="678"><net_src comp="86" pin="0"/><net_sink comp="673" pin=0"/></net>

<net id="679"><net_src comp="667" pin="2"/><net_sink comp="673" pin=1"/></net>

<net id="680"><net_src comp="88" pin="0"/><net_sink comp="673" pin=2"/></net>

<net id="685"><net_src comp="649" pin="3"/><net_sink comp="681" pin=0"/></net>

<net id="686"><net_src comp="664" pin="1"/><net_sink comp="681" pin=1"/></net>

<net id="692"><net_src comp="90" pin="0"/><net_sink comp="687" pin=0"/></net>

<net id="693"><net_src comp="681" pin="2"/><net_sink comp="687" pin=1"/></net>

<net id="694"><net_src comp="92" pin="0"/><net_sink comp="687" pin=2"/></net>

<net id="699"><net_src comp="673" pin="3"/><net_sink comp="695" pin=0"/></net>

<net id="700"><net_src comp="94" pin="0"/><net_sink comp="695" pin=1"/></net>

<net id="705"><net_src comp="687" pin="3"/><net_sink comp="701" pin=0"/></net>

<net id="706"><net_src comp="695" pin="2"/><net_sink comp="701" pin=1"/></net>

<net id="711"><net_src comp="673" pin="3"/><net_sink comp="707" pin=0"/></net>

<net id="712"><net_src comp="687" pin="3"/><net_sink comp="707" pin=1"/></net>

<net id="718"><net_src comp="701" pin="2"/><net_sink comp="713" pin=0"/></net>

<net id="719"><net_src comp="96" pin="0"/><net_sink comp="713" pin=1"/></net>

<net id="720"><net_src comp="98" pin="0"/><net_sink comp="713" pin=2"/></net>

<net id="726"><net_src comp="707" pin="2"/><net_sink comp="721" pin=0"/></net>

<net id="727"><net_src comp="713" pin="3"/><net_sink comp="721" pin=1"/></net>

<net id="728"><net_src comp="681" pin="2"/><net_sink comp="721" pin=2"/></net>

<net id="733"><net_src comp="721" pin="3"/><net_sink comp="729" pin=0"/></net>

<net id="738"><net_src comp="413" pin="1"/><net_sink comp="734" pin=0"/></net>

<net id="739"><net_src comp="409" pin="1"/><net_sink comp="734" pin=1"/></net>

<net id="744"><net_src comp="421" pin="1"/><net_sink comp="740" pin=0"/></net>

<net id="745"><net_src comp="417" pin="1"/><net_sink comp="740" pin=1"/></net>

<net id="750"><net_src comp="429" pin="1"/><net_sink comp="746" pin=0"/></net>

<net id="751"><net_src comp="425" pin="1"/><net_sink comp="746" pin=1"/></net>

<net id="756"><net_src comp="437" pin="1"/><net_sink comp="752" pin=0"/></net>

<net id="757"><net_src comp="433" pin="1"/><net_sink comp="752" pin=1"/></net>

<net id="761"><net_src comp="110" pin="1"/><net_sink comp="758" pin=0"/></net>

<net id="762"><net_src comp="758" pin="1"/><net_sink comp="293" pin=1"/></net>

<net id="763"><net_src comp="758" pin="1"/><net_sink comp="280" pin=0"/></net>

<net id="764"><net_src comp="758" pin="1"/><net_sink comp="729" pin=1"/></net>

<net id="768"><net_src comp="114" pin="1"/><net_sink comp="765" pin=0"/></net>

<net id="769"><net_src comp="765" pin="1"/><net_sink comp="288" pin=1"/></net>

<net id="770"><net_src comp="765" pin="1"/><net_sink comp="298" pin=0"/></net>

<net id="771"><net_src comp="765" pin="1"/><net_sink comp="404" pin=1"/></net>

<net id="775"><net_src comp="118" pin="2"/><net_sink comp="772" pin=0"/></net>

<net id="776"><net_src comp="772" pin="1"/><net_sink comp="316" pin=1"/></net>

<net id="780"><net_src comp="284" pin="1"/><net_sink comp="777" pin=0"/></net>

<net id="781"><net_src comp="777" pin="1"/><net_sink comp="301" pin=1"/></net>

<net id="782"><net_src comp="777" pin="1"/><net_sink comp="371" pin=1"/></net>

<net id="783"><net_src comp="777" pin="1"/><net_sink comp="382" pin=1"/></net>

<net id="784"><net_src comp="777" pin="1"/><net_sink comp="393" pin=1"/></net>

<net id="788"><net_src comp="301" pin="2"/><net_sink comp="785" pin=0"/></net>

<net id="792"><net_src comp="158" pin="3"/><net_sink comp="789" pin=0"/></net>

<net id="793"><net_src comp="789" pin="1"/><net_sink comp="186" pin=0"/></net>

<net id="797"><net_src comp="165" pin="3"/><net_sink comp="794" pin=0"/></net>

<net id="798"><net_src comp="794" pin="1"/><net_sink comp="205" pin=0"/></net>

<net id="802"><net_src comp="172" pin="3"/><net_sink comp="799" pin=0"/></net>

<net id="803"><net_src comp="799" pin="1"/><net_sink comp="224" pin=0"/></net>

<net id="807"><net_src comp="179" pin="3"/><net_sink comp="804" pin=0"/></net>

<net id="808"><net_src comp="804" pin="1"/><net_sink comp="243" pin=0"/></net>

<net id="812"><net_src comp="192" pin="3"/><net_sink comp="809" pin=0"/></net>

<net id="813"><net_src comp="809" pin="1"/><net_sink comp="199" pin=0"/></net>

<net id="817"><net_src comp="371" pin="2"/><net_sink comp="814" pin=0"/></net>

<net id="821"><net_src comp="211" pin="3"/><net_sink comp="818" pin=0"/></net>

<net id="822"><net_src comp="818" pin="1"/><net_sink comp="218" pin=0"/></net>

<net id="826"><net_src comp="382" pin="2"/><net_sink comp="823" pin=0"/></net>

<net id="830"><net_src comp="230" pin="3"/><net_sink comp="827" pin=0"/></net>

<net id="831"><net_src comp="827" pin="1"/><net_sink comp="237" pin=0"/></net>

<net id="835"><net_src comp="393" pin="2"/><net_sink comp="832" pin=0"/></net>

<net id="839"><net_src comp="249" pin="3"/><net_sink comp="836" pin=0"/></net>

<net id="840"><net_src comp="836" pin="1"/><net_sink comp="256" pin=0"/></net>

<net id="844"><net_src comp="409" pin="1"/><net_sink comp="841" pin=0"/></net>

<net id="845"><net_src comp="841" pin="1"/><net_sink comp="734" pin=1"/></net>

<net id="849"><net_src comp="413" pin="1"/><net_sink comp="846" pin=0"/></net>

<net id="850"><net_src comp="846" pin="1"/><net_sink comp="734" pin=0"/></net>

<net id="854"><net_src comp="417" pin="1"/><net_sink comp="851" pin=0"/></net>

<net id="855"><net_src comp="851" pin="1"/><net_sink comp="740" pin=1"/></net>

<net id="859"><net_src comp="421" pin="1"/><net_sink comp="856" pin=0"/></net>

<net id="860"><net_src comp="856" pin="1"/><net_sink comp="740" pin=0"/></net>

<net id="864"><net_src comp="425" pin="1"/><net_sink comp="861" pin=0"/></net>

<net id="865"><net_src comp="861" pin="1"/><net_sink comp="746" pin=1"/></net>

<net id="869"><net_src comp="429" pin="1"/><net_sink comp="866" pin=0"/></net>

<net id="870"><net_src comp="866" pin="1"/><net_sink comp="746" pin=0"/></net>

<net id="874"><net_src comp="433" pin="1"/><net_sink comp="871" pin=0"/></net>

<net id="875"><net_src comp="871" pin="1"/><net_sink comp="752" pin=1"/></net>

<net id="879"><net_src comp="437" pin="1"/><net_sink comp="876" pin=0"/></net>

<net id="880"><net_src comp="876" pin="1"/><net_sink comp="752" pin=0"/></net>

<net id="884"><net_src comp="734" pin="2"/><net_sink comp="881" pin=0"/></net>

<net id="885"><net_src comp="881" pin="1"/><net_sink comp="445" pin=0"/></net>

<net id="886"><net_src comp="881" pin="1"/><net_sink comp="448" pin=0"/></net>

<net id="890"><net_src comp="740" pin="2"/><net_sink comp="887" pin=0"/></net>

<net id="891"><net_src comp="887" pin="1"/><net_sink comp="517" pin=0"/></net>

<net id="892"><net_src comp="887" pin="1"/><net_sink comp="520" pin=0"/></net>

<net id="896"><net_src comp="746" pin="2"/><net_sink comp="893" pin=0"/></net>

<net id="897"><net_src comp="893" pin="1"/><net_sink comp="589" pin=0"/></net>

<net id="898"><net_src comp="893" pin="1"/><net_sink comp="592" pin=0"/></net>

<net id="902"><net_src comp="752" pin="2"/><net_sink comp="899" pin=0"/></net>

<net id="903"><net_src comp="899" pin="1"/><net_sink comp="661" pin=0"/></net>

<net id="904"><net_src comp="899" pin="1"/><net_sink comp="664" pin=0"/></net>

<net id="908"><net_src comp="280" pin="1"/><net_sink comp="905" pin=0"/></net>

<net id="909"><net_src comp="905" pin="1"/><net_sink comp="130" pin=2"/></net>

<net id="913"><net_src comp="505" pin="3"/><net_sink comp="910" pin=0"/></net>

<net id="914"><net_src comp="910" pin="1"/><net_sink comp="151" pin=2"/></net>

<net id="918"><net_src comp="577" pin="3"/><net_sink comp="915" pin=0"/></net>

<net id="919"><net_src comp="915" pin="1"/><net_sink comp="144" pin=2"/></net>

<net id="923"><net_src comp="649" pin="3"/><net_sink comp="920" pin=0"/></net>

<net id="924"><net_src comp="920" pin="1"/><net_sink comp="137" pin=2"/></net>

</net_list>

</model> 
---------------- Datapath Model END ------------------

* FSMD analyzer results:
  - Output states:
	Port: A_0 | {}
	Port: A_1 | {}
	Port: A_2 | {}
	Port: A_3 | {}
	Port: acc_V_0_out | {8 9 }
	Port: select_ln340_2_out | {8 }
	Port: select_ln340_1_out | {8 }
	Port: select_ln340_out | {8 }
	Port: x_localbuff_V_3 | {}
	Port: x_localbuff_V_2 | {}
	Port: x_localbuff_V_1 | {}
	Port: x_localbuff_V_0 | {}
 - Input state : 
	Port: matVecMul_Pipeline_matmul_inner_loop : zext_ln32 | {1 }
	Port: matVecMul_Pipeline_matmul_inner_loop : shl_ln | {1 }
	Port: matVecMul_Pipeline_matmul_inner_loop : A_0 | {2 3 }
	Port: matVecMul_Pipeline_matmul_inner_loop : A_1 | {2 3 }
	Port: matVecMul_Pipeline_matmul_inner_loop : A_2 | {2 3 }
	Port: matVecMul_Pipeline_matmul_inner_loop : A_3 | {2 3 }
	Port: matVecMul_Pipeline_matmul_inner_loop : x_localbuff_V_3 | {2 3 }
	Port: matVecMul_Pipeline_matmul_inner_loop : x_localbuff_V_2 | {2 3 }
	Port: matVecMul_Pipeline_matmul_inner_loop : x_localbuff_V_1 | {2 3 }
	Port: matVecMul_Pipeline_matmul_inner_loop : x_localbuff_V_0 | {2 3 }
  - Chain level:
	State 1
		store_ln0 : 1
		store_ln0 : 1
	State 2
		icmp_ln52 : 1
		br_ln52 : 2
		trunc_ln1 : 1
		add_ln1169 : 2
		lshr_ln1169_1 : 3
		trunc_ln1169_1 : 1
		tmp_7 : 4
		zext_ln1169 : 5
		A_0_addr : 6
		A_1_addr : 6
		A_2_addr : 6
		A_3_addr : 6
		A_0_load : 7
		zext_ln1171 : 2
		x_localbuff_V_0_addr : 3
		x_localbuff_V_0_load : 4
		or_ln52 : 1
		icmp_ln52_1 : 1
		br_ln52 : 2
		A_1_load : 7
		x_localbuff_V_1_addr : 3
		x_localbuff_V_1_load : 4
		or_ln52_1 : 1
		icmp_ln52_2 : 1
		br_ln52 : 2
		A_2_load : 7
		x_localbuff_V_2_addr : 3
		x_localbuff_V_2_load : 4
		or_ln52_2 : 1
		icmp_ln52_3 : 1
		br_ln52 : 2
		A_3_load : 7
		x_localbuff_V_3_addr : 3
		x_localbuff_V_3_load : 4
		add_ln52 : 1
		store_ln52 : 2
	State 3
		sext_ln1169 : 1
		sext_ln1171 : 1
		mul_ln1171 : 2
		sext_ln1169_1 : 1
		sext_ln1171_1 : 1
		mul_ln1171_1 : 2
		sext_ln1169_2 : 1
		sext_ln1171_2 : 1
		mul_ln1171_2 : 2
		sext_ln1169_3 : 1
		sext_ln1171_3 : 1
		mul_ln1171_3 : 2
	State 4
	State 5
	State 6
	State 7
		sext_ln712 : 1
		add_ln1245 : 2
		tmp : 3
		add_ln712 : 1
		tmp_1 : 2
		xor_ln794 : 4
		and_ln794 : 4
		xor_ln340 : 4
		select_ln384 : 4
		select_ln340 : 5
		sext_ln712_2 : 6
		add_ln1245_1 : 7
		tmp_2 : 8
		add_ln712_1 : 6
		tmp_3 : 7
		xor_ln794_1 : 9
		and_ln794_1 : 9
		xor_ln340_1 : 9
		select_ln384_1 : 9
		select_ln340_1 : 10
		sext_ln712_4 : 11
		add_ln1245_2 : 12
		tmp_4 : 13
		add_ln712_2 : 11
		tmp_5 : 12
		xor_ln794_2 : 14
		and_ln794_2 : 14
		xor_ln340_2 : 14
		select_ln384_2 : 14
		select_ln340_2 : 15
		sext_ln712_6 : 16
		add_ln1245_3 : 17
		tmp_6 : 18
		add_ln712_3 : 16
		tmp_8 : 17
		xor_ln794_3 : 19
		and_ln794_3 : 19
		xor_ln340_3 : 19
		select_ln384_3 : 19
		select_ln340_3 : 20
		store_ln340 : 21
	State 8
		write_ln0 : 1
		write_ln0 : 1
		UnifiedRetVal : 1
		ret_ln0 : 2
	State 9
		write_ln0 : 1


============================================================
+ Verbose Summary: Datapath Resource usage 
============================================================

* Functional unit list:
|----------|----------------------------|---------|---------|---------|
| Operation|       Functional Unit      |   DSP   |    FF   |   LUT   |
|----------|----------------------------|---------|---------|---------|
|          |      add_ln1169_fu_316     |    0    |    0    |    12   |
|          |       add_ln52_fu_398      |    0    |    0    |    71   |
|          |      add_ln1245_fu_451     |    0    |    0    |    45   |
|          |      add_ln712_fu_465      |    0    |    0    |    45   |
|    add   |     add_ln1245_1_fu_523    |    0    |    0    |    45   |
|          |     add_ln712_1_fu_537     |    0    |    0    |    45   |
|          |     add_ln1245_2_fu_595    |    0    |    0    |    45   |
|          |     add_ln712_2_fu_609     |    0    |    0    |    45   |
|          |     add_ln1245_3_fu_667    |    0    |    0    |    45   |
|          |     add_ln712_3_fu_681     |    0    |    0    |    45   |
|----------|----------------------------|---------|---------|---------|
|          |     select_ln384_fu_497    |    0    |    0    |    38   |
|          |     select_ln340_fu_505    |    0    |    0    |    38   |
|          |    select_ln384_1_fu_569   |    0    |    0    |    38   |
|  select  |    select_ln340_1_fu_577   |    0    |    0    |    38   |
|          |    select_ln384_2_fu_641   |    0    |    0    |    38   |
|          |    select_ln340_2_fu_649   |    0    |    0    |    38   |
|          |    select_ln384_3_fu_713   |    0    |    0    |    38   |
|          |    select_ln340_3_fu_721   |    0    |    0    |    38   |
|----------|----------------------------|---------|---------|---------|
|          |      icmp_ln52_fu_301      |    0    |    0    |    29   |
|   icmp   |     icmp_ln52_1_fu_371     |    0    |    0    |    29   |
|          |     icmp_ln52_2_fu_382     |    0    |    0    |    29   |
|          |     icmp_ln52_3_fu_393     |    0    |    0    |    29   |
|----------|----------------------------|---------|---------|---------|
|          |      xor_ln794_fu_479      |    0    |    0    |    2    |
|          |      xor_ln340_fu_491      |    0    |    0    |    2    |
|          |     xor_ln794_1_fu_551     |    0    |    0    |    2    |
|    xor   |     xor_ln340_1_fu_563     |    0    |    0    |    2    |
|          |     xor_ln794_2_fu_623     |    0    |    0    |    2    |
|          |     xor_ln340_2_fu_635     |    0    |    0    |    2    |
|          |     xor_ln794_3_fu_695     |    0    |    0    |    2    |
|          |     xor_ln340_3_fu_707     |    0    |    0    |    2    |
|----------|----------------------------|---------|---------|---------|
|          |      and_ln794_fu_485      |    0    |    0    |    2    |
|    and   |     and_ln794_1_fu_557     |    0    |    0    |    2    |
|          |     and_ln794_2_fu_629     |    0    |    0    |    2    |
|          |     and_ln794_3_fu_701     |    0    |    0    |    2    |
|----------|----------------------------|---------|---------|---------|
|          |         grp_fu_734         |    1    |    0    |    0    |
|    mul   |         grp_fu_740         |    1    |    0    |    0    |
|          |         grp_fu_746         |    1    |    0    |    0    |
|          |         grp_fu_752         |    1    |    0    |    0    |
|----------|----------------------------|---------|---------|---------|
|   read   |   shl_ln_read_read_fu_118  |    0    |    0    |    0    |
|          | zext_ln32_read_read_fu_124 |    0    |    0    |    0    |
|----------|----------------------------|---------|---------|---------|
|          |      grp_write_fu_130      |    0    |    0    |    0    |
|   write  |  write_ln340_write_fu_137  |    0    |    0    |    0    |
|          |      grp_write_fu_144      |    0    |    0    |    0    |
|          |      grp_write_fu_151      |    0    |    0    |    0    |
|----------|----------------------------|---------|---------|---------|
|          |    zext_ln32_cast_fu_284   |    0    |    0    |    0    |
|   zext   |     zext_ln1169_fu_349     |    0    |    0    |    0    |
|          |     zext_ln1171_fu_357     |    0    |    0    |    0    |
|----------|----------------------------|---------|---------|---------|
|          |      trunc_ln1_fu_306      |    0    |    0    |    0    |
|partselect|    lshr_ln1169_1_fu_321    |    0    |    0    |    0    |
|          |    trunc_ln1169_1_fu_331   |    0    |    0    |    0    |
|----------|----------------------------|---------|---------|---------|
|bitconcatenate|        tmp_7_fu_341        |    0    |    0    |    0    |
|----------|----------------------------|---------|---------|---------|
|          |       or_ln52_fu_365       |    0    |    0    |    0    |
|    or    |      or_ln52_1_fu_376      |    0    |    0    |    0    |
|          |      or_ln52_2_fu_387      |    0    |    0    |    0    |
|----------|----------------------------|---------|---------|---------|
|          |     sext_ln1169_fu_409     |    0    |    0    |    0    |
|          |     sext_ln1171_fu_413     |    0    |    0    |    0    |
|          |    sext_ln1169_1_fu_417    |    0    |    0    |    0    |
|          |    sext_ln1171_1_fu_421    |    0    |    0    |    0    |
|          |    sext_ln1169_2_fu_425    |    0    |    0    |    0    |
|          |    sext_ln1171_2_fu_429    |    0    |    0    |    0    |
|          |    sext_ln1169_3_fu_433    |    0    |    0    |    0    |
|          |    sext_ln1171_3_fu_437    |    0    |    0    |    0    |
|          |      sext_ln712_fu_441     |    0    |    0    |    0    |
|   sext   |     sext_ln712_1_fu_445    |    0    |    0    |    0    |
|          |     sext_ln1245_fu_448     |    0    |    0    |    0    |
|          |     sext_ln712_2_fu_513    |    0    |    0    |    0    |
|          |     sext_ln712_3_fu_517    |    0    |    0    |    0    |
|          |    sext_ln1245_1_fu_520    |    0    |    0    |    0    |
|          |     sext_ln712_4_fu_585    |    0    |    0    |    0    |
|          |     sext_ln712_5_fu_589    |    0    |    0    |    0    |
|          |    sext_ln1245_2_fu_592    |    0    |    0    |    0    |
|          |     sext_ln712_6_fu_657    |    0    |    0    |    0    |
|          |     sext_ln712_7_fu_661    |    0    |    0    |    0    |
|          |    sext_ln1245_3_fu_664    |    0    |    0    |    0    |
|----------|----------------------------|---------|---------|---------|
|          |         tmp_fu_457         |    0    |    0    |    0    |
|          |        tmp_1_fu_471        |    0    |    0    |    0    |
|          |        tmp_2_fu_529        |    0    |    0    |    0    |
| bitselect|        tmp_3_fu_543        |    0    |    0    |    0    |
|          |        tmp_4_fu_601        |    0    |    0    |    0    |
|          |        tmp_5_fu_615        |    0    |    0    |    0    |
|          |        tmp_6_fu_673        |    0    |    0    |    0    |
|          |        tmp_8_fu_687        |    0    |    0    |    0    |
|----------|----------------------------|---------|---------|---------|
|   Total  |                            |    4    |    0    |   887   |
|----------|----------------------------|---------|---------|---------|

Memories:
N/A

* Register list:
+----------------------------+--------+
|                            |   FF   |
+----------------------------+--------+
|      A_0_addr_reg_789      |   10   |
|      A_1_addr_reg_794      |   10   |
|      A_2_addr_reg_799      |   10   |
|      A_3_addr_reg_804      |   10   |
|    UnifiedRetVal_reg_262   |    2   |
|    acc_V_0_load_reg_905    |   38   |
|       acc_V_0_reg_758      |   38   |
|     icmp_ln52_1_reg_814    |    1   |
|     icmp_ln52_2_reg_823    |    1   |
|     icmp_ln52_3_reg_832    |    1   |
|      icmp_ln52_reg_785     |    1   |
|         l_0_reg_765        |   64   |
|    mul_ln1171_1_reg_887    |   32   |
|    mul_ln1171_2_reg_893    |   32   |
|    mul_ln1171_3_reg_899    |   32   |
|     mul_ln1171_reg_881     |   32   |
|   select_ln340_1_reg_915   |   38   |
|   select_ln340_2_reg_920   |   38   |
|    select_ln340_reg_910    |   38   |
|    sext_ln1169_1_reg_851   |   32   |
|    sext_ln1169_2_reg_861   |   32   |
|    sext_ln1169_3_reg_871   |   32   |
|     sext_ln1169_reg_841    |   32   |
|    sext_ln1171_1_reg_856   |   32   |
|    sext_ln1171_2_reg_866   |   32   |
|    sext_ln1171_3_reg_876   |   32   |
|     sext_ln1171_reg_846    |   32   |
|     shl_ln_read_reg_772    |   11   |
|x_localbuff_V_0_addr_reg_809|    4   |
|x_localbuff_V_1_addr_reg_818|    4   |
|x_localbuff_V_2_addr_reg_827|    4   |
|x_localbuff_V_3_addr_reg_836|    4   |
|   zext_ln32_cast_reg_777   |   64   |
+----------------------------+--------+
|            Total           |   775  |
+----------------------------+--------+

* Multiplexer (MUX) list: 
|-------------------|------|------|------|--------||---------||---------|
|        Comp       |  Pin | Size |  BW  | S x BW ||  Delay  ||   LUT   |
|-------------------|------|------|------|--------||---------||---------|
|  grp_write_fu_130 |  p2  |   2  |  38  |   76   ||    9    |
| grp_access_fu_186 |  p0  |   2  |  10  |   20   ||    9    |
| grp_access_fu_199 |  p0  |   2  |   4  |    8   ||    9    |
| grp_access_fu_205 |  p0  |   2  |  10  |   20   ||    9    |
| grp_access_fu_218 |  p0  |   2  |   4  |    8   ||    9    |
| grp_access_fu_224 |  p0  |   2  |  10  |   20   ||    9    |
| grp_access_fu_237 |  p0  |   2  |   4  |    8   ||    9    |
| grp_access_fu_243 |  p0  |   2  |  10  |   20   ||    9    |
| grp_access_fu_256 |  p0  |   2  |   4  |    8   ||    9    |
|     grp_fu_734    |  p0  |   2  |  16  |   32   ||    9    |
|     grp_fu_734    |  p1  |   2  |  16  |   32   ||    9    |
|     grp_fu_740    |  p0  |   2  |  16  |   32   ||    9    |
|     grp_fu_740    |  p1  |   2  |  16  |   32   ||    9    |
|     grp_fu_746    |  p0  |   2  |  16  |   32   ||    9    |
|     grp_fu_746    |  p1  |   2  |  16  |   32   ||    9    |
|     grp_fu_752    |  p0  |   2  |  16  |   32   ||    9    |
|     grp_fu_752    |  p1  |   2  |  16  |   32   ||    9    |
|-------------------|------|------|------|--------||---------||---------|
|       Total       |      |      |      |   444  ||  26.996 ||   153   |
|-------------------|------|------|------|--------||---------||---------|



* Summary:
+-----------+--------+--------+--------+--------+
|           |   DSP  |  Delay |   FF   |   LUT  |
+-----------+--------+--------+--------+--------+
|  Function |    4   |    -   |    0   |   887  |
|   Memory  |    -   |    -   |    -   |    -   |
|Multiplexer|    -   |   26   |    -   |   153  |
|  Register |    -   |    -   |   775  |    -   |
+-----------+--------+--------+--------+--------+
|   Total   |    4   |   26   |   775  |  1040  |
+-----------+--------+--------+--------+--------+
