

================================================================
== Vitis HLS Report for 'matVecMul'
================================================================
* Date:           Mon May  4 03:06:58 2026

* Version:        2021.1 (Build 3247384 on Thu Jun 10 19:36:07 MDT 2021)
* Project:        matVecMul_stream_prj
* Solution:       solution3 (Vivado IP Flow Target)
* Product family: zynq
* Target device:  xc7z020-clg400-1


================================================================
== Performance Estimates
================================================================
+ Timing: 
    * Summary: 
    +--------+----------+----------+------------+
    |  Clock |  Target  | Estimated| Uncertainty|
    +--------+----------+----------+------------+
    |ap_clk  |  10.00 ns|  5.831 ns|     2.70 ns|
    +--------+----------+----------+------------+

+ Latency: 
    * Summary: 
    +---------+---------+----------+----------+-------+-------+---------+
    |  Latency (cycles) |  Latency (absolute) |    Interval   | Pipeline|
    |   min   |   max   |    min   |    max   |  min  |  max  |   Type  |
    +---------+---------+----------+----------+-------+-------+---------+
    |    20742|    20742|  0.207 ms|  0.207 ms|  20743|  20743|       no|
    +---------+---------+----------+----------+-------+-------+---------+

    + Detail: 
        * Instance: 
        +-------------------------------------------+--------------------------------+---------+---------+----------+----------+-----+-----+---------+
        |                                           |                                |  Latency (cycles) |  Latency (absolute) |  Interval | Pipeline|
        |                  Instance                 |             Module             |   min   |   max   |    min   |    max   | min | max |   Type  |
        +-------------------------------------------+--------------------------------+---------+---------+----------+----------+-----+-----+---------+
        |grp_matVecMul_Pipeline_sample_loop_fu_261  |matVecMul_Pipeline_sample_loop  |       66|       66|  0.660 us|  0.660 us|   66|   66|       no|
        +-------------------------------------------+--------------------------------+---------+---------+----------+----------+-----+-----+---------+

        * Loop: 
        +----------------------+---------+---------+----------+-----------+-----------+------+----------+
        |                      |  Latency (cycles) | Iteration|  Initiation Interval  | Trip |          |
        |       Loop Name      |   min   |   max   |  Latency |  achieved |   target  | Count| Pipelined|
        +----------------------+---------+---------+----------+-----------+-----------+------+----------+
        |- matmul_outer_loop   |    20672|    20672|       323|          -|          -|    64|        no|
        | + matmul_inner_loop  |      320|      320|         5|          -|          -|    64|        no|
        +----------------------+---------+---------+----------+-----------+-----------+------+----------+

============================================================
+ Verbose Summary: Synthesis Manager
============================================================
InlineROM: 1
ExposeGlobal: 0
============================================================
+ Verbose Summary: CDFG Model
============================================================
IsTopModel: 1
ResetActiveHigh: 1
IsCombinational: 0
IsDatapathOnly: 0
HasWiredReturn: 1
HasMFsm: 0
HasVarLatency: 1
IsPipeline: 0
IsRtlPipelined: 0
IsInstanceOverlapped: 0
IsDontTouch: 0
HasImplIP: 0
IsGatedGlobalClock: 0


============================================================
+ Verbose Summary: Schedule
============================================================
* Number of FSM states : 11
* Pipeline : 0
* Dataflow Pipeline: 0

* FSM state transitions: 
1 --> 2 
2 --> 3 
3 --> 4 
4 --> 5 
5 --> 6 
6 --> 7 11 
7 --> 8 
8 --> 9 
9 --> 10 
10 --> 6 
11 --> 5 

* FSM state operations: 

State 1 <SV = 0> <Delay = 1.58>
ST_1 : Operation 12 [1/1] (0.00ns)   --->   "%i_1 = alloca i32 1"   --->   Operation 12 'alloca' 'i_1' <Predicate = true> <Delay = 0.00>
ST_1 : Operation 13 [1/1] (1.00ns)   --->   "%col_size_read = read i32 @_ssdm_op_Read.s_axilite.i32, i32 %col_size" [../matVecMul.cpp:4]   --->   Operation 13 'read' 'col_size_read' <Predicate = true> <Delay = 1.00> <CoreInst = "s_axilite">   --->   Core 114 's_axilite' <Latency = 0> <II = 1> <Delay = 1.00> <Adapter> <Opcode : 'read' 'write'>
ST_1 : Operation 14 [1/1] (1.00ns)   --->   "%row_size_read = read i32 @_ssdm_op_Read.s_axilite.i32, i32 %row_size" [../matVecMul.cpp:4]   --->   Operation 14 'read' 'row_size_read' <Predicate = true> <Delay = 1.00> <CoreInst = "s_axilite">   --->   Core 114 's_axilite' <Latency = 0> <II = 1> <Delay = 1.00> <Adapter> <Opcode : 'read' 'write'>
ST_1 : Operation 15 [1/1] (1.58ns)   --->   "%store_ln34 = store i32 0, i32 %i_1" [../matVecMul.cpp:34]   --->   Operation 15 'store' 'store_ln34' <Predicate = true> <Delay = 1.58>

State 2 <SV = 1> <Delay = 5.72>
ST_2 : Operation 16 [1/1] (0.00ns)   --->   "%empty = wait i32 @_ssdm_op_Wait"   --->   Operation 16 'wait' 'empty' <Predicate = true> <Delay = 0.00>
ST_2 : Operation 17 [2/2] (5.72ns)   --->   "%call_ln4 = call void @matVecMul_Pipeline_sample_loop, i32 %col_size_read, i32 %in_stream_V_data_V, i4 %in_stream_V_keep_V, i4 %in_stream_V_strb_V, i1 %in_stream_V_user_V, i1 %in_stream_V_last_V, i1 %in_stream_V_id_V, i1 %in_stream_V_dest_V, i16 %x_localbuff_V" [../matVecMul.cpp:4]   --->   Operation 17 'call' 'call_ln4' <Predicate = true> <Delay = 5.72> <CoreType = "Generic">   --->   Core 0 '' <Latency = 0> <II = 1> <Delay = 1.00> <Generic> <Opcode : >

State 3 <SV = 2> <Delay = 0.00>
ST_3 : Operation 18 [1/2] (0.00ns)   --->   "%call_ln4 = call void @matVecMul_Pipeline_sample_loop, i32 %col_size_read, i32 %in_stream_V_data_V, i4 %in_stream_V_keep_V, i4 %in_stream_V_strb_V, i1 %in_stream_V_user_V, i1 %in_stream_V_last_V, i1 %in_stream_V_id_V, i1 %in_stream_V_dest_V, i16 %x_localbuff_V" [../matVecMul.cpp:4]   --->   Operation 18 'call' 'call_ln4' <Predicate = true> <Delay = 0.00> <CoreType = "Generic">   --->   Core 0 '' <Latency = 0> <II = 1> <Delay = 1.00> <Generic> <Opcode : >

State 4 <SV = 3> <Delay = 2.55>
ST_4 : Operation 19 [1/1] (0.00ns)   --->   "%spectopmodule_ln0 = spectopmodule void @_ssdm_op_SpecTopModule, void @empty_1"   --->   Operation 19 'spectopmodule' 'spectopmodule_ln0' <Predicate = true> <Delay = 0.00>
ST_4 : Operation 20 [1/1] (0.00ns)   --->   "%specinterface_ln0 = specinterface void @_ssdm_op_SpecInterface, i16 %A, void @empty_10, i32 0, i32 0, void @empty_9, i32 0, i32 0, void @empty_8, void @empty_7, void @empty_9, i32 0, i32 0, i32 0, i32 0, void @empty_9, void @empty_9"   --->   Operation 20 'specinterface' 'specinterface_ln0' <Predicate = true> <Delay = 0.00>
ST_4 : Operation 21 [1/1] (0.00ns)   --->   "%specinterface_ln0 = specinterface void @_ssdm_op_SpecInterface, i16 %A, void @empty_6, i32 0, i32 0, void @empty_9, i32 1, i32 0, void @empty_9, void @empty_9, void @empty_9, i32 0, i32 0, i32 0, i32 0, void @empty_9, void @empty_9"   --->   Operation 21 'specinterface' 'specinterface_ln0' <Predicate = true> <Delay = 0.00>
ST_4 : Operation 22 [1/1] (0.00ns)   --->   "%specmemcore_ln0 = specmemcore void @_ssdm_op_SpecMemCore, i16 %A, i64 666, i64 17, i64 1"   --->   Operation 22 'specmemcore' 'specmemcore_ln0' <Predicate = true> <Delay = 0.00>
ST_4 : Operation 23 [1/1] (0.00ns)   --->   "%specbitsmap_ln0 = specbitsmap void @_ssdm_op_SpecBitsMap, i16 %A"   --->   Operation 23 'specbitsmap' 'specbitsmap_ln0' <Predicate = true> <Delay = 0.00>
ST_4 : Operation 24 [1/1] (0.00ns)   --->   "%specinterface_ln0 = specinterface void @_ssdm_op_SpecInterface, i32 %in_stream_V_data_V, i4 %in_stream_V_keep_V, i4 %in_stream_V_strb_V, i1 %in_stream_V_user_V, i1 %in_stream_V_last_V, i1 %in_stream_V_id_V, i1 %in_stream_V_dest_V, void @empty_5, i32 1, i32 1, void @empty_4, i32 0, i32 0, void @empty_9, void @empty_9, void @empty_9, i32 0, i32 0, i32 0, i32 0, void @empty_9, void @empty_9"   --->   Operation 24 'specinterface' 'specinterface_ln0' <Predicate = true> <Delay = 0.00>
ST_4 : Operation 25 [1/1] (0.00ns)   --->   "%specbitsmap_ln0 = specbitsmap void @_ssdm_op_SpecBitsMap, i32 %in_stream_V_data_V"   --->   Operation 25 'specbitsmap' 'specbitsmap_ln0' <Predicate = true> <Delay = 0.00>
ST_4 : Operation 26 [1/1] (0.00ns)   --->   "%specbitsmap_ln0 = specbitsmap void @_ssdm_op_SpecBitsMap, i4 %in_stream_V_keep_V"   --->   Operation 26 'specbitsmap' 'specbitsmap_ln0' <Predicate = true> <Delay = 0.00>
ST_4 : Operation 27 [1/1] (0.00ns)   --->   "%specbitsmap_ln0 = specbitsmap void @_ssdm_op_SpecBitsMap, i4 %in_stream_V_strb_V"   --->   Operation 27 'specbitsmap' 'specbitsmap_ln0' <Predicate = true> <Delay = 0.00>
ST_4 : Operation 28 [1/1] (0.00ns)   --->   "%specbitsmap_ln0 = specbitsmap void @_ssdm_op_SpecBitsMap, i1 %in_stream_V_user_V"   --->   Operation 28 'specbitsmap' 'specbitsmap_ln0' <Predicate = true> <Delay = 0.00>
ST_4 : Operation 29 [1/1] (0.00ns)   --->   "%specbitsmap_ln0 = specbitsmap void @_ssdm_op_SpecBitsMap, i1 %in_stream_V_last_V"   --->   Operation 29 'specbitsmap' 'specbitsmap_ln0' <Predicate = true> <Delay = 0.00>
ST_4 : Operation 30 [1/1] (0.00ns)   --->   "%specbitsmap_ln0 = specbitsmap void @_ssdm_op_SpecBitsMap, i1 %in_stream_V_id_V"   --->   Operation 30 'specbitsmap' 'specbitsmap_ln0' <Predicate = true> <Delay = 0.00>
ST_4 : Operation 31 [1/1] (0.00ns)   --->   "%specbitsmap_ln0 = specbitsmap void @_ssdm_op_SpecBitsMap, i1 %in_stream_V_dest_V"   --->   Operation 31 'specbitsmap' 'specbitsmap_ln0' <Predicate = true> <Delay = 0.00>
ST_4 : Operation 32 [1/1] (0.00ns)   --->   "%specinterface_ln0 = specinterface void @_ssdm_op_SpecInterface, i32 %out_stream_V_data_V, i4 %out_stream_V_keep_V, i4 %out_stream_V_strb_V, i1 %out_stream_V_user_V, i1 %out_stream_V_last_V, i1 %out_stream_V_id_V, i1 %out_stream_V_dest_V, void @empty_5, i32 1, i32 1, void @empty_4, i32 0, i32 0, void @empty_9, void @empty_9, void @empty_9, i32 0, i32 0, i32 0, i32 0, void @empty_9, void @empty_9"   --->   Operation 32 'specinterface' 'specinterface_ln0' <Predicate = true> <Delay = 0.00>
ST_4 : Operation 33 [1/1] (0.00ns)   --->   "%specbitsmap_ln0 = specbitsmap void @_ssdm_op_SpecBitsMap, i32 %out_stream_V_data_V"   --->   Operation 33 'specbitsmap' 'specbitsmap_ln0' <Predicate = true> <Delay = 0.00>
ST_4 : Operation 34 [1/1] (0.00ns)   --->   "%specbitsmap_ln0 = specbitsmap void @_ssdm_op_SpecBitsMap, i4 %out_stream_V_keep_V"   --->   Operation 34 'specbitsmap' 'specbitsmap_ln0' <Predicate = true> <Delay = 0.00>
ST_4 : Operation 35 [1/1] (0.00ns)   --->   "%specbitsmap_ln0 = specbitsmap void @_ssdm_op_SpecBitsMap, i4 %out_stream_V_strb_V"   --->   Operation 35 'specbitsmap' 'specbitsmap_ln0' <Predicate = true> <Delay = 0.00>
ST_4 : Operation 36 [1/1] (0.00ns)   --->   "%specbitsmap_ln0 = specbitsmap void @_ssdm_op_SpecBitsMap, i1 %out_stream_V_user_V"   --->   Operation 36 'specbitsmap' 'specbitsmap_ln0' <Predicate = true> <Delay = 0.00>
ST_4 : Operation 37 [1/1] (0.00ns)   --->   "%specbitsmap_ln0 = specbitsmap void @_ssdm_op_SpecBitsMap, i1 %out_stream_V_last_V"   --->   Operation 37 'specbitsmap' 'specbitsmap_ln0' <Predicate = true> <Delay = 0.00>
ST_4 : Operation 38 [1/1] (0.00ns)   --->   "%specbitsmap_ln0 = specbitsmap void @_ssdm_op_SpecBitsMap, i1 %out_stream_V_id_V"   --->   Operation 38 'specbitsmap' 'specbitsmap_ln0' <Predicate = true> <Delay = 0.00>
ST_4 : Operation 39 [1/1] (0.00ns)   --->   "%specbitsmap_ln0 = specbitsmap void @_ssdm_op_SpecBitsMap, i1 %out_stream_V_dest_V"   --->   Operation 39 'specbitsmap' 'specbitsmap_ln0' <Predicate = true> <Delay = 0.00>
ST_4 : Operation 40 [1/1] (0.00ns)   --->   "%specbitsmap_ln0 = specbitsmap void @_ssdm_op_SpecBitsMap, i32 %row_size"   --->   Operation 40 'specbitsmap' 'specbitsmap_ln0' <Predicate = true> <Delay = 0.00>
ST_4 : Operation 41 [1/1] (0.00ns)   --->   "%specinterface_ln0 = specinterface void @_ssdm_op_SpecInterface, i32 %row_size, void @empty_10, i32 0, i32 0, void @empty_9, i32 0, i32 0, void @empty_8, void @empty_12, void @empty_9, i32 0, i32 0, i32 0, i32 0, void @empty_9, void @empty_9"   --->   Operation 41 'specinterface' 'specinterface_ln0' <Predicate = true> <Delay = 0.00>
ST_4 : Operation 42 [1/1] (0.00ns)   --->   "%specinterface_ln0 = specinterface void @_ssdm_op_SpecInterface, i32 %row_size, void @empty_3, i32 0, i32 0, void @empty_9, i32 0, i32 0, void @empty_9, void @empty_9, void @empty_9, i32 0, i32 0, i32 0, i32 0, void @empty_9, void @empty_9"   --->   Operation 42 'specinterface' 'specinterface_ln0' <Predicate = true> <Delay = 0.00>
ST_4 : Operation 43 [1/1] (0.00ns)   --->   "%specbitsmap_ln0 = specbitsmap void @_ssdm_op_SpecBitsMap, i32 %col_size"   --->   Operation 43 'specbitsmap' 'specbitsmap_ln0' <Predicate = true> <Delay = 0.00>
ST_4 : Operation 44 [1/1] (0.00ns)   --->   "%specinterface_ln0 = specinterface void @_ssdm_op_SpecInterface, i32 %col_size, void @empty_10, i32 0, i32 0, void @empty_9, i32 0, i32 0, void @empty_8, void @empty_2, void @empty_9, i32 0, i32 0, i32 0, i32 0, void @empty_9, void @empty_9"   --->   Operation 44 'specinterface' 'specinterface_ln0' <Predicate = true> <Delay = 0.00>
ST_4 : Operation 45 [1/1] (0.00ns)   --->   "%specinterface_ln0 = specinterface void @_ssdm_op_SpecInterface, i32 %col_size, void @empty_3, i32 0, i32 0, void @empty_9, i32 0, i32 0, void @empty_9, void @empty_9, void @empty_9, i32 0, i32 0, i32 0, i32 0, void @empty_9, void @empty_9"   --->   Operation 45 'specinterface' 'specinterface_ln0' <Predicate = true> <Delay = 0.00>
ST_4 : Operation 46 [1/1] (0.00ns)   --->   "%specinterface_ln0 = specinterface void @_ssdm_op_SpecInterface, i32 0, void @empty_10, i32 0, i32 0, void @empty_9, i32 0, i32 0, void @empty_8, void @empty_9, void @empty_9, i32 0, i32 0, i32 0, i32 0, void @empty_9, void @empty_9"   --->   Operation 46 'specinterface' 'specinterface_ln0' <Predicate = true> <Delay = 0.00>
ST_4 : Operation 47 [1/1] (0.00ns)   --->   "%empty_20 = wait i32 @_ssdm_op_Wait"   --->   Operation 47 'wait' 'empty_20' <Predicate = true> <Delay = 0.00>
ST_4 : Operation 48 [1/1] (2.55ns)   --->   "%sub = add i32 %row_size_read, i32 4294967295" [../matVecMul.cpp:4]   --->   Operation 48 'add' 'sub' <Predicate = true> <Delay = 2.55> <CoreInst = "Adder">   --->   Core 1 'Adder' <Latency = 0> <II = 1> <Delay = 2.79> <FuncUnit> <Opcode : 'add' 'sub'> <InPorts = 2> <OutPorts = 1>
ST_4 : Operation 49 [1/1] (0.00ns)   --->   "%br_ln34 = br void" [../matVecMul.cpp:34]   --->   Operation 49 'br' 'br_ln34' <Predicate = true> <Delay = 0.00>

State 5 <SV = 4> <Delay = 2.55>
ST_5 : Operation 50 [1/1] (0.00ns)   --->   "%i = load i32 %i_1"   --->   Operation 50 'load' 'i' <Predicate = true> <Delay = 0.00>
ST_5 : Operation 51 [1/1] (0.00ns)   --->   "%specpipeline_ln0 = specpipeline void @_ssdm_op_SpecPipeline, i32 4294967295, i32 0, i32 1, i32 0, void @p_str"   --->   Operation 51 'specpipeline' 'specpipeline_ln0' <Predicate = true> <Delay = 0.00>
ST_5 : Operation 52 [1/1] (2.47ns)   --->   "%icmp_ln34 = icmp_eq  i32 %i, i32 %row_size_read" [../matVecMul.cpp:34]   --->   Operation 52 'icmp' 'icmp_ln34' <Predicate = true> <Delay = 2.47> <CoreInst = "Cmp">   --->   Core 9 'Cmp' <Latency = 0> <II = 1> <Delay = 2.47> <FuncUnit> <Opcode : 'icmp'> <InPorts = 2> <OutPorts = 1>
ST_5 : Operation 53 [1/1] (2.55ns)   --->   "%add_ln34 = add i32 %i, i32 1" [../matVecMul.cpp:34]   --->   Operation 53 'add' 'add_ln34' <Predicate = true> <Delay = 2.55> <CoreInst = "Adder">   --->   Core 1 'Adder' <Latency = 0> <II = 1> <Delay = 2.79> <FuncUnit> <Opcode : 'add' 'sub'> <InPorts = 2> <OutPorts = 1>
ST_5 : Operation 54 [1/1] (0.00ns)   --->   "%br_ln34 = br i1 %icmp_ln34, void %.split, void %._crit_edge213.loopexit" [../matVecMul.cpp:34]   --->   Operation 54 'br' 'br_ln34' <Predicate = true> <Delay = 0.00>
ST_5 : Operation 55 [1/1] (0.00ns)   --->   "%speclooptripcount_ln34 = speclooptripcount void @_ssdm_op_SpecLoopTripCount, i64 64, i64 64, i64 64" [../matVecMul.cpp:34]   --->   Operation 55 'speclooptripcount' 'speclooptripcount_ln34' <Predicate = (!icmp_ln34)> <Delay = 0.00>
ST_5 : Operation 56 [1/1] (0.00ns)   --->   "%specloopname_ln34 = specloopname void @_ssdm_op_SpecLoopName, void @empty" [../matVecMul.cpp:34]   --->   Operation 56 'specloopname' 'specloopname_ln34' <Predicate = (!icmp_ln34)> <Delay = 0.00>
ST_5 : Operation 57 [1/1] (0.00ns)   --->   "%trunc_ln1169 = trunc i32 %i"   --->   Operation 57 'trunc' 'trunc_ln1169' <Predicate = (!icmp_ln34)> <Delay = 0.00>
ST_5 : Operation 58 [1/1] (0.00ns)   --->   "%shl_ln = bitconcatenate i13 @_ssdm_op_BitConcatenate.i13.i6.i7, i6 %trunc_ln1169, i7 0"   --->   Operation 58 'bitconcatenate' 'shl_ln' <Predicate = (!icmp_ln34)> <Delay = 0.00>
ST_5 : Operation 59 [1/1] (1.58ns)   --->   "%br_ln39 = br void %_ZN13ap_fixed_baseILi39ELi23ELb1EL9ap_q_mode5EL9ap_o_mode3ELi0EEC2ILi38ELi22ELb1ELS0_0ELS1_0ELi0EEERKS_IXT_EXT0_EXT1_EXT2_EXT3_EXT4_EE.exit.i.i" [../matVecMul.cpp:39]   --->   Operation 59 'br' 'br_ln39' <Predicate = (!icmp_ln34)> <Delay = 1.58>
ST_5 : Operation 60 [1/1] (0.00ns)   --->   "%ret_ln59 = ret" [../matVecMul.cpp:59]   --->   Operation 60 'ret' 'ret_ln59' <Predicate = (icmp_ln34)> <Delay = 0.00>

State 6 <SV = 5> <Delay = 5.83>
ST_6 : Operation 61 [1/1] (0.00ns)   --->   "%j = phi i7 0, void %.split, i7 %add_ln39, void %_ZN13ap_fixed_baseILi39ELi23ELb1EL9ap_q_mode5EL9ap_o_mode3ELi0EEC2ILi38ELi22ELb1ELS0_0ELS1_0ELi0EEERKS_IXT_EXT0_EXT1_EXT2_EXT3_EXT4_EE.exit.i.i.split" [../matVecMul.cpp:39]   --->   Operation 61 'phi' 'j' <Predicate = true> <Delay = 0.00>
ST_6 : Operation 62 [1/1] (0.00ns)   --->   "%acc_V_3 = phi i38 0, void %.split, i38 %acc_V, void %_ZN13ap_fixed_baseILi39ELi23ELb1EL9ap_q_mode5EL9ap_o_mode3ELi0EEC2ILi38ELi22ELb1ELS0_0ELS1_0ELi0EEERKS_IXT_EXT0_EXT1_EXT2_EXT3_EXT4_EE.exit.i.i.split"   --->   Operation 62 'phi' 'acc_V_3' <Predicate = true> <Delay = 0.00>
ST_6 : Operation 63 [1/1] (0.00ns)   --->   "%zext_ln39 = zext i7 %j" [../matVecMul.cpp:39]   --->   Operation 63 'zext' 'zext_ln39' <Predicate = true> <Delay = 0.00>
ST_6 : Operation 64 [1/1] (0.00ns)   --->   "%zext_ln39_1 = zext i7 %j" [../matVecMul.cpp:39]   --->   Operation 64 'zext' 'zext_ln39_1' <Predicate = true> <Delay = 0.00>
ST_6 : Operation 65 [1/1] (2.47ns)   --->   "%icmp_ln39 = icmp_eq  i32 %zext_ln39, i32 %col_size_read" [../matVecMul.cpp:39]   --->   Operation 65 'icmp' 'icmp_ln39' <Predicate = true> <Delay = 2.47> <CoreInst = "Cmp">   --->   Core 9 'Cmp' <Latency = 0> <II = 1> <Delay = 2.47> <FuncUnit> <Opcode : 'icmp'> <InPorts = 2> <OutPorts = 1>
ST_6 : Operation 66 [1/1] (1.87ns)   --->   "%add_ln39 = add i7 %j, i7 1" [../matVecMul.cpp:39]   --->   Operation 66 'add' 'add_ln39' <Predicate = true> <Delay = 1.87> <CoreInst = "Adder">   --->   Core 1 'Adder' <Latency = 0> <II = 1> <Delay = 2.79> <FuncUnit> <Opcode : 'add' 'sub'> <InPorts = 2> <OutPorts = 1>
ST_6 : Operation 67 [1/1] (0.00ns)   --->   "%br_ln39 = br i1 %icmp_ln39, void %_ZN13ap_fixed_baseILi39ELi23ELb1EL9ap_q_mode5EL9ap_o_mode3ELi0EEC2ILi38ELi22ELb1ELS0_0ELS1_0ELi0EEERKS_IXT_EXT0_EXT1_EXT2_EXT3_EXT4_EE.exit.i.i.split, void %._crit_edge.loopexit_ifconv" [../matVecMul.cpp:39]   --->   Operation 67 'br' 'br_ln39' <Predicate = true> <Delay = 0.00>
ST_6 : Operation 68 [1/1] (0.00ns)   --->   "%shl_ln1169_1 = bitconcatenate i8 @_ssdm_op_BitConcatenate.i8.i7.i1, i7 %j, i1 0"   --->   Operation 68 'bitconcatenate' 'shl_ln1169_1' <Predicate = (!icmp_ln39)> <Delay = 0.00>
ST_6 : Operation 69 [1/1] (0.00ns)   --->   "%zext_ln1169 = zext i8 %shl_ln1169_1"   --->   Operation 69 'zext' 'zext_ln1169' <Predicate = (!icmp_ln39)> <Delay = 0.00>
ST_6 : Operation 70 [1/1] (1.67ns)   --->   "%add_ln1169 = add i13 %zext_ln1169, i13 %shl_ln"   --->   Operation 70 'add' 'add_ln1169' <Predicate = (!icmp_ln39)> <Delay = 1.67> <CoreInst = "Adder">   --->   Core 1 'Adder' <Latency = 0> <II = 1> <Delay = 2.79> <FuncUnit> <Opcode : 'add' 'sub'> <InPorts = 2> <OutPorts = 1>
ST_6 : Operation 71 [1/1] (0.00ns)   --->   "%lshr_ln = partselect i6 @_ssdm_op_PartSelect.i6.i13.i32.i32, i13 %add_ln1169, i32 7, i32 12"   --->   Operation 71 'partselect' 'lshr_ln' <Predicate = (!icmp_ln39)> <Delay = 0.00>
ST_6 : Operation 72 [1/1] (0.00ns)   --->   "%trunc_ln1169_1 = trunc i7 %j"   --->   Operation 72 'trunc' 'trunc_ln1169_1' <Predicate = (!icmp_ln39)> <Delay = 0.00>
ST_6 : Operation 73 [1/1] (0.00ns)   --->   "%tmp_9 = bitconcatenate i12 @_ssdm_op_BitConcatenate.i12.i6.i6, i6 %lshr_ln, i6 %trunc_ln1169_1"   --->   Operation 73 'bitconcatenate' 'tmp_9' <Predicate = (!icmp_ln39)> <Delay = 0.00>
ST_6 : Operation 74 [1/1] (0.00ns)   --->   "%zext_ln1169_1 = zext i12 %tmp_9"   --->   Operation 74 'zext' 'zext_ln1169_1' <Predicate = (!icmp_ln39)> <Delay = 0.00>
ST_6 : Operation 75 [1/1] (0.00ns)   --->   "%A_addr = getelementptr i16 %A, i64 0, i64 %zext_ln1169_1"   --->   Operation 75 'getelementptr' 'A_addr' <Predicate = (!icmp_ln39)> <Delay = 0.00>
ST_6 : Operation 76 [2/2] (3.25ns)   --->   "%r_V = load i12 %A_addr"   --->   Operation 76 'load' 'r_V' <Predicate = (!icmp_ln39)> <Delay = 3.25> <CoreInst = "RAM_1P">   --->   Core 86 'RAM_1P' <Latency = 1> <II = 1> <Delay = 3.25> <Storage> <Opcode : 'load' 'store'> <Ports = 1> <Width = 16> <Depth = 4096> <RAM>
ST_6 : Operation 77 [1/1] (0.00ns)   --->   "%x_localbuff_V_addr = getelementptr i16 %x_localbuff_V, i64 0, i64 %zext_ln39_1"   --->   Operation 77 'getelementptr' 'x_localbuff_V_addr' <Predicate = (!icmp_ln39)> <Delay = 0.00>
ST_6 : Operation 78 [2/2] (3.25ns)   --->   "%x_localbuff_V_load = load i6 %x_localbuff_V_addr"   --->   Operation 78 'load' 'x_localbuff_V_load' <Predicate = (!icmp_ln39)> <Delay = 3.25> <CoreInst = "RAM">   --->   Core 82 'RAM' <Latency = 1> <II = 1> <Delay = 3.25> <Storage> <Opcode : 'load' 'store'> <Ports = 2> <Width = 16> <Depth = 64> <RAM>
ST_6 : Operation 79 [1/1] (0.00ns)   --->   "%p_Result_2 = bitselect i1 @_ssdm_op_BitSelect.i1.i38.i32, i38 %acc_V_3, i32 37"   --->   Operation 79 'bitselect' 'p_Result_2' <Predicate = (icmp_ln39)> <Delay = 0.00>
ST_6 : Operation 80 [1/1] (0.00ns)   --->   "%p_Val2_s = partselect i16 @_ssdm_op_PartSelect.i16.i38.i32.i32, i38 %acc_V_3, i32 8, i32 23"   --->   Operation 80 'partselect' 'p_Val2_s' <Predicate = (icmp_ln39)> <Delay = 0.00>
ST_6 : Operation 81 [1/1] (0.00ns) (grouped into LUT with out node carry_1)   --->   "%p_Result_3 = bitselect i1 @_ssdm_op_BitSelect.i1.i38.i32, i38 %acc_V_3, i32 23"   --->   Operation 81 'bitselect' 'p_Result_3' <Predicate = (icmp_ln39)> <Delay = 0.00>
ST_6 : Operation 82 [1/1] (0.00ns)   --->   "%tmp = bitselect i1 @_ssdm_op_BitSelect.i1.i38.i32, i38 %acc_V_3, i32 7"   --->   Operation 82 'bitselect' 'tmp' <Predicate = (icmp_ln39)> <Delay = 0.00>
ST_6 : Operation 83 [1/1] (0.00ns)   --->   "%zext_ln415 = zext i1 %tmp"   --->   Operation 83 'zext' 'zext_ln415' <Predicate = (icmp_ln39)> <Delay = 0.00>
ST_6 : Operation 84 [1/1] (2.07ns)   --->   "%p_Val2_1 = add i16 %zext_ln415, i16 %p_Val2_s"   --->   Operation 84 'add' 'p_Val2_1' <Predicate = (icmp_ln39)> <Delay = 2.07> <CoreInst = "Adder">   --->   Core 1 'Adder' <Latency = 0> <II = 1> <Delay = 2.79> <FuncUnit> <Opcode : 'add' 'sub'> <InPorts = 2> <OutPorts = 1>
ST_6 : Operation 85 [1/1] (0.00ns)   --->   "%p_Result_4 = bitselect i1 @_ssdm_op_BitSelect.i1.i16.i32, i16 %p_Val2_1, i32 15"   --->   Operation 85 'bitselect' 'p_Result_4' <Predicate = (icmp_ln39)> <Delay = 0.00>
ST_6 : Operation 86 [1/1] (0.00ns) (grouped into LUT with out node carry_1)   --->   "%xor_ln416 = xor i1 %p_Result_4, i1 1"   --->   Operation 86 'xor' 'xor_ln416' <Predicate = (icmp_ln39)> <Delay = 0.00> <CoreInst = "LogicGate">   --->   Core 74 'LogicGate' <Latency = 0> <II = 1> <Delay = 0.97> <FuncUnit> <Opcode : 'and' 'or' 'xor'> <InPorts = 2> <OutPorts = 1>
ST_6 : Operation 87 [1/1] (0.97ns) (out node of the LUT)   --->   "%carry_1 = and i1 %p_Result_3, i1 %xor_ln416"   --->   Operation 87 'and' 'carry_1' <Predicate = (icmp_ln39)> <Delay = 0.97> <CoreInst = "LogicGate">   --->   Core 74 'LogicGate' <Latency = 0> <II = 1> <Delay = 0.97> <FuncUnit> <Opcode : 'and' 'or' 'xor'> <InPorts = 2> <OutPorts = 1>
ST_6 : Operation 88 [1/1] (0.00ns)   --->   "%p_Result_7 = partselect i13 @_ssdm_op_PartSelect.i13.i38.i32.i32, i38 %acc_V_3, i32 25, i32 37"   --->   Operation 88 'partselect' 'p_Result_7' <Predicate = (icmp_ln39)> <Delay = 0.00>
ST_6 : Operation 89 [1/1] (2.09ns)   --->   "%Range2_all_ones = icmp_eq  i13 %p_Result_7, i13 8191"   --->   Operation 89 'icmp' 'Range2_all_ones' <Predicate = (icmp_ln39)> <Delay = 2.09> <CoreInst = "Cmp">   --->   Core 9 'Cmp' <Latency = 0> <II = 1> <Delay = 2.47> <FuncUnit> <Opcode : 'icmp'> <InPorts = 2> <OutPorts = 1>
ST_6 : Operation 90 [1/1] (0.00ns)   --->   "%p_Result_8 = partselect i14 @_ssdm_op_PartSelect.i14.i38.i32.i32, i38 %acc_V_3, i32 24, i32 37"   --->   Operation 90 'partselect' 'p_Result_8' <Predicate = (icmp_ln39)> <Delay = 0.00>
ST_6 : Operation 91 [1/1] (2.20ns)   --->   "%Range1_all_ones = icmp_eq  i14 %p_Result_8, i14 16383"   --->   Operation 91 'icmp' 'Range1_all_ones' <Predicate = (icmp_ln39)> <Delay = 2.20> <CoreInst = "Cmp">   --->   Core 9 'Cmp' <Latency = 0> <II = 1> <Delay = 2.47> <FuncUnit> <Opcode : 'icmp'> <InPorts = 2> <OutPorts = 1>
ST_6 : Operation 92 [1/1] (2.20ns)   --->   "%Range1_all_zeros = icmp_eq  i14 %p_Result_8, i14 0"   --->   Operation 92 'icmp' 'Range1_all_zeros' <Predicate = (icmp_ln39)> <Delay = 2.20> <CoreInst = "Cmp">   --->   Core 9 'Cmp' <Latency = 0> <II = 1> <Delay = 2.47> <FuncUnit> <Opcode : 'icmp'> <InPorts = 2> <OutPorts = 1>
ST_6 : Operation 93 [1/1] (0.00ns) (grouped into LUT with out node overflow_1)   --->   "%deleted_zeros = select i1 %carry_1, i1 %Range1_all_ones, i1 %Range1_all_zeros"   --->   Operation 93 'select' 'deleted_zeros' <Predicate = (icmp_ln39)> <Delay = 0.00> <CoreInst = "Sel">   --->   Core 73 'Sel' <Latency = 0> <II = 1> <Delay = 1.34> <FuncUnit> <Opcode : 'select'> <InPorts = 3> <OutPorts = 1>
ST_6 : Operation 94 [1/1] (0.00ns) (grouped into LUT with out node and_ln795)   --->   "%tmp_2 = bitselect i1 @_ssdm_op_BitSelect.i1.i38.i32, i38 %acc_V_3, i32 24"   --->   Operation 94 'bitselect' 'tmp_2' <Predicate = (icmp_ln39)> <Delay = 0.00>
ST_6 : Operation 95 [1/1] (0.00ns) (grouped into LUT with out node and_ln795)   --->   "%xor_ln789 = xor i1 %tmp_2, i1 1"   --->   Operation 95 'xor' 'xor_ln789' <Predicate = (icmp_ln39)> <Delay = 0.00> <CoreInst = "LogicGate">   --->   Core 74 'LogicGate' <Latency = 0> <II = 1> <Delay = 0.97> <FuncUnit> <Opcode : 'and' 'or' 'xor'> <InPorts = 2> <OutPorts = 1>
ST_6 : Operation 96 [1/1] (0.00ns) (grouped into LUT with out node and_ln795)   --->   "%and_ln789 = and i1 %Range2_all_ones, i1 %xor_ln789"   --->   Operation 96 'and' 'and_ln789' <Predicate = (icmp_ln39)> <Delay = 0.00> <CoreInst = "LogicGate">   --->   Core 74 'LogicGate' <Latency = 0> <II = 1> <Delay = 0.97> <FuncUnit> <Opcode : 'and' 'or' 'xor'> <InPorts = 2> <OutPorts = 1>
ST_6 : Operation 97 [1/1] (0.00ns) (grouped into LUT with out node and_ln795)   --->   "%deleted_ones = select i1 %carry_1, i1 %and_ln789, i1 %Range1_all_ones"   --->   Operation 97 'select' 'deleted_ones' <Predicate = (icmp_ln39)> <Delay = 0.00> <CoreInst = "Sel">   --->   Core 73 'Sel' <Latency = 0> <II = 1> <Delay = 1.34> <FuncUnit> <Opcode : 'select'> <InPorts = 3> <OutPorts = 1>
ST_6 : Operation 98 [1/1] (0.00ns) (grouped into LUT with out node or_ln384)   --->   "%and_ln790 = and i1 %carry_1, i1 %Range1_all_ones"   --->   Operation 98 'and' 'and_ln790' <Predicate = (icmp_ln39)> <Delay = 0.00> <CoreInst = "LogicGate">   --->   Core 74 'LogicGate' <Latency = 0> <II = 1> <Delay = 0.97> <FuncUnit> <Opcode : 'and' 'or' 'xor'> <InPorts = 2> <OutPorts = 1>
ST_6 : Operation 99 [1/1] (0.00ns) (grouped into LUT with out node overflow_1)   --->   "%xor_ln794_1 = xor i1 %deleted_zeros, i1 1"   --->   Operation 99 'xor' 'xor_ln794_1' <Predicate = (icmp_ln39)> <Delay = 0.00> <CoreInst = "LogicGate">   --->   Core 74 'LogicGate' <Latency = 0> <II = 1> <Delay = 0.97> <FuncUnit> <Opcode : 'and' 'or' 'xor'> <InPorts = 2> <OutPorts = 1>
ST_6 : Operation 100 [1/1] (0.00ns) (grouped into LUT with out node overflow_1)   --->   "%or_ln794 = or i1 %p_Result_4, i1 %xor_ln794_1"   --->   Operation 100 'or' 'or_ln794' <Predicate = (icmp_ln39)> <Delay = 0.00> <CoreInst = "LogicGate">   --->   Core 74 'LogicGate' <Latency = 0> <II = 1> <Delay = 0.97> <FuncUnit> <Opcode : 'and' 'or' 'xor'> <InPorts = 2> <OutPorts = 1>
ST_6 : Operation 101 [1/1] (0.00ns) (grouped into LUT with out node overflow_1)   --->   "%xor_ln794_2 = xor i1 %p_Result_2, i1 1"   --->   Operation 101 'xor' 'xor_ln794_2' <Predicate = (icmp_ln39)> <Delay = 0.00> <CoreInst = "LogicGate">   --->   Core 74 'LogicGate' <Latency = 0> <II = 1> <Delay = 0.97> <FuncUnit> <Opcode : 'and' 'or' 'xor'> <InPorts = 2> <OutPorts = 1>
ST_6 : Operation 102 [1/1] (0.99ns) (out node of the LUT)   --->   "%overflow_1 = and i1 %or_ln794, i1 %xor_ln794_2"   --->   Operation 102 'and' 'overflow_1' <Predicate = (icmp_ln39)> <Delay = 0.99> <CoreInst = "LogicGate">   --->   Core 74 'LogicGate' <Latency = 0> <II = 1> <Delay = 0.97> <FuncUnit> <Opcode : 'and' 'or' 'xor'> <InPorts = 2> <OutPorts = 1>
ST_6 : Operation 103 [1/1] (0.99ns) (out node of the LUT)   --->   "%and_ln795 = and i1 %p_Result_4, i1 %deleted_ones"   --->   Operation 103 'and' 'and_ln795' <Predicate = (icmp_ln39)> <Delay = 0.99> <CoreInst = "LogicGate">   --->   Core 74 'LogicGate' <Latency = 0> <II = 1> <Delay = 0.97> <FuncUnit> <Opcode : 'and' 'or' 'xor'> <InPorts = 2> <OutPorts = 1>
ST_6 : Operation 104 [1/1] (0.00ns) (grouped into LUT with out node or_ln384)   --->   "%or_ln795 = or i1 %and_ln790, i1 %and_ln795"   --->   Operation 104 'or' 'or_ln795' <Predicate = (icmp_ln39)> <Delay = 0.00> <CoreInst = "LogicGate">   --->   Core 74 'LogicGate' <Latency = 0> <II = 1> <Delay = 0.97> <FuncUnit> <Opcode : 'and' 'or' 'xor'> <InPorts = 2> <OutPorts = 1>
ST_6 : Operation 105 [1/1] (0.00ns) (grouped into LUT with out node or_ln384)   --->   "%xor_ln795 = xor i1 %or_ln795, i1 1"   --->   Operation 105 'xor' 'xor_ln795' <Predicate = (icmp_ln39)> <Delay = 0.00> <CoreInst = "LogicGate">   --->   Core 74 'LogicGate' <Latency = 0> <II = 1> <Delay = 0.97> <FuncUnit> <Opcode : 'and' 'or' 'xor'> <InPorts = 2> <OutPorts = 1>
ST_6 : Operation 106 [1/1] (0.00ns) (grouped into LUT with out node or_ln384)   --->   "%underflow = and i1 %p_Result_2, i1 %xor_ln795"   --->   Operation 106 'and' 'underflow' <Predicate = (icmp_ln39)> <Delay = 0.00> <CoreInst = "LogicGate">   --->   Core 74 'LogicGate' <Latency = 0> <II = 1> <Delay = 0.97> <FuncUnit> <Opcode : 'and' 'or' 'xor'> <InPorts = 2> <OutPorts = 1>
ST_6 : Operation 107 [1/1] (0.00ns) (grouped into LUT with out node val_V)   --->   "%select_ln384_1 = select i1 %overflow_1, i16 32767, i16 32768"   --->   Operation 107 'select' 'select_ln384_1' <Predicate = (icmp_ln39)> <Delay = 0.00> <CoreInst = "Sel">   --->   Core 73 'Sel' <Latency = 0> <II = 1> <Delay = 1.34> <FuncUnit> <Opcode : 'select'> <InPorts = 3> <OutPorts = 1>
ST_6 : Operation 108 [1/1] (0.97ns) (out node of the LUT)   --->   "%or_ln384 = or i1 %overflow_1, i1 %underflow"   --->   Operation 108 'or' 'or_ln384' <Predicate = (icmp_ln39)> <Delay = 0.97> <CoreInst = "LogicGate">   --->   Core 74 'LogicGate' <Latency = 0> <II = 1> <Delay = 0.97> <FuncUnit> <Opcode : 'and' 'or' 'xor'> <InPorts = 2> <OutPorts = 1>
ST_6 : Operation 109 [1/1] (0.80ns) (out node of the LUT)   --->   "%val_V = select i1 %or_ln384, i16 %select_ln384_1, i16 %p_Val2_1"   --->   Operation 109 'select' 'val_V' <Predicate = (icmp_ln39)> <Delay = 0.80> <CoreInst = "Sel">   --->   Core 73 'Sel' <Latency = 0> <II = 1> <Delay = 1.34> <FuncUnit> <Opcode : 'select'> <InPorts = 3> <OutPorts = 1>
ST_6 : Operation 110 [1/1] (0.00ns)   --->   "%zext_ln414 = zext i16 %val_V"   --->   Operation 110 'zext' 'zext_ln414' <Predicate = (icmp_ln39)> <Delay = 0.00>
ST_6 : Operation 111 [1/1] (2.47ns)   --->   "%out_pkt_last_V = icmp_eq  i32 %i, i32 %sub" [../matVecMul.cpp:54]   --->   Operation 111 'icmp' 'out_pkt_last_V' <Predicate = (icmp_ln39)> <Delay = 2.47> <CoreInst = "Cmp">   --->   Core 9 'Cmp' <Latency = 0> <II = 1> <Delay = 2.47> <FuncUnit> <Opcode : 'icmp'> <InPorts = 2> <OutPorts = 1>
ST_6 : Operation 112 [2/2] (0.00ns)   --->   "%write_ln304 = write void @_ssdm_op_Write.axis.volatile.i32P0A.i4P0A.i4P0A.i1P0A.i1P0A.i1P0A.i1P0A, i32 %out_stream_V_data_V, i4 %out_stream_V_keep_V, i4 %out_stream_V_strb_V, i1 %out_stream_V_user_V, i1 %out_stream_V_last_V, i1 %out_stream_V_id_V, i1 %out_stream_V_dest_V, i32 %zext_ln414, i4 15, i4 15, i1 0, i1 %out_pkt_last_V, i1 0, i1 0"   --->   Operation 112 'write' 'write_ln304' <Predicate = (icmp_ln39)> <Delay = 0.00> <CoreInst = "axis">   --->   Core 115 'axis' <Latency = 0> <II = 1> <Delay = 1.00> <Adapter> <Opcode : >
ST_6 : Operation 113 [1/1] (1.58ns)   --->   "%store_ln34 = store i32 %add_ln34, i32 %i_1" [../matVecMul.cpp:34]   --->   Operation 113 'store' 'store_ln34' <Predicate = (icmp_ln39)> <Delay = 1.58>

State 7 <SV = 6> <Delay = 5.40>
ST_7 : Operation 114 [1/2] (3.25ns)   --->   "%r_V = load i12 %A_addr"   --->   Operation 114 'load' 'r_V' <Predicate = true> <Delay = 3.25> <CoreInst = "RAM_1P">   --->   Core 86 'RAM_1P' <Latency = 1> <II = 1> <Delay = 3.25> <Storage> <Opcode : 'load' 'store'> <Ports = 1> <Width = 16> <Depth = 4096> <RAM>
ST_7 : Operation 115 [1/1] (0.00ns)   --->   "%sext_ln1169 = sext i16 %r_V"   --->   Operation 115 'sext' 'sext_ln1169' <Predicate = true> <Delay = 0.00>
ST_7 : Operation 116 [1/2] (3.25ns)   --->   "%x_localbuff_V_load = load i6 %x_localbuff_V_addr"   --->   Operation 116 'load' 'x_localbuff_V_load' <Predicate = true> <Delay = 3.25> <CoreInst = "RAM">   --->   Core 82 'RAM' <Latency = 1> <II = 1> <Delay = 3.25> <Storage> <Opcode : 'load' 'store'> <Ports = 2> <Width = 16> <Depth = 64> <RAM>
ST_7 : Operation 117 [1/1] (0.00ns)   --->   "%sext_ln1171 = sext i16 %x_localbuff_V_load"   --->   Operation 117 'sext' 'sext_ln1171' <Predicate = true> <Delay = 0.00>
ST_7 : Operation 118 [4/4] (2.15ns) (root node of the DSP)   --->   "%r_V_2 = mul i32 %sext_ln1171, i32 %sext_ln1169"   --->   Operation 118 'mul' 'r_V_2' <Predicate = true> <Delay = 2.15> <CoreInst = "DSP48">   --->   Core 119 'DSP48' <Latency = 3> <II = 1> <Delay = 2.15> <IPBlock> <Opcode : 'mul' 'add' 'sub' 'select'> <InPorts = 0> <OutPorts = 1> <Sync> <CReg>

State 8 <SV = 7> <Delay = 2.15>
ST_8 : Operation 119 [3/4] (2.15ns) (root node of the DSP)   --->   "%r_V_2 = mul i32 %sext_ln1171, i32 %sext_ln1169"   --->   Operation 119 'mul' 'r_V_2' <Predicate = true> <Delay = 2.15> <CoreInst = "DSP48">   --->   Core 119 'DSP48' <Latency = 3> <II = 1> <Delay = 2.15> <IPBlock> <Opcode : 'mul' 'add' 'sub' 'select'> <InPorts = 0> <OutPorts = 1> <Sync> <CReg>

State 9 <SV = 8> <Delay = 2.15>
ST_9 : Operation 120 [2/4] (2.15ns) (root node of the DSP)   --->   "%r_V_2 = mul i32 %sext_ln1171, i32 %sext_ln1169"   --->   Operation 120 'mul' 'r_V_2' <Predicate = true> <Delay = 2.15> <CoreInst = "DSP48">   --->   Core 119 'DSP48' <Latency = 3> <II = 1> <Delay = 2.15> <IPBlock> <Opcode : 'mul' 'add' 'sub' 'select'> <InPorts = 0> <OutPorts = 1> <Sync> <CReg>

State 10 <SV = 9> <Delay = 4.14>
ST_10 : Operation 121 [1/1] (0.00ns)   --->   "%speclooptripcount_ln37 = speclooptripcount void @_ssdm_op_SpecLoopTripCount, i64 64, i64 64, i64 64" [../matVecMul.cpp:37]   --->   Operation 121 'speclooptripcount' 'speclooptripcount_ln37' <Predicate = true> <Delay = 0.00>
ST_10 : Operation 122 [1/1] (0.00ns)   --->   "%specloopname_ln37 = specloopname void @_ssdm_op_SpecLoopName, void @empty_0" [../matVecMul.cpp:37]   --->   Operation 122 'specloopname' 'specloopname_ln37' <Predicate = true> <Delay = 0.00>
ST_10 : Operation 123 [1/4] (0.00ns) (root node of the DSP)   --->   "%r_V_2 = mul i32 %sext_ln1171, i32 %sext_ln1169"   --->   Operation 123 'mul' 'r_V_2' <Predicate = true> <Delay = 0.00> <CoreInst = "DSP48">   --->   Core 119 'DSP48' <Latency = 3> <II = 1> <Delay = 2.15> <IPBlock> <Opcode : 'mul' 'add' 'sub' 'select'> <InPorts = 0> <OutPorts = 1> <Sync> <CReg>
ST_10 : Operation 124 [1/1] (0.00ns)   --->   "%sext_ln712 = sext i38 %acc_V_3"   --->   Operation 124 'sext' 'sext_ln712' <Predicate = true> <Delay = 0.00>
ST_10 : Operation 125 [1/1] (0.00ns)   --->   "%sext_ln712_1 = sext i32 %r_V_2"   --->   Operation 125 'sext' 'sext_ln712_1' <Predicate = true> <Delay = 0.00>
ST_10 : Operation 126 [1/1] (0.00ns)   --->   "%sext_ln1245 = sext i32 %r_V_2"   --->   Operation 126 'sext' 'sext_ln1245' <Predicate = true> <Delay = 0.00>
ST_10 : Operation 127 [1/1] (2.79ns)   --->   "%ret_V = add i39 %sext_ln712, i39 %sext_ln712_1"   --->   Operation 127 'add' 'ret_V' <Predicate = true> <Delay = 2.79> <CoreInst = "Adder">   --->   Core 1 'Adder' <Latency = 0> <II = 1> <Delay = 2.79> <FuncUnit> <Opcode : 'add' 'sub'> <InPorts = 2> <OutPorts = 1>
ST_10 : Operation 128 [1/1] (0.00ns)   --->   "%p_Result_s = bitselect i1 @_ssdm_op_BitSelect.i1.i39.i32, i39 %ret_V, i32 38"   --->   Operation 128 'bitselect' 'p_Result_s' <Predicate = true> <Delay = 0.00>
ST_10 : Operation 129 [1/1] (2.79ns)   --->   "%acc_V_4 = add i38 %acc_V_3, i38 %sext_ln1245"   --->   Operation 129 'add' 'acc_V_4' <Predicate = true> <Delay = 2.79> <CoreInst = "Adder">   --->   Core 1 'Adder' <Latency = 0> <II = 1> <Delay = 2.79> <FuncUnit> <Opcode : 'add' 'sub'> <InPorts = 2> <OutPorts = 1>
ST_10 : Operation 130 [1/1] (0.00ns)   --->   "%p_Result_1 = bitselect i1 @_ssdm_op_BitSelect.i1.i38.i32, i38 %acc_V_4, i32 37"   --->   Operation 130 'bitselect' 'p_Result_1' <Predicate = true> <Delay = 0.00>
ST_10 : Operation 131 [1/1] (0.00ns) (grouped into LUT with out node acc_V)   --->   "%xor_ln794 = xor i1 %p_Result_s, i1 1"   --->   Operation 131 'xor' 'xor_ln794' <Predicate = true> <Delay = 0.00> <CoreInst = "LogicGate">   --->   Core 74 'LogicGate' <Latency = 0> <II = 1> <Delay = 0.97> <FuncUnit> <Opcode : 'and' 'or' 'xor'> <InPorts = 2> <OutPorts = 1>
ST_10 : Operation 132 [1/1] (0.00ns) (grouped into LUT with out node acc_V)   --->   "%overflow = and i1 %p_Result_1, i1 %xor_ln794"   --->   Operation 132 'and' 'overflow' <Predicate = true> <Delay = 0.00> <CoreInst = "LogicGate">   --->   Core 74 'LogicGate' <Latency = 0> <II = 1> <Delay = 0.97> <FuncUnit> <Opcode : 'and' 'or' 'xor'> <InPorts = 2> <OutPorts = 1>
ST_10 : Operation 133 [1/1] (0.00ns) (grouped into LUT with out node acc_V)   --->   "%xor_ln340 = xor i1 %p_Result_s, i1 %p_Result_1"   --->   Operation 133 'xor' 'xor_ln340' <Predicate = true> <Delay = 0.00> <CoreInst = "LogicGate">   --->   Core 74 'LogicGate' <Latency = 0> <II = 1> <Delay = 0.97> <FuncUnit> <Opcode : 'and' 'or' 'xor'> <InPorts = 2> <OutPorts = 1>
ST_10 : Operation 134 [1/1] (0.00ns) (grouped into LUT with out node acc_V)   --->   "%select_ln384 = select i1 %overflow, i38 137438953471, i38 137438953472"   --->   Operation 134 'select' 'select_ln384' <Predicate = true> <Delay = 0.00> <CoreInst = "Sel">   --->   Core 73 'Sel' <Latency = 0> <II = 1> <Delay = 1.34> <FuncUnit> <Opcode : 'select'> <InPorts = 3> <OutPorts = 1>
ST_10 : Operation 135 [1/1] (1.34ns) (out node of the LUT)   --->   "%acc_V = select i1 %xor_ln340, i38 %select_ln384, i38 %acc_V_4"   --->   Operation 135 'select' 'acc_V' <Predicate = true> <Delay = 1.34> <CoreInst = "Sel">   --->   Core 73 'Sel' <Latency = 0> <II = 1> <Delay = 1.34> <FuncUnit> <Opcode : 'select'> <InPorts = 3> <OutPorts = 1>
ST_10 : Operation 136 [1/1] (0.00ns)   --->   "%br_ln0 = br void %_ZN13ap_fixed_baseILi39ELi23ELb1EL9ap_q_mode5EL9ap_o_mode3ELi0EEC2ILi38ELi22ELb1ELS0_0ELS1_0ELi0EEERKS_IXT_EXT0_EXT1_EXT2_EXT3_EXT4_EE.exit.i.i"   --->   Operation 136 'br' 'br_ln0' <Predicate = true> <Delay = 0.00>

State 11 <SV = 6> <Delay = 0.00>
ST_11 : Operation 137 [1/2] (0.00ns)   --->   "%write_ln304 = write void @_ssdm_op_Write.axis.volatile.i32P0A.i4P0A.i4P0A.i1P0A.i1P0A.i1P0A.i1P0A, i32 %out_stream_V_data_V, i4 %out_stream_V_keep_V, i4 %out_stream_V_strb_V, i1 %out_stream_V_user_V, i1 %out_stream_V_last_V, i1 %out_stream_V_id_V, i1 %out_stream_V_dest_V, i32 %zext_ln414, i4 15, i4 15, i1 0, i1 %out_pkt_last_V, i1 0, i1 0"   --->   Operation 137 'write' 'write_ln304' <Predicate = true> <Delay = 0.00> <CoreInst = "axis">   --->   Core 115 'axis' <Latency = 0> <II = 1> <Delay = 1.00> <Adapter> <Opcode : >
ST_11 : Operation 138 [1/1] (0.00ns)   --->   "%br_ln0 = br void"   --->   Operation 138 'br' 'br_ln0' <Predicate = true> <Delay = 0.00>


============================================================
+ Verbose Summary: Binding
============================================================
STG Binding: 
---------------- STG Properties BEGIN ----------------
- Is combinational: 0
- Is one-state seq: 0
- Is datapath-only: 0
- Is pipelined: 0
- Is top level: 1
Port [ Return ] is wired: 1; IO mode=ap_ctrl_hs:ce=0
Port [ A]:  wired=1; compound=1; hidden=0; nouse=0; global=0; static=0; extern=0; dir=0; type=1; pingpong=0; private_global=0; MemPort=[1]; IO mode=ap_memory:ce=0
Port [ in_stream_V_data_V]:  wired=1; compound=1; hidden=0; nouse=0; global=0; static=0; extern=0; dir=0; type=0; pingpong=0; private_global=0; IO mode=axis:ce=0
Port [ in_stream_V_keep_V]:  wired=1; compound=1; hidden=0; nouse=0; global=0; static=0; extern=0; dir=0; type=0; pingpong=0; private_global=0; IO mode=axis:ce=0
Port [ in_stream_V_strb_V]:  wired=1; compound=1; hidden=0; nouse=0; global=0; static=0; extern=0; dir=0; type=0; pingpong=0; private_global=0; IO mode=axis:ce=0
Port [ in_stream_V_user_V]:  wired=1; compound=1; hidden=0; nouse=0; global=0; static=0; extern=0; dir=0; type=0; pingpong=0; private_global=0; IO mode=axis:ce=0
Port [ in_stream_V_last_V]:  wired=1; compound=1; hidden=0; nouse=0; global=0; static=0; extern=0; dir=0; type=0; pingpong=0; private_global=0; IO mode=axis:ce=0
Port [ in_stream_V_id_V]:  wired=1; compound=1; hidden=0; nouse=0; global=0; static=0; extern=0; dir=0; type=0; pingpong=0; private_global=0; IO mode=axis:ce=0
Port [ in_stream_V_dest_V]:  wired=1; compound=1; hidden=0; nouse=0; global=0; static=0; extern=0; dir=0; type=0; pingpong=0; private_global=0; IO mode=axis:ce=0
Port [ out_stream_V_data_V]:  wired=1; compound=1; hidden=0; nouse=0; global=0; static=0; extern=0; dir=1; type=0; pingpong=0; private_global=0; IO mode=axis:ce=0
Port [ out_stream_V_keep_V]:  wired=1; compound=1; hidden=0; nouse=0; global=0; static=0; extern=0; dir=1; type=0; pingpong=0; private_global=0; IO mode=axis:ce=0
Port [ out_stream_V_strb_V]:  wired=1; compound=1; hidden=0; nouse=0; global=0; static=0; extern=0; dir=1; type=0; pingpong=0; private_global=0; IO mode=axis:ce=0
Port [ out_stream_V_user_V]:  wired=1; compound=1; hidden=0; nouse=0; global=0; static=0; extern=0; dir=1; type=0; pingpong=0; private_global=0; IO mode=axis:ce=0
Port [ out_stream_V_last_V]:  wired=1; compound=1; hidden=0; nouse=0; global=0; static=0; extern=0; dir=1; type=0; pingpong=0; private_global=0; IO mode=axis:ce=0
Port [ out_stream_V_id_V]:  wired=1; compound=1; hidden=0; nouse=0; global=0; static=0; extern=0; dir=1; type=0; pingpong=0; private_global=0; IO mode=axis:ce=0
Port [ out_stream_V_dest_V]:  wired=1; compound=1; hidden=0; nouse=0; global=0; static=0; extern=0; dir=1; type=0; pingpong=0; private_global=0; IO mode=axis:ce=0
Port [ row_size]:  wired=1; compound=0; hidden=0; nouse=0; global=0; static=0; extern=0; dir=0; type=0; pingpong=0; private_global=0; IO mode=ap_none:ce=0
Port [ col_size]:  wired=1; compound=0; hidden=0; nouse=0; global=0; static=0; extern=0; dir=0; type=0; pingpong=0; private_global=0; IO mode=ap_none:ce=0
Port [ x_localbuff_V]:  wired=0; compound=1; hidden=1; nouse=0; global=1; static=1; extern=0; dir=2; type=1; pingpong=0; private_global=1; MemPort=[23]; IO mode=ap_memory:ce=0
---------------- STG Properties END ------------------

---------------- Datapath Model BEGIN ----------------

<LifeTime>
<method=bitvector/>
i_1                    (alloca           ) [ 011111111111]
col_size_read          (read             ) [ 001111111111]
row_size_read          (read             ) [ 001111111111]
store_ln34             (store            ) [ 000000000000]
empty                  (wait             ) [ 000000000000]
call_ln4               (call             ) [ 000000000000]
spectopmodule_ln0      (spectopmodule    ) [ 000000000000]
specinterface_ln0      (specinterface    ) [ 000000000000]
specinterface_ln0      (specinterface    ) [ 000000000000]
specmemcore_ln0        (specmemcore      ) [ 000000000000]
specbitsmap_ln0        (specbitsmap      ) [ 000000000000]
specinterface_ln0      (specinterface    ) [ 000000000000]
specbitsmap_ln0        (specbitsmap      ) [ 000000000000]
specbitsmap_ln0        (specbitsmap      ) [ 000000000000]
specbitsmap_ln0        (specbitsmap      ) [ 000000000000]
specbitsmap_ln0        (specbitsmap      ) [ 000000000000]
specbitsmap_ln0        (specbitsmap      ) [ 000000000000]
specbitsmap_ln0        (specbitsmap      ) [ 000000000000]
specbitsmap_ln0        (specbitsmap      ) [ 000000000000]
specinterface_ln0      (specinterface    ) [ 000000000000]
specbitsmap_ln0        (specbitsmap      ) [ 000000000000]
specbitsmap_ln0        (specbitsmap      ) [ 000000000000]
specbitsmap_ln0        (specbitsmap      ) [ 000000000000]
specbitsmap_ln0        (specbitsmap      ) [ 000000000000]
specbitsmap_ln0        (specbitsmap      ) [ 000000000000]
specbitsmap_ln0        (specbitsmap      ) [ 000000000000]
specbitsmap_ln0        (specbitsmap      ) [ 000000000000]
specbitsmap_ln0        (specbitsmap      ) [ 000000000000]
specinterface_ln0      (specinterface    ) [ 000000000000]
specinterface_ln0      (specinterface    ) [ 000000000000]
specbitsmap_ln0        (specbitsmap      ) [ 000000000000]
specinterface_ln0      (specinterface    ) [ 000000000000]
specinterface_ln0      (specinterface    ) [ 000000000000]
specinterface_ln0      (specinterface    ) [ 000000000000]
empty_20               (wait             ) [ 000000000000]
sub                    (add              ) [ 000001111111]
br_ln34                (br               ) [ 000000000000]
i                      (load             ) [ 000000111110]
specpipeline_ln0       (specpipeline     ) [ 000000000000]
icmp_ln34              (icmp             ) [ 000001111111]
add_ln34               (add              ) [ 000000111110]
br_ln34                (br               ) [ 000000000000]
speclooptripcount_ln34 (speclooptripcount) [ 000000000000]
specloopname_ln34      (specloopname     ) [ 000000000000]
trunc_ln1169           (trunc            ) [ 000000000000]
shl_ln                 (bitconcatenate   ) [ 000000111110]
br_ln39                (br               ) [ 000001111111]
ret_ln59               (ret              ) [ 000000000000]
j                      (phi              ) [ 000000100000]
acc_V_3                (phi              ) [ 000000111110]
zext_ln39              (zext             ) [ 000000000000]
zext_ln39_1            (zext             ) [ 000000000000]
icmp_ln39              (icmp             ) [ 000001111111]
add_ln39               (add              ) [ 000001111111]
br_ln39                (br               ) [ 000000000000]
shl_ln1169_1           (bitconcatenate   ) [ 000000000000]
zext_ln1169            (zext             ) [ 000000000000]
add_ln1169             (add              ) [ 000000000000]
lshr_ln                (partselect       ) [ 000000000000]
trunc_ln1169_1         (trunc            ) [ 000000000000]
tmp_9                  (bitconcatenate   ) [ 000000000000]
zext_ln1169_1          (zext             ) [ 000000000000]
A_addr                 (getelementptr    ) [ 000000010000]
x_localbuff_V_addr     (getelementptr    ) [ 000000010000]
p_Result_2             (bitselect        ) [ 000000000000]
p_Val2_s               (partselect       ) [ 000000000000]
p_Result_3             (bitselect        ) [ 000000000000]
tmp                    (bitselect        ) [ 000000000000]
zext_ln415             (zext             ) [ 000000000000]
p_Val2_1               (add              ) [ 000000000000]
p_Result_4             (bitselect        ) [ 000000000000]
xor_ln416              (xor              ) [ 000000000000]
carry_1                (and              ) [ 000000000000]
p_Result_7             (partselect       ) [ 000000000000]
Range2_all_ones        (icmp             ) [ 000000000000]
p_Result_8             (partselect       ) [ 000000000000]
Range1_all_ones        (icmp             ) [ 000000000000]
Range1_all_zeros       (icmp             ) [ 000000000000]
deleted_zeros          (select           ) [ 000000000000]
tmp_2                  (bitselect        ) [ 000000000000]
xor_ln789              (xor              ) [ 000000000000]
and_ln789              (and              ) [ 000000000000]
deleted_ones           (select           ) [ 000000000000]
and_ln790              (and              ) [ 000000000000]
xor_ln794_1            (xor              ) [ 000000000000]
or_ln794               (or               ) [ 000000000000]
xor_ln794_2            (xor              ) [ 000000000000]
overflow_1             (and              ) [ 000000000000]
and_ln795              (and              ) [ 000000000000]
or_ln795               (or               ) [ 000000000000]
xor_ln795              (xor              ) [ 000000000000]
underflow              (and              ) [ 000000000000]
select_ln384_1         (select           ) [ 000000000000]
or_ln384               (or               ) [ 000000000000]
val_V                  (select           ) [ 000000000000]
zext_ln414             (zext             ) [ 000000000001]
out_pkt_last_V         (icmp             ) [ 000000000001]
store_ln34             (store            ) [ 000000000000]
r_V                    (load             ) [ 000000000000]
sext_ln1169            (sext             ) [ 000000001110]
x_localbuff_V_load     (load             ) [ 000000000000]
sext_ln1171            (sext             ) [ 000000001110]
speclooptripcount_ln37 (speclooptripcount) [ 000000000000]
specloopname_ln37      (specloopname     ) [ 000000000000]
r_V_2                  (mul              ) [ 000000000000]
sext_ln712             (sext             ) [ 000000000000]
sext_ln712_1           (sext             ) [ 000000000000]
sext_ln1245            (sext             ) [ 000000000000]
ret_V                  (add              ) [ 000000000000]
p_Result_s             (bitselect        ) [ 000000000000]
acc_V_4                (add              ) [ 000000000000]
p_Result_1             (bitselect        ) [ 000000000000]
xor_ln794              (xor              ) [ 000000000000]
overflow               (and              ) [ 000000000000]
xor_ln340              (xor              ) [ 000000000000]
select_ln384           (select           ) [ 000000000000]
acc_V                  (select           ) [ 000001111111]
br_ln0                 (br               ) [ 000001111111]
write_ln304            (write            ) [ 000000000000]
br_ln0                 (br               ) [ 000000000000]
</LifeTime>

<model>

<comp_list>
<comp id="0" class="1000" name="A">
<pin_list>
<pin id="1" dir="1" index="0" bw="1" slack="0"/>
</pin_list>
<bind>
<StgValue><ssdm name="A"/><MemPortTyVec>1 </MemPortTyVec>
</StgValue>
</bind>
</comp>

<comp id="2" class="1000" name="in_stream_V_data_V">
<pin_list>
<pin id="3" dir="1" index="0" bw="1" slack="0"/>
</pin_list>
<bind>
<StgValue><ssdm name="in_stream_V_data_V"/></StgValue>
</bind>
</comp>

<comp id="4" class="1000" name="in_stream_V_keep_V">
<pin_list>
<pin id="5" dir="1" index="0" bw="1" slack="0"/>
</pin_list>
<bind>
<StgValue><ssdm name="in_stream_V_keep_V"/></StgValue>
</bind>
</comp>

<comp id="6" class="1000" name="in_stream_V_strb_V">
<pin_list>
<pin id="7" dir="1" index="0" bw="1" slack="0"/>
</pin_list>
<bind>
<StgValue><ssdm name="in_stream_V_strb_V"/></StgValue>
</bind>
</comp>

<comp id="8" class="1000" name="in_stream_V_user_V">
<pin_list>
<pin id="9" dir="1" index="0" bw="1" slack="0"/>
</pin_list>
<bind>
<StgValue><ssdm name="in_stream_V_user_V"/></StgValue>
</bind>
</comp>

<comp id="10" class="1000" name="in_stream_V_last_V">
<pin_list>
<pin id="11" dir="1" index="0" bw="1" slack="0"/>
</pin_list>
<bind>
<StgValue><ssdm name="in_stream_V_last_V"/></StgValue>
</bind>
</comp>

<comp id="12" class="1000" name="in_stream_V_id_V">
<pin_list>
<pin id="13" dir="1" index="0" bw="1" slack="0"/>
</pin_list>
<bind>
<StgValue><ssdm name="in_stream_V_id_V"/></StgValue>
</bind>
</comp>

<comp id="14" class="1000" name="in_stream_V_dest_V">
<pin_list>
<pin id="15" dir="1" index="0" bw="1" slack="0"/>
</pin_list>
<bind>
<StgValue><ssdm name="in_stream_V_dest_V"/></StgValue>
</bind>
</comp>

<comp id="16" class="1000" name="out_stream_V_data_V">
<pin_list>
<pin id="17" dir="1" index="0" bw="1" slack="0"/>
</pin_list>
<bind>
<StgValue><ssdm name="out_stream_V_data_V"/></StgValue>
</bind>
</comp>

<comp id="18" class="1000" name="out_stream_V_keep_V">
<pin_list>
<pin id="19" dir="1" index="0" bw="1" slack="0"/>
</pin_list>
<bind>
<StgValue><ssdm name="out_stream_V_keep_V"/></StgValue>
</bind>
</comp>

<comp id="20" class="1000" name="out_stream_V_strb_V">
<pin_list>
<pin id="21" dir="1" index="0" bw="1" slack="0"/>
</pin_list>
<bind>
<StgValue><ssdm name="out_stream_V_strb_V"/></StgValue>
</bind>
</comp>

<comp id="22" class="1000" name="out_stream_V_user_V">
<pin_list>
<pin id="23" dir="1" index="0" bw="1" slack="0"/>
</pin_list>
<bind>
<StgValue><ssdm name="out_stream_V_user_V"/></StgValue>
</bind>
</comp>

<comp id="24" class="1000" name="out_stream_V_last_V">
<pin_list>
<pin id="25" dir="1" index="0" bw="1" slack="0"/>
</pin_list>
<bind>
<StgValue><ssdm name="out_stream_V_last_V"/></StgValue>
</bind>
</comp>

<comp id="26" class="1000" name="out_stream_V_id_V">
<pin_list>
<pin id="27" dir="1" index="0" bw="1" slack="0"/>
</pin_list>
<bind>
<StgValue><ssdm name="out_stream_V_id_V"/></StgValue>
</bind>
</comp>

<comp id="28" class="1000" name="out_stream_V_dest_V">
<pin_list>
<pin id="29" dir="1" index="0" bw="1" slack="0"/>
</pin_list>
<bind>
<StgValue><ssdm name="out_stream_V_dest_V"/></StgValue>
</bind>
</comp>

<comp id="30" class="1000" name="row_size">
<pin_list>
<pin id="31" dir="1" index="0" bw="1" slack="0"/>
</pin_list>
<bind>
<StgValue><ssdm name="row_size"/></StgValue>
</bind>
</comp>

<comp id="32" class="1000" name="col_size">
<pin_list>
<pin id="33" dir="1" index="0" bw="1" slack="0"/>
</pin_list>
<bind>
<StgValue><ssdm name="col_size"/></StgValue>
</bind>
</comp>

<comp id="34" class="1000" name="x_localbuff_V">
<pin_list>
<pin id="35" dir="1" index="0" bw="1" slack="0"/>
</pin_list>
<bind>
<StgValue><ssdm name="x_localbuff_V"/><MemPortTyVec>2 3 </MemPortTyVec>
</StgValue>
</bind>
</comp>

<comp id="36" class="1001" name="const_36">
<pin_list>
<pin id="37" dir="1" index="0" bw="1" slack="0"/>
</pin_list>
<bind>
<StgValue><ssdm name=""/></StgValue>
</bind>
</comp>

<comp id="38" class="1001" name="const_38">
<pin_list>
<pin id="39" dir="1" index="0" bw="1" slack="0"/>
</pin_list>
<bind>
<StgValue><ssdm name="_ssdm_op_Read.s_axilite.i32"/></StgValue>
</bind>
</comp>

<comp id="40" class="1001" name="const_40">
<pin_list>
<pin id="41" dir="1" index="0" bw="1" slack="0"/>
</pin_list>
<bind>
<StgValue><ssdm name=""/></StgValue>
</bind>
</comp>

<comp id="42" class="1001" name="const_42">
<pin_list>
<pin id="43" dir="1" index="0" bw="1" slack="2147483647"/>
</pin_list>
<bind>
<StgValue><ssdm name="_ssdm_op_Wait"/></StgValue>
</bind>
</comp>

<comp id="44" class="1001" name="const_44">
<pin_list>
<pin id="45" dir="1" index="0" bw="1" slack="0"/>
</pin_list>
<bind>
<StgValue><ssdm name="matVecMul_Pipeline_sample_loop"/></StgValue>
</bind>
</comp>

<comp id="46" class="1001" name="const_46">
<pin_list>
<pin id="47" dir="1" index="0" bw="1" slack="2147483647"/>
</pin_list>
<bind>
<StgValue><ssdm name="_ssdm_op_SpecTopModule"/></StgValue>
</bind>
</comp>

<comp id="48" class="1001" name="const_48">
<pin_list>
<pin id="49" dir="1" index="0" bw="1" slack="2147483647"/>
</pin_list>
<bind>
<StgValue><ssdm name="empty_1"/></StgValue>
</bind>
</comp>

<comp id="50" class="1001" name="const_50">
<pin_list>
<pin id="51" dir="1" index="0" bw="1" slack="2147483647"/>
</pin_list>
<bind>
<StgValue><ssdm name="_ssdm_op_SpecInterface"/></StgValue>
</bind>
</comp>

<comp id="52" class="1001" name="const_52">
<pin_list>
<pin id="53" dir="1" index="0" bw="1" slack="2147483647"/>
</pin_list>
<bind>
<StgValue><ssdm name="empty_10"/></StgValue>
</bind>
</comp>

<comp id="54" class="1001" name="const_54">
<pin_list>
<pin id="55" dir="1" index="0" bw="1" slack="2147483647"/>
</pin_list>
<bind>
<StgValue><ssdm name="empty_9"/></StgValue>
</bind>
</comp>

<comp id="56" class="1001" name="const_56">
<pin_list>
<pin id="57" dir="1" index="0" bw="1" slack="2147483647"/>
</pin_list>
<bind>
<StgValue><ssdm name="empty_8"/></StgValue>
</bind>
</comp>

<comp id="58" class="1001" name="const_58">
<pin_list>
<pin id="59" dir="1" index="0" bw="1" slack="2147483647"/>
</pin_list>
<bind>
<StgValue><ssdm name="empty_7"/></StgValue>
</bind>
</comp>

<comp id="60" class="1001" name="const_60">
<pin_list>
<pin id="61" dir="1" index="0" bw="1" slack="2147483647"/>
</pin_list>
<bind>
<StgValue><ssdm name="empty_6"/></StgValue>
</bind>
</comp>

<comp id="62" class="1001" name="const_62">
<pin_list>
<pin id="63" dir="1" index="0" bw="1" slack="2147483647"/>
</pin_list>
<bind>
<StgValue><ssdm name="_ssdm_op_SpecMemCore"/></StgValue>
</bind>
</comp>

<comp id="64" class="1001" name="const_64">
<pin_list>
<pin id="65" dir="1" index="0" bw="1" slack="2147483647"/>
</pin_list>
<bind>
<StgValue><ssdm name=""/></StgValue>
</bind>
</comp>

<comp id="66" class="1001" name="const_66">
<pin_list>
<pin id="67" dir="1" index="0" bw="1" slack="2147483647"/>
</pin_list>
<bind>
<StgValue><ssdm name=""/></StgValue>
</bind>
</comp>

<comp id="68" class="1001" name="const_68">
<pin_list>
<pin id="69" dir="1" index="0" bw="1" slack="2147483647"/>
</pin_list>
<bind>
<StgValue><ssdm name=""/></StgValue>
</bind>
</comp>

<comp id="70" class="1001" name="const_70">
<pin_list>
<pin id="71" dir="1" index="0" bw="1" slack="2147483647"/>
</pin_list>
<bind>
<StgValue><ssdm name="_ssdm_op_SpecBitsMap"/></StgValue>
</bind>
</comp>

<comp id="72" class="1001" name="const_72">
<pin_list>
<pin id="73" dir="1" index="0" bw="1" slack="2147483647"/>
</pin_list>
<bind>
<StgValue><ssdm name="empty_5"/></StgValue>
</bind>
</comp>

<comp id="74" class="1001" name="const_74">
<pin_list>
<pin id="75" dir="1" index="0" bw="1" slack="2147483647"/>
</pin_list>
<bind>
<StgValue><ssdm name="empty_4"/></StgValue>
</bind>
</comp>

<comp id="76" class="1001" name="const_76">
<pin_list>
<pin id="77" dir="1" index="0" bw="1" slack="2147483647"/>
</pin_list>
<bind>
<StgValue><ssdm name="empty_12"/></StgValue>
</bind>
</comp>

<comp id="78" class="1001" name="const_78">
<pin_list>
<pin id="79" dir="1" index="0" bw="1" slack="2147483647"/>
</pin_list>
<bind>
<StgValue><ssdm name="empty_3"/></StgValue>
</bind>
</comp>

<comp id="80" class="1001" name="const_80">
<pin_list>
<pin id="81" dir="1" index="0" bw="1" slack="2147483647"/>
</pin_list>
<bind>
<StgValue><ssdm name="empty_2"/></StgValue>
</bind>
</comp>

<comp id="82" class="1001" name="const_82">
<pin_list>
<pin id="83" dir="1" index="0" bw="1" slack="0"/>
</pin_list>
<bind>
<StgValue><ssdm name=""/></StgValue>
</bind>
</comp>

<comp id="84" class="1001" name="const_84">
<pin_list>
<pin id="85" dir="1" index="0" bw="1" slack="2147483647"/>
</pin_list>
<bind>
<StgValue><ssdm name="_ssdm_op_SpecPipeline"/></StgValue>
</bind>
</comp>

<comp id="86" class="1001" name="const_86">
<pin_list>
<pin id="87" dir="1" index="0" bw="1" slack="2147483647"/>
</pin_list>
<bind>
<StgValue><ssdm name="p_str"/></StgValue>
</bind>
</comp>

<comp id="88" class="1001" name="const_88">
<pin_list>
<pin id="89" dir="1" index="0" bw="1" slack="2147483647"/>
</pin_list>
<bind>
<StgValue><ssdm name="_ssdm_op_SpecLoopTripCount"/></StgValue>
</bind>
</comp>

<comp id="90" class="1001" name="const_90">
<pin_list>
<pin id="91" dir="1" index="0" bw="1" slack="2147483647"/>
</pin_list>
<bind>
<StgValue><ssdm name=""/></StgValue>
</bind>
</comp>

<comp id="92" class="1001" name="const_92">
<pin_list>
<pin id="93" dir="1" index="0" bw="1" slack="2147483647"/>
</pin_list>
<bind>
<StgValue><ssdm name="_ssdm_op_SpecLoopName"/></StgValue>
</bind>
</comp>

<comp id="94" class="1001" name="const_94">
<pin_list>
<pin id="95" dir="1" index="0" bw="1" slack="2147483647"/>
</pin_list>
<bind>
<StgValue><ssdm name="empty"/></StgValue>
</bind>
</comp>

<comp id="96" class="1001" name="const_96">
<pin_list>
<pin id="97" dir="1" index="0" bw="1" slack="0"/>
</pin_list>
<bind>
<StgValue><ssdm name="_ssdm_op_BitConcatenate.i13.i6.i7"/></StgValue>
</bind>
</comp>

<comp id="98" class="1001" name="const_98">
<pin_list>
<pin id="99" dir="1" index="0" bw="1" slack="0"/>
</pin_list>
<bind>
<StgValue><ssdm name=""/></StgValue>
</bind>
</comp>

<comp id="100" class="1001" name="const_100">
<pin_list>
<pin id="101" dir="1" index="0" bw="1" slack="1"/>
</pin_list>
<bind>
<StgValue><ssdm name=""/></StgValue>
</bind>
</comp>

<comp id="102" class="1001" name="const_102">
<pin_list>
<pin id="103" dir="1" index="0" bw="1" slack="0"/>
</pin_list>
<bind>
<StgValue><ssdm name=""/></StgValue>
</bind>
</comp>

<comp id="104" class="1001" name="const_104">
<pin_list>
<pin id="105" dir="1" index="0" bw="1" slack="0"/>
</pin_list>
<bind>
<StgValue><ssdm name="_ssdm_op_BitConcatenate.i8.i7.i1"/></StgValue>
</bind>
</comp>

<comp id="106" class="1001" name="const_106">
<pin_list>
<pin id="107" dir="1" index="0" bw="1" slack="0"/>
</pin_list>
<bind>
<StgValue><ssdm name=""/></StgValue>
</bind>
</comp>

<comp id="108" class="1001" name="const_108">
<pin_list>
<pin id="109" dir="1" index="0" bw="1" slack="0"/>
</pin_list>
<bind>
<StgValue><ssdm name="_ssdm_op_PartSelect.i6.i13.i32.i32"/></StgValue>
</bind>
</comp>

<comp id="110" class="1001" name="const_110">
<pin_list>
<pin id="111" dir="1" index="0" bw="1" slack="0"/>
</pin_list>
<bind>
<StgValue><ssdm name=""/></StgValue>
</bind>
</comp>

<comp id="112" class="1001" name="const_112">
<pin_list>
<pin id="113" dir="1" index="0" bw="1" slack="0"/>
</pin_list>
<bind>
<StgValue><ssdm name=""/></StgValue>
</bind>
</comp>

<comp id="114" class="1001" name="const_114">
<pin_list>
<pin id="115" dir="1" index="0" bw="1" slack="0"/>
</pin_list>
<bind>
<StgValue><ssdm name="_ssdm_op_BitConcatenate.i12.i6.i6"/></StgValue>
</bind>
</comp>

<comp id="116" class="1001" name="const_116">
<pin_list>
<pin id="117" dir="1" index="0" bw="1" slack="0"/>
</pin_list>
<bind>
<StgValue><ssdm name=""/></StgValue>
</bind>
</comp>

<comp id="118" class="1001" name="const_118">
<pin_list>
<pin id="119" dir="1" index="0" bw="1" slack="0"/>
</pin_list>
<bind>
<StgValue><ssdm name="_ssdm_op_BitSelect.i1.i38.i32"/></StgValue>
</bind>
</comp>

<comp id="120" class="1001" name="const_120">
<pin_list>
<pin id="121" dir="1" index="0" bw="1" slack="0"/>
</pin_list>
<bind>
<StgValue><ssdm name=""/></StgValue>
</bind>
</comp>

<comp id="122" class="1001" name="const_122">
<pin_list>
<pin id="123" dir="1" index="0" bw="1" slack="0"/>
</pin_list>
<bind>
<StgValue><ssdm name="_ssdm_op_PartSelect.i16.i38.i32.i32"/></StgValue>
</bind>
</comp>

<comp id="124" class="1001" name="const_124">
<pin_list>
<pin id="125" dir="1" index="0" bw="1" slack="0"/>
</pin_list>
<bind>
<StgValue><ssdm name=""/></StgValue>
</bind>
</comp>

<comp id="126" class="1001" name="const_126">
<pin_list>
<pin id="127" dir="1" index="0" bw="1" slack="0"/>
</pin_list>
<bind>
<StgValue><ssdm name=""/></StgValue>
</bind>
</comp>

<comp id="128" class="1001" name="const_128">
<pin_list>
<pin id="129" dir="1" index="0" bw="1" slack="0"/>
</pin_list>
<bind>
<StgValue><ssdm name="_ssdm_op_BitSelect.i1.i16.i32"/></StgValue>
</bind>
</comp>

<comp id="130" class="1001" name="const_130">
<pin_list>
<pin id="131" dir="1" index="0" bw="1" slack="0"/>
</pin_list>
<bind>
<StgValue><ssdm name=""/></StgValue>
</bind>
</comp>

<comp id="132" class="1001" name="const_132">
<pin_list>
<pin id="133" dir="1" index="0" bw="1" slack="0"/>
</pin_list>
<bind>
<StgValue><ssdm name=""/></StgValue>
</bind>
</comp>

<comp id="134" class="1001" name="const_134">
<pin_list>
<pin id="135" dir="1" index="0" bw="1" slack="0"/>
</pin_list>
<bind>
<StgValue><ssdm name="_ssdm_op_PartSelect.i13.i38.i32.i32"/></StgValue>
</bind>
</comp>

<comp id="136" class="1001" name="const_136">
<pin_list>
<pin id="137" dir="1" index="0" bw="1" slack="0"/>
</pin_list>
<bind>
<StgValue><ssdm name=""/></StgValue>
</bind>
</comp>

<comp id="138" class="1001" name="const_138">
<pin_list>
<pin id="139" dir="1" index="0" bw="1" slack="0"/>
</pin_list>
<bind>
<StgValue><ssdm name=""/></StgValue>
</bind>
</comp>

<comp id="140" class="1001" name="const_140">
<pin_list>
<pin id="141" dir="1" index="0" bw="1" slack="0"/>
</pin_list>
<bind>
<StgValue><ssdm name="_ssdm_op_PartSelect.i14.i38.i32.i32"/></StgValue>
</bind>
</comp>

<comp id="142" class="1001" name="const_142">
<pin_list>
<pin id="143" dir="1" index="0" bw="1" slack="0"/>
</pin_list>
<bind>
<StgValue><ssdm name=""/></StgValue>
</bind>
</comp>

<comp id="144" class="1001" name="const_144">
<pin_list>
<pin id="145" dir="1" index="0" bw="1" slack="0"/>
</pin_list>
<bind>
<StgValue><ssdm name=""/></StgValue>
</bind>
</comp>

<comp id="146" class="1001" name="const_146">
<pin_list>
<pin id="147" dir="1" index="0" bw="1" slack="0"/>
</pin_list>
<bind>
<StgValue><ssdm name=""/></StgValue>
</bind>
</comp>

<comp id="148" class="1001" name="const_148">
<pin_list>
<pin id="149" dir="1" index="0" bw="1" slack="0"/>
</pin_list>
<bind>
<StgValue><ssdm name=""/></StgValue>
</bind>
</comp>

<comp id="150" class="1001" name="const_150">
<pin_list>
<pin id="151" dir="1" index="0" bw="1" slack="0"/>
</pin_list>
<bind>
<StgValue><ssdm name=""/></StgValue>
</bind>
</comp>

<comp id="152" class="1001" name="const_152">
<pin_list>
<pin id="153" dir="1" index="0" bw="1" slack="0"/>
</pin_list>
<bind>
<StgValue><ssdm name="_ssdm_op_Write.axis.volatile.i32P0A.i4P0A.i4P0A.i1P0A.i1P0A.i1P0A.i1P0A"/></StgValue>
</bind>
</comp>

<comp id="154" class="1001" name="const_154">
<pin_list>
<pin id="155" dir="1" index="0" bw="1" slack="0"/>
</pin_list>
<bind>
<StgValue><ssdm name=""/></StgValue>
</bind>
</comp>

<comp id="156" class="1001" name="const_156">
<pin_list>
<pin id="157" dir="1" index="0" bw="1" slack="2147483647"/>
</pin_list>
<bind>
<StgValue><ssdm name="empty_0"/></StgValue>
</bind>
</comp>

<comp id="158" class="1001" name="const_158">
<pin_list>
<pin id="159" dir="1" index="0" bw="1" slack="0"/>
</pin_list>
<bind>
<StgValue><ssdm name="_ssdm_op_BitSelect.i1.i39.i32"/></StgValue>
</bind>
</comp>

<comp id="160" class="1001" name="const_160">
<pin_list>
<pin id="161" dir="1" index="0" bw="1" slack="0"/>
</pin_list>
<bind>
<StgValue><ssdm name=""/></StgValue>
</bind>
</comp>

<comp id="162" class="1001" name="const_162">
<pin_list>
<pin id="163" dir="1" index="0" bw="1" slack="0"/>
</pin_list>
<bind>
<StgValue><ssdm name=""/></StgValue>
</bind>
</comp>

<comp id="164" class="1001" name="const_164">
<pin_list>
<pin id="165" dir="1" index="0" bw="1" slack="0"/>
</pin_list>
<bind>
<StgValue><ssdm name=""/></StgValue>
</bind>
</comp>

<comp id="166" class="1004" name="i_1_fu_166">
<pin_list>
<pin id="167" dir="0" index="0" bw="1" slack="0"/>
<pin id="168" dir="1" index="1" bw="32" slack="0"/>
</pin_list>
<bind>
<opcode="alloca(26) " fcode="alloca"/>
<opset="i_1/1 "/>
</bind>
</comp>

<comp id="170" class="1004" name="col_size_read_read_fu_170">
<pin_list>
<pin id="171" dir="0" index="0" bw="32" slack="0"/>
<pin id="172" dir="0" index="1" bw="32" slack="0"/>
<pin id="173" dir="1" index="2" bw="32" slack="1"/>
</pin_list>
<bind>
<opcode="read(1150) " fcode="read"/>
<opset="col_size_read/1 "/>
</bind>
</comp>

<comp id="176" class="1004" name="row_size_read_read_fu_176">
<pin_list>
<pin id="177" dir="0" index="0" bw="32" slack="0"/>
<pin id="178" dir="0" index="1" bw="32" slack="0"/>
<pin id="179" dir="1" index="2" bw="32" slack="3"/>
</pin_list>
<bind>
<opcode="read(1150) " fcode="read"/>
<opset="row_size_read/1 "/>
</bind>
</comp>

<comp id="182" class="1004" name="grp_write_fu_182">
<pin_list>
<pin id="183" dir="0" index="0" bw="0" slack="0"/>
<pin id="184" dir="0" index="1" bw="32" slack="0"/>
<pin id="185" dir="0" index="2" bw="4" slack="0"/>
<pin id="186" dir="0" index="3" bw="4" slack="0"/>
<pin id="187" dir="0" index="4" bw="1" slack="0"/>
<pin id="188" dir="0" index="5" bw="1" slack="0"/>
<pin id="189" dir="0" index="6" bw="1" slack="0"/>
<pin id="190" dir="0" index="7" bw="1" slack="0"/>
<pin id="191" dir="0" index="8" bw="16" slack="0"/>
<pin id="192" dir="0" index="9" bw="1" slack="0"/>
<pin id="193" dir="0" index="10" bw="1" slack="0"/>
<pin id="194" dir="0" index="11" bw="1" slack="0"/>
<pin id="195" dir="0" index="12" bw="1" slack="0"/>
<pin id="196" dir="0" index="13" bw="1" slack="0"/>
<pin id="197" dir="0" index="14" bw="1" slack="0"/>
<pin id="198" dir="1" index="15" bw="0" slack="2147483647"/>
</pin_list>
<bind>
<opcode="write(1151) " fcode="write"/>
<opset="write_ln304/6 "/>
</bind>
</comp>

<comp id="212" class="1004" name="A_addr_gep_fu_212">
<pin_list>
<pin id="213" dir="0" index="0" bw="16" slack="0"/>
<pin id="214" dir="0" index="1" bw="1" slack="0"/>
<pin id="215" dir="0" index="2" bw="12" slack="0"/>
<pin id="216" dir="1" index="3" bw="12" slack="0"/>
</pin_list>
<bind>
<opcode="getelementptr(29) " fcode="getelementptr"/>
<opset="A_addr/6 "/>
</bind>
</comp>

<comp id="219" class="1004" name="grp_access_fu_219">
<pin_list>
<pin id="220" dir="0" index="0" bw="12" slack="0"/>
<pin id="221" dir="0" index="1" bw="16" slack="2147483647"/>
<pin id="222" dir="0" index="2" bw="0" slack="2147483647"/>
<pin id="223" dir="1" index="3" bw="16" slack="0"/>
</pin_list>
<bind>
<opcode="load(27) " fcode="load"/>
<opset="r_V/6 "/>
</bind>
</comp>

<comp id="225" class="1004" name="x_localbuff_V_addr_gep_fu_225">
<pin_list>
<pin id="226" dir="0" index="0" bw="16" slack="0"/>
<pin id="227" dir="0" index="1" bw="1" slack="0"/>
<pin id="228" dir="0" index="2" bw="7" slack="0"/>
<pin id="229" dir="1" index="3" bw="6" slack="0"/>
</pin_list>
<bind>
<opcode="getelementptr(29) " fcode="getelementptr"/>
<opset="x_localbuff_V_addr/6 "/>
</bind>
</comp>

<comp id="232" class="1004" name="grp_access_fu_232">
<pin_list>
<pin id="233" dir="0" index="0" bw="6" slack="0"/>
<pin id="234" dir="0" index="1" bw="16" slack="2147483647"/>
<pin id="235" dir="0" index="2" bw="0" slack="2147483647"/>
<pin id="236" dir="1" index="3" bw="16" slack="0"/>
</pin_list>
<bind>
<opcode="load(27) " fcode="load"/>
<opset="x_localbuff_V_load/6 "/>
</bind>
</comp>

<comp id="238" class="1005" name="j_reg_238">
<pin_list>
<pin id="239" dir="0" index="0" bw="7" slack="1"/>
<pin id="240" dir="1" index="1" bw="7" slack="1"/>
</pin_list>
<bind>
<opset="j (phireg) "/>
</bind>
</comp>

<comp id="242" class="1004" name="j_phi_fu_242">
<pin_list>
<pin id="243" dir="0" index="0" bw="1" slack="1"/>
<pin id="244" dir="0" index="1" bw="0" slack="2147483647"/>
<pin id="245" dir="0" index="2" bw="7" slack="0"/>
<pin id="246" dir="0" index="3" bw="0" slack="2147483647"/>
<pin id="247" dir="1" index="4" bw="7" slack="0"/>
</pin_list>
<bind>
<opcode="phi(47) " fcode="phi"/>
<opset="j/6 "/>
</bind>
</comp>

<comp id="249" class="1005" name="acc_V_3_reg_249">
<pin_list>
<pin id="250" dir="0" index="0" bw="38" slack="1"/>
<pin id="251" dir="1" index="1" bw="38" slack="1"/>
</pin_list>
<bind>
<opset="acc_V_3 (phireg) "/>
</bind>
</comp>

<comp id="253" class="1004" name="acc_V_3_phi_fu_253">
<pin_list>
<pin id="254" dir="0" index="0" bw="1" slack="1"/>
<pin id="255" dir="0" index="1" bw="0" slack="2147483647"/>
<pin id="256" dir="0" index="2" bw="38" slack="1"/>
<pin id="257" dir="0" index="3" bw="0" slack="2147483647"/>
<pin id="258" dir="1" index="4" bw="38" slack="0"/>
</pin_list>
<bind>
<opcode="phi(47) " fcode="phi"/>
<opset="acc_V_3/6 "/>
</bind>
</comp>

<comp id="261" class="1004" name="grp_matVecMul_Pipeline_sample_loop_fu_261">
<pin_list>
<pin id="262" dir="0" index="0" bw="0" slack="0"/>
<pin id="263" dir="0" index="1" bw="32" slack="1"/>
<pin id="264" dir="0" index="2" bw="32" slack="0"/>
<pin id="265" dir="0" index="3" bw="4" slack="0"/>
<pin id="266" dir="0" index="4" bw="4" slack="0"/>
<pin id="267" dir="0" index="5" bw="1" slack="0"/>
<pin id="268" dir="0" index="6" bw="1" slack="0"/>
<pin id="269" dir="0" index="7" bw="1" slack="0"/>
<pin id="270" dir="0" index="8" bw="1" slack="0"/>
<pin id="271" dir="0" index="9" bw="16" slack="0"/>
<pin id="272" dir="1" index="10" bw="0" slack="2147483647"/>
</pin_list>
<bind>
<opcode="call(48) " fcode="call"/>
<opset="call_ln4/2 "/>
</bind>
</comp>

<comp id="282" class="1004" name="store_ln34_store_fu_282">
<pin_list>
<pin id="283" dir="0" index="0" bw="1" slack="0"/>
<pin id="284" dir="0" index="1" bw="32" slack="0"/>
<pin id="285" dir="1" index="2" bw="0" slack="2147483647"/>
</pin_list>
<bind>
<opcode="store(28) " fcode="store"/>
<opset="store_ln34/1 "/>
</bind>
</comp>

<comp id="287" class="1004" name="sub_fu_287">
<pin_list>
<pin id="288" dir="0" index="0" bw="32" slack="3"/>
<pin id="289" dir="0" index="1" bw="1" slack="0"/>
<pin id="290" dir="1" index="2" bw="32" slack="2"/>
</pin_list>
<bind>
<opcode="add(8) " fcode="add"/>
<opset="sub/4 "/>
</bind>
</comp>

<comp id="292" class="1004" name="i_load_fu_292">
<pin_list>
<pin id="293" dir="0" index="0" bw="32" slack="4"/>
<pin id="294" dir="1" index="1" bw="32" slack="0"/>
</pin_list>
<bind>
<opcode="load(27) " fcode="load"/>
<opset="i/5 "/>
</bind>
</comp>

<comp id="295" class="1004" name="icmp_ln34_fu_295">
<pin_list>
<pin id="296" dir="0" index="0" bw="32" slack="0"/>
<pin id="297" dir="0" index="1" bw="32" slack="4"/>
<pin id="298" dir="1" index="2" bw="1" slack="2147483647"/>
</pin_list>
<bind>
<opcode="icmp(45) " fcode="icmp"/>
<opset="icmp_ln34/5 "/>
</bind>
</comp>

<comp id="300" class="1004" name="add_ln34_fu_300">
<pin_list>
<pin id="301" dir="0" index="0" bw="32" slack="0"/>
<pin id="302" dir="0" index="1" bw="1" slack="0"/>
<pin id="303" dir="1" index="2" bw="32" slack="1"/>
</pin_list>
<bind>
<opcode="add(8) " fcode="add"/>
<opset="add_ln34/5 "/>
</bind>
</comp>

<comp id="306" class="1004" name="trunc_ln1169_fu_306">
<pin_list>
<pin id="307" dir="0" index="0" bw="32" slack="0"/>
<pin id="308" dir="1" index="1" bw="6" slack="0"/>
</pin_list>
<bind>
<opcode="trunc(33) " fcode="trunc"/>
<opset="trunc_ln1169/5 "/>
</bind>
</comp>

<comp id="310" class="1004" name="shl_ln_fu_310">
<pin_list>
<pin id="311" dir="0" index="0" bw="13" slack="0"/>
<pin id="312" dir="0" index="1" bw="6" slack="0"/>
<pin id="313" dir="0" index="2" bw="1" slack="0"/>
<pin id="314" dir="1" index="3" bw="13" slack="1"/>
</pin_list>
<bind>
<opcode="bitconcatenate(1004) " fcode="bitconcatenate"/>
<opset="shl_ln/5 "/>
</bind>
</comp>

<comp id="318" class="1004" name="zext_ln39_fu_318">
<pin_list>
<pin id="319" dir="0" index="0" bw="7" slack="0"/>
<pin id="320" dir="1" index="1" bw="32" slack="0"/>
</pin_list>
<bind>
<opcode="zext(34) " fcode="zext"/>
<opset="zext_ln39/6 "/>
</bind>
</comp>

<comp id="322" class="1004" name="zext_ln39_1_fu_322">
<pin_list>
<pin id="323" dir="0" index="0" bw="7" slack="0"/>
<pin id="324" dir="1" index="1" bw="64" slack="0"/>
</pin_list>
<bind>
<opcode="zext(34) " fcode="zext"/>
<opset="zext_ln39_1/6 "/>
</bind>
</comp>

<comp id="327" class="1004" name="icmp_ln39_fu_327">
<pin_list>
<pin id="328" dir="0" index="0" bw="7" slack="0"/>
<pin id="329" dir="0" index="1" bw="32" slack="5"/>
<pin id="330" dir="1" index="2" bw="1" slack="2147483647"/>
</pin_list>
<bind>
<opcode="icmp(45) " fcode="icmp"/>
<opset="icmp_ln39/6 "/>
</bind>
</comp>

<comp id="332" class="1004" name="add_ln39_fu_332">
<pin_list>
<pin id="333" dir="0" index="0" bw="7" slack="0"/>
<pin id="334" dir="0" index="1" bw="1" slack="0"/>
<pin id="335" dir="1" index="2" bw="7" slack="0"/>
</pin_list>
<bind>
<opcode="add(8) " fcode="add"/>
<opset="add_ln39/6 "/>
</bind>
</comp>

<comp id="338" class="1004" name="shl_ln1169_1_fu_338">
<pin_list>
<pin id="339" dir="0" index="0" bw="8" slack="0"/>
<pin id="340" dir="0" index="1" bw="7" slack="0"/>
<pin id="341" dir="0" index="2" bw="1" slack="0"/>
<pin id="342" dir="1" index="3" bw="8" slack="0"/>
</pin_list>
<bind>
<opcode="bitconcatenate(1004) " fcode="bitconcatenate"/>
<opset="shl_ln1169_1/6 "/>
</bind>
</comp>

<comp id="346" class="1004" name="zext_ln1169_fu_346">
<pin_list>
<pin id="347" dir="0" index="0" bw="8" slack="0"/>
<pin id="348" dir="1" index="1" bw="13" slack="0"/>
</pin_list>
<bind>
<opcode="zext(34) " fcode="zext"/>
<opset="zext_ln1169/6 "/>
</bind>
</comp>

<comp id="350" class="1004" name="add_ln1169_fu_350">
<pin_list>
<pin id="351" dir="0" index="0" bw="8" slack="0"/>
<pin id="352" dir="0" index="1" bw="13" slack="1"/>
<pin id="353" dir="1" index="2" bw="13" slack="0"/>
</pin_list>
<bind>
<opcode="add(8) " fcode="add"/>
<opset="add_ln1169/6 "/>
</bind>
</comp>

<comp id="355" class="1004" name="lshr_ln_fu_355">
<pin_list>
<pin id="356" dir="0" index="0" bw="6" slack="0"/>
<pin id="357" dir="0" index="1" bw="13" slack="0"/>
<pin id="358" dir="0" index="2" bw="4" slack="0"/>
<pin id="359" dir="0" index="3" bw="5" slack="0"/>
<pin id="360" dir="1" index="4" bw="6" slack="0"/>
</pin_list>
<bind>
<opcode="partselect(1002) " fcode="partselect"/>
<opset="lshr_ln/6 "/>
</bind>
</comp>

<comp id="365" class="1004" name="trunc_ln1169_1_fu_365">
<pin_list>
<pin id="366" dir="0" index="0" bw="7" slack="0"/>
<pin id="367" dir="1" index="1" bw="6" slack="0"/>
</pin_list>
<bind>
<opcode="trunc(33) " fcode="trunc"/>
<opset="trunc_ln1169_1/6 "/>
</bind>
</comp>

<comp id="369" class="1004" name="tmp_9_fu_369">
<pin_list>
<pin id="370" dir="0" index="0" bw="12" slack="0"/>
<pin id="371" dir="0" index="1" bw="6" slack="0"/>
<pin id="372" dir="0" index="2" bw="6" slack="0"/>
<pin id="373" dir="1" index="3" bw="12" slack="0"/>
</pin_list>
<bind>
<opcode="bitconcatenate(1004) " fcode="bitconcatenate"/>
<opset="tmp_9/6 "/>
</bind>
</comp>

<comp id="377" class="1004" name="zext_ln1169_1_fu_377">
<pin_list>
<pin id="378" dir="0" index="0" bw="12" slack="0"/>
<pin id="379" dir="1" index="1" bw="64" slack="0"/>
</pin_list>
<bind>
<opcode="zext(34) " fcode="zext"/>
<opset="zext_ln1169_1/6 "/>
</bind>
</comp>

<comp id="382" class="1004" name="p_Result_2_fu_382">
<pin_list>
<pin id="383" dir="0" index="0" bw="1" slack="0"/>
<pin id="384" dir="0" index="1" bw="38" slack="0"/>
<pin id="385" dir="0" index="2" bw="7" slack="0"/>
<pin id="386" dir="1" index="3" bw="1" slack="0"/>
</pin_list>
<bind>
<opcode="bitselect(1000) " fcode="bitselect"/>
<opset="p_Result_2/6 "/>
</bind>
</comp>

<comp id="390" class="1004" name="p_Val2_s_fu_390">
<pin_list>
<pin id="391" dir="0" index="0" bw="16" slack="0"/>
<pin id="392" dir="0" index="1" bw="38" slack="0"/>
<pin id="393" dir="0" index="2" bw="5" slack="0"/>
<pin id="394" dir="0" index="3" bw="6" slack="0"/>
<pin id="395" dir="1" index="4" bw="16" slack="0"/>
</pin_list>
<bind>
<opcode="partselect(1002) " fcode="partselect"/>
<opset="p_Val2_s/6 "/>
</bind>
</comp>

<comp id="400" class="1004" name="p_Result_3_fu_400">
<pin_list>
<pin id="401" dir="0" index="0" bw="1" slack="0"/>
<pin id="402" dir="0" index="1" bw="38" slack="0"/>
<pin id="403" dir="0" index="2" bw="6" slack="0"/>
<pin id="404" dir="1" index="3" bw="1" slack="0"/>
</pin_list>
<bind>
<opcode="bitselect(1000) " fcode="bitselect"/>
<opset="p_Result_3/6 "/>
</bind>
</comp>

<comp id="408" class="1004" name="tmp_fu_408">
<pin_list>
<pin id="409" dir="0" index="0" bw="1" slack="0"/>
<pin id="410" dir="0" index="1" bw="38" slack="0"/>
<pin id="411" dir="0" index="2" bw="4" slack="0"/>
<pin id="412" dir="1" index="3" bw="1" slack="0"/>
</pin_list>
<bind>
<opcode="bitselect(1000) " fcode="bitselect"/>
<opset="tmp/6 "/>
</bind>
</comp>

<comp id="416" class="1004" name="zext_ln415_fu_416">
<pin_list>
<pin id="417" dir="0" index="0" bw="1" slack="0"/>
<pin id="418" dir="1" index="1" bw="16" slack="0"/>
</pin_list>
<bind>
<opcode="zext(34) " fcode="zext"/>
<opset="zext_ln415/6 "/>
</bind>
</comp>

<comp id="420" class="1004" name="p_Val2_1_fu_420">
<pin_list>
<pin id="421" dir="0" index="0" bw="1" slack="0"/>
<pin id="422" dir="0" index="1" bw="16" slack="0"/>
<pin id="423" dir="1" index="2" bw="16" slack="0"/>
</pin_list>
<bind>
<opcode="add(8) " fcode="add"/>
<opset="p_Val2_1/6 "/>
</bind>
</comp>

<comp id="426" class="1004" name="p_Result_4_fu_426">
<pin_list>
<pin id="427" dir="0" index="0" bw="1" slack="0"/>
<pin id="428" dir="0" index="1" bw="16" slack="0"/>
<pin id="429" dir="0" index="2" bw="5" slack="0"/>
<pin id="430" dir="1" index="3" bw="1" slack="0"/>
</pin_list>
<bind>
<opcode="bitselect(1000) " fcode="bitselect"/>
<opset="p_Result_4/6 "/>
</bind>
</comp>

<comp id="434" class="1004" name="xor_ln416_fu_434">
<pin_list>
<pin id="435" dir="0" index="0" bw="1" slack="0"/>
<pin id="436" dir="0" index="1" bw="1" slack="0"/>
<pin id="437" dir="1" index="2" bw="1" slack="0"/>
</pin_list>
<bind>
<opcode="xor(25) " fcode="xor"/>
<opset="xor_ln416/6 "/>
</bind>
</comp>

<comp id="440" class="1004" name="carry_1_fu_440">
<pin_list>
<pin id="441" dir="0" index="0" bw="1" slack="0"/>
<pin id="442" dir="0" index="1" bw="1" slack="0"/>
<pin id="443" dir="1" index="2" bw="1" slack="0"/>
</pin_list>
<bind>
<opcode="and(23) " fcode="and"/>
<opset="carry_1/6 "/>
</bind>
</comp>

<comp id="446" class="1004" name="p_Result_7_fu_446">
<pin_list>
<pin id="447" dir="0" index="0" bw="13" slack="0"/>
<pin id="448" dir="0" index="1" bw="38" slack="0"/>
<pin id="449" dir="0" index="2" bw="6" slack="0"/>
<pin id="450" dir="0" index="3" bw="7" slack="0"/>
<pin id="451" dir="1" index="4" bw="13" slack="0"/>
</pin_list>
<bind>
<opcode="partselect(1002) " fcode="partselect"/>
<opset="p_Result_7/6 "/>
</bind>
</comp>

<comp id="456" class="1004" name="Range2_all_ones_fu_456">
<pin_list>
<pin id="457" dir="0" index="0" bw="13" slack="0"/>
<pin id="458" dir="0" index="1" bw="1" slack="0"/>
<pin id="459" dir="1" index="2" bw="1" slack="0"/>
</pin_list>
<bind>
<opcode="icmp(45) " fcode="icmp"/>
<opset="Range2_all_ones/6 "/>
</bind>
</comp>

<comp id="462" class="1004" name="p_Result_8_fu_462">
<pin_list>
<pin id="463" dir="0" index="0" bw="14" slack="0"/>
<pin id="464" dir="0" index="1" bw="38" slack="0"/>
<pin id="465" dir="0" index="2" bw="6" slack="0"/>
<pin id="466" dir="0" index="3" bw="7" slack="0"/>
<pin id="467" dir="1" index="4" bw="14" slack="0"/>
</pin_list>
<bind>
<opcode="partselect(1002) " fcode="partselect"/>
<opset="p_Result_8/6 "/>
</bind>
</comp>

<comp id="472" class="1004" name="Range1_all_ones_fu_472">
<pin_list>
<pin id="473" dir="0" index="0" bw="14" slack="0"/>
<pin id="474" dir="0" index="1" bw="1" slack="0"/>
<pin id="475" dir="1" index="2" bw="1" slack="0"/>
</pin_list>
<bind>
<opcode="icmp(45) " fcode="icmp"/>
<opset="Range1_all_ones/6 "/>
</bind>
</comp>

<comp id="478" class="1004" name="Range1_all_zeros_fu_478">
<pin_list>
<pin id="479" dir="0" index="0" bw="14" slack="0"/>
<pin id="480" dir="0" index="1" bw="1" slack="0"/>
<pin id="481" dir="1" index="2" bw="1" slack="0"/>
</pin_list>
<bind>
<opcode="icmp(45) " fcode="icmp"/>
<opset="Range1_all_zeros/6 "/>
</bind>
</comp>

<comp id="484" class="1004" name="deleted_zeros_fu_484">
<pin_list>
<pin id="485" dir="0" index="0" bw="1" slack="0"/>
<pin id="486" dir="0" index="1" bw="1" slack="0"/>
<pin id="487" dir="0" index="2" bw="1" slack="0"/>
<pin id="488" dir="1" index="3" bw="1" slack="0"/>
</pin_list>
<bind>
<opcode="select(49) " fcode="select"/>
<opset="deleted_zeros/6 "/>
</bind>
</comp>

<comp id="492" class="1004" name="tmp_2_fu_492">
<pin_list>
<pin id="493" dir="0" index="0" bw="1" slack="0"/>
<pin id="494" dir="0" index="1" bw="38" slack="0"/>
<pin id="495" dir="0" index="2" bw="6" slack="0"/>
<pin id="496" dir="1" index="3" bw="1" slack="0"/>
</pin_list>
<bind>
<opcode="bitselect(1000) " fcode="bitselect"/>
<opset="tmp_2/6 "/>
</bind>
</comp>

<comp id="500" class="1004" name="xor_ln789_fu_500">
<pin_list>
<pin id="501" dir="0" index="0" bw="1" slack="0"/>
<pin id="502" dir="0" index="1" bw="1" slack="0"/>
<pin id="503" dir="1" index="2" bw="1" slack="0"/>
</pin_list>
<bind>
<opcode="xor(25) " fcode="xor"/>
<opset="xor_ln789/6 "/>
</bind>
</comp>

<comp id="506" class="1004" name="and_ln789_fu_506">
<pin_list>
<pin id="507" dir="0" index="0" bw="1" slack="0"/>
<pin id="508" dir="0" index="1" bw="1" slack="0"/>
<pin id="509" dir="1" index="2" bw="1" slack="0"/>
</pin_list>
<bind>
<opcode="and(23) " fcode="and"/>
<opset="and_ln789/6 "/>
</bind>
</comp>

<comp id="512" class="1004" name="deleted_ones_fu_512">
<pin_list>
<pin id="513" dir="0" index="0" bw="1" slack="0"/>
<pin id="514" dir="0" index="1" bw="1" slack="0"/>
<pin id="515" dir="0" index="2" bw="1" slack="0"/>
<pin id="516" dir="1" index="3" bw="1" slack="0"/>
</pin_list>
<bind>
<opcode="select(49) " fcode="select"/>
<opset="deleted_ones/6 "/>
</bind>
</comp>

<comp id="520" class="1004" name="and_ln790_fu_520">
<pin_list>
<pin id="521" dir="0" index="0" bw="1" slack="0"/>
<pin id="522" dir="0" index="1" bw="1" slack="0"/>
<pin id="523" dir="1" index="2" bw="1" slack="0"/>
</pin_list>
<bind>
<opcode="and(23) " fcode="and"/>
<opset="and_ln790/6 "/>
</bind>
</comp>

<comp id="526" class="1004" name="xor_ln794_1_fu_526">
<pin_list>
<pin id="527" dir="0" index="0" bw="1" slack="0"/>
<pin id="528" dir="0" index="1" bw="1" slack="0"/>
<pin id="529" dir="1" index="2" bw="1" slack="0"/>
</pin_list>
<bind>
<opcode="xor(25) " fcode="xor"/>
<opset="xor_ln794_1/6 "/>
</bind>
</comp>

<comp id="532" class="1004" name="or_ln794_fu_532">
<pin_list>
<pin id="533" dir="0" index="0" bw="1" slack="0"/>
<pin id="534" dir="0" index="1" bw="1" slack="0"/>
<pin id="535" dir="1" index="2" bw="1" slack="0"/>
</pin_list>
<bind>
<opcode="or(24) " fcode="or"/>
<opset="or_ln794/6 "/>
</bind>
</comp>

<comp id="538" class="1004" name="xor_ln794_2_fu_538">
<pin_list>
<pin id="539" dir="0" index="0" bw="1" slack="0"/>
<pin id="540" dir="0" index="1" bw="1" slack="0"/>
<pin id="541" dir="1" index="2" bw="1" slack="0"/>
</pin_list>
<bind>
<opcode="xor(25) " fcode="xor"/>
<opset="xor_ln794_2/6 "/>
</bind>
</comp>

<comp id="544" class="1004" name="overflow_1_fu_544">
<pin_list>
<pin id="545" dir="0" index="0" bw="1" slack="0"/>
<pin id="546" dir="0" index="1" bw="1" slack="0"/>
<pin id="547" dir="1" index="2" bw="1" slack="0"/>
</pin_list>
<bind>
<opcode="and(23) " fcode="and"/>
<opset="overflow_1/6 "/>
</bind>
</comp>

<comp id="550" class="1004" name="and_ln795_fu_550">
<pin_list>
<pin id="551" dir="0" index="0" bw="1" slack="0"/>
<pin id="552" dir="0" index="1" bw="1" slack="0"/>
<pin id="553" dir="1" index="2" bw="1" slack="0"/>
</pin_list>
<bind>
<opcode="and(23) " fcode="and"/>
<opset="and_ln795/6 "/>
</bind>
</comp>

<comp id="556" class="1004" name="or_ln795_fu_556">
<pin_list>
<pin id="557" dir="0" index="0" bw="1" slack="0"/>
<pin id="558" dir="0" index="1" bw="1" slack="0"/>
<pin id="559" dir="1" index="2" bw="1" slack="0"/>
</pin_list>
<bind>
<opcode="or(24) " fcode="or"/>
<opset="or_ln795/6 "/>
</bind>
</comp>

<comp id="562" class="1004" name="xor_ln795_fu_562">
<pin_list>
<pin id="563" dir="0" index="0" bw="1" slack="0"/>
<pin id="564" dir="0" index="1" bw="1" slack="0"/>
<pin id="565" dir="1" index="2" bw="1" slack="0"/>
</pin_list>
<bind>
<opcode="xor(25) " fcode="xor"/>
<opset="xor_ln795/6 "/>
</bind>
</comp>

<comp id="568" class="1004" name="underflow_fu_568">
<pin_list>
<pin id="569" dir="0" index="0" bw="1" slack="0"/>
<pin id="570" dir="0" index="1" bw="1" slack="0"/>
<pin id="571" dir="1" index="2" bw="1" slack="0"/>
</pin_list>
<bind>
<opcode="and(23) " fcode="and"/>
<opset="underflow/6 "/>
</bind>
</comp>

<comp id="574" class="1004" name="select_ln384_1_fu_574">
<pin_list>
<pin id="575" dir="0" index="0" bw="1" slack="0"/>
<pin id="576" dir="0" index="1" bw="16" slack="0"/>
<pin id="577" dir="0" index="2" bw="16" slack="0"/>
<pin id="578" dir="1" index="3" bw="16" slack="0"/>
</pin_list>
<bind>
<opcode="select(49) " fcode="select"/>
<opset="select_ln384_1/6 "/>
</bind>
</comp>

<comp id="582" class="1004" name="or_ln384_fu_582">
<pin_list>
<pin id="583" dir="0" index="0" bw="1" slack="0"/>
<pin id="584" dir="0" index="1" bw="1" slack="0"/>
<pin id="585" dir="1" index="2" bw="1" slack="0"/>
</pin_list>
<bind>
<opcode="or(24) " fcode="or"/>
<opset="or_ln384/6 "/>
</bind>
</comp>

<comp id="588" class="1004" name="val_V_fu_588">
<pin_list>
<pin id="589" dir="0" index="0" bw="1" slack="0"/>
<pin id="590" dir="0" index="1" bw="16" slack="0"/>
<pin id="591" dir="0" index="2" bw="16" slack="0"/>
<pin id="592" dir="1" index="3" bw="16" slack="0"/>
</pin_list>
<bind>
<opcode="select(49) " fcode="select"/>
<opset="val_V/6 "/>
</bind>
</comp>

<comp id="596" class="1004" name="zext_ln414_fu_596">
<pin_list>
<pin id="597" dir="0" index="0" bw="16" slack="0"/>
<pin id="598" dir="1" index="1" bw="32" slack="0"/>
</pin_list>
<bind>
<opcode="zext(34) " fcode="zext"/>
<opset="zext_ln414/6 "/>
</bind>
</comp>

<comp id="601" class="1004" name="out_pkt_last_V_fu_601">
<pin_list>
<pin id="602" dir="0" index="0" bw="32" slack="2147483647"/>
<pin id="603" dir="0" index="1" bw="32" slack="2"/>
<pin id="604" dir="1" index="2" bw="1" slack="0"/>
</pin_list>
<bind>
<opcode="icmp(45) " fcode="icmp"/>
<opset="out_pkt_last_V/6 "/>
</bind>
</comp>

<comp id="606" class="1004" name="store_ln34_store_fu_606">
<pin_list>
<pin id="607" dir="0" index="0" bw="32" slack="1"/>
<pin id="608" dir="0" index="1" bw="32" slack="5"/>
<pin id="609" dir="1" index="2" bw="0" slack="2147483647"/>
</pin_list>
<bind>
<opcode="store(28) " fcode="store"/>
<opset="store_ln34/6 "/>
</bind>
</comp>

<comp id="610" class="1004" name="sext_ln1169_fu_610">
<pin_list>
<pin id="611" dir="0" index="0" bw="16" slack="0"/>
<pin id="612" dir="1" index="1" bw="32" slack="0"/>
</pin_list>
<bind>
<opcode="sext(35) " fcode="sext"/>
<opset="sext_ln1169/7 "/>
</bind>
</comp>

<comp id="614" class="1004" name="sext_ln1171_fu_614">
<pin_list>
<pin id="615" dir="0" index="0" bw="16" slack="0"/>
<pin id="616" dir="1" index="1" bw="32" slack="0"/>
</pin_list>
<bind>
<opcode="sext(35) " fcode="sext"/>
<opset="sext_ln1171/7 "/>
</bind>
</comp>

<comp id="618" class="1004" name="sext_ln712_fu_618">
<pin_list>
<pin id="619" dir="0" index="0" bw="38" slack="4"/>
<pin id="620" dir="1" index="1" bw="39" slack="0"/>
</pin_list>
<bind>
<opcode="sext(35) " fcode="sext"/>
<opset="sext_ln712/10 "/>
</bind>
</comp>

<comp id="622" class="1004" name="sext_ln712_1_fu_622">
<pin_list>
<pin id="623" dir="0" index="0" bw="32" slack="0"/>
<pin id="624" dir="1" index="1" bw="39" slack="0"/>
</pin_list>
<bind>
<opcode="sext(35) " fcode="sext"/>
<opset="sext_ln712_1/10 "/>
</bind>
</comp>

<comp id="625" class="1004" name="sext_ln1245_fu_625">
<pin_list>
<pin id="626" dir="0" index="0" bw="32" slack="0"/>
<pin id="627" dir="1" index="1" bw="38" slack="0"/>
</pin_list>
<bind>
<opcode="sext(35) " fcode="sext"/>
<opset="sext_ln1245/10 "/>
</bind>
</comp>

<comp id="628" class="1004" name="ret_V_fu_628">
<pin_list>
<pin id="629" dir="0" index="0" bw="38" slack="0"/>
<pin id="630" dir="0" index="1" bw="32" slack="0"/>
<pin id="631" dir="1" index="2" bw="39" slack="0"/>
</pin_list>
<bind>
<opcode="add(8) " fcode="add"/>
<opset="ret_V/10 "/>
</bind>
</comp>

<comp id="634" class="1004" name="p_Result_s_fu_634">
<pin_list>
<pin id="635" dir="0" index="0" bw="1" slack="0"/>
<pin id="636" dir="0" index="1" bw="39" slack="0"/>
<pin id="637" dir="0" index="2" bw="7" slack="0"/>
<pin id="638" dir="1" index="3" bw="1" slack="0"/>
</pin_list>
<bind>
<opcode="bitselect(1000) " fcode="bitselect"/>
<opset="p_Result_s/10 "/>
</bind>
</comp>

<comp id="642" class="1004" name="acc_V_4_fu_642">
<pin_list>
<pin id="643" dir="0" index="0" bw="38" slack="4"/>
<pin id="644" dir="0" index="1" bw="32" slack="0"/>
<pin id="645" dir="1" index="2" bw="38" slack="0"/>
</pin_list>
<bind>
<opcode="add(8) " fcode="add"/>
<opset="acc_V_4/10 "/>
</bind>
</comp>

<comp id="648" class="1004" name="p_Result_1_fu_648">
<pin_list>
<pin id="649" dir="0" index="0" bw="1" slack="0"/>
<pin id="650" dir="0" index="1" bw="38" slack="0"/>
<pin id="651" dir="0" index="2" bw="7" slack="0"/>
<pin id="652" dir="1" index="3" bw="1" slack="0"/>
</pin_list>
<bind>
<opcode="bitselect(1000) " fcode="bitselect"/>
<opset="p_Result_1/10 "/>
</bind>
</comp>

<comp id="656" class="1004" name="xor_ln794_fu_656">
<pin_list>
<pin id="657" dir="0" index="0" bw="1" slack="0"/>
<pin id="658" dir="0" index="1" bw="1" slack="0"/>
<pin id="659" dir="1" index="2" bw="1" slack="0"/>
</pin_list>
<bind>
<opcode="xor(25) " fcode="xor"/>
<opset="xor_ln794/10 "/>
</bind>
</comp>

<comp id="662" class="1004" name="overflow_fu_662">
<pin_list>
<pin id="663" dir="0" index="0" bw="1" slack="0"/>
<pin id="664" dir="0" index="1" bw="1" slack="0"/>
<pin id="665" dir="1" index="2" bw="1" slack="0"/>
</pin_list>
<bind>
<opcode="and(23) " fcode="and"/>
<opset="overflow/10 "/>
</bind>
</comp>

<comp id="668" class="1004" name="xor_ln340_fu_668">
<pin_list>
<pin id="669" dir="0" index="0" bw="1" slack="0"/>
<pin id="670" dir="0" index="1" bw="1" slack="0"/>
<pin id="671" dir="1" index="2" bw="1" slack="0"/>
</pin_list>
<bind>
<opcode="xor(25) " fcode="xor"/>
<opset="xor_ln340/10 "/>
</bind>
</comp>

<comp id="674" class="1004" name="select_ln384_fu_674">
<pin_list>
<pin id="675" dir="0" index="0" bw="1" slack="0"/>
<pin id="676" dir="0" index="1" bw="38" slack="0"/>
<pin id="677" dir="0" index="2" bw="38" slack="0"/>
<pin id="678" dir="1" index="3" bw="38" slack="0"/>
</pin_list>
<bind>
<opcode="select(49) " fcode="select"/>
<opset="select_ln384/10 "/>
</bind>
</comp>

<comp id="682" class="1004" name="acc_V_fu_682">
<pin_list>
<pin id="683" dir="0" index="0" bw="1" slack="0"/>
<pin id="684" dir="0" index="1" bw="38" slack="0"/>
<pin id="685" dir="0" index="2" bw="38" slack="0"/>
<pin id="686" dir="1" index="3" bw="38" slack="1"/>
</pin_list>
<bind>
<opcode="select(49) " fcode="select"/>
<opset="acc_V/10 "/>
</bind>
</comp>

<comp id="690" class="1007" name="grp_fu_690">
<pin_list>
<pin id="691" dir="0" index="0" bw="16" slack="0"/>
<pin id="692" dir="0" index="1" bw="16" slack="0"/>
<pin id="693" dir="1" index="2" bw="32" slack="0"/>
</pin_list>
<bind>
<opcode="mul(12) " fcode="mul"/>
<opset="r_V_2/7 "/>
</bind>
</comp>

<comp id="698" class="1005" name="i_1_reg_698">
<pin_list>
<pin id="699" dir="0" index="0" bw="32" slack="0"/>
<pin id="700" dir="1" index="1" bw="32" slack="0"/>
</pin_list>
<bind>
<opset="i_1 "/>
</bind>
</comp>

<comp id="705" class="1005" name="col_size_read_reg_705">
<pin_list>
<pin id="706" dir="0" index="0" bw="32" slack="1"/>
<pin id="707" dir="1" index="1" bw="32" slack="1"/>
</pin_list>
<bind>
<opset="col_size_read "/>
</bind>
</comp>

<comp id="711" class="1005" name="row_size_read_reg_711">
<pin_list>
<pin id="712" dir="0" index="0" bw="32" slack="3"/>
<pin id="713" dir="1" index="1" bw="32" slack="3"/>
</pin_list>
<bind>
<opset="row_size_read "/>
</bind>
</comp>

<comp id="717" class="1005" name="sub_reg_717">
<pin_list>
<pin id="718" dir="0" index="0" bw="32" slack="2"/>
<pin id="719" dir="1" index="1" bw="32" slack="2"/>
</pin_list>
<bind>
<opset="sub "/>
</bind>
</comp>

<comp id="728" class="1005" name="add_ln34_reg_728">
<pin_list>
<pin id="729" dir="0" index="0" bw="32" slack="1"/>
<pin id="730" dir="1" index="1" bw="32" slack="1"/>
</pin_list>
<bind>
<opset="add_ln34 "/>
</bind>
</comp>

<comp id="733" class="1005" name="shl_ln_reg_733">
<pin_list>
<pin id="734" dir="0" index="0" bw="13" slack="1"/>
<pin id="735" dir="1" index="1" bw="13" slack="1"/>
</pin_list>
<bind>
<opset="shl_ln "/>
</bind>
</comp>

<comp id="741" class="1005" name="add_ln39_reg_741">
<pin_list>
<pin id="742" dir="0" index="0" bw="7" slack="0"/>
<pin id="743" dir="1" index="1" bw="7" slack="0"/>
</pin_list>
<bind>
<opset="add_ln39 "/>
</bind>
</comp>

<comp id="746" class="1005" name="A_addr_reg_746">
<pin_list>
<pin id="747" dir="0" index="0" bw="12" slack="1"/>
<pin id="748" dir="1" index="1" bw="12" slack="1"/>
</pin_list>
<bind>
<opset="A_addr "/>
</bind>
</comp>

<comp id="751" class="1005" name="x_localbuff_V_addr_reg_751">
<pin_list>
<pin id="752" dir="0" index="0" bw="6" slack="1"/>
<pin id="753" dir="1" index="1" bw="6" slack="1"/>
</pin_list>
<bind>
<opset="x_localbuff_V_addr "/>
</bind>
</comp>

<comp id="756" class="1005" name="zext_ln414_reg_756">
<pin_list>
<pin id="757" dir="0" index="0" bw="32" slack="1"/>
<pin id="758" dir="1" index="1" bw="32" slack="1"/>
</pin_list>
<bind>
<opset="zext_ln414 "/>
</bind>
</comp>

<comp id="761" class="1005" name="out_pkt_last_V_reg_761">
<pin_list>
<pin id="762" dir="0" index="0" bw="1" slack="1"/>
<pin id="763" dir="1" index="1" bw="1" slack="1"/>
</pin_list>
<bind>
<opset="out_pkt_last_V "/>
</bind>
</comp>

<comp id="766" class="1005" name="sext_ln1169_reg_766">
<pin_list>
<pin id="767" dir="0" index="0" bw="32" slack="1"/>
<pin id="768" dir="1" index="1" bw="32" slack="1"/>
</pin_list>
<bind>
<opset="sext_ln1169 "/>
</bind>
</comp>

<comp id="771" class="1005" name="sext_ln1171_reg_771">
<pin_list>
<pin id="772" dir="0" index="0" bw="32" slack="1"/>
<pin id="773" dir="1" index="1" bw="32" slack="1"/>
</pin_list>
<bind>
<opset="sext_ln1171 "/>
</bind>
</comp>

<comp id="776" class="1005" name="acc_V_reg_776">
<pin_list>
<pin id="777" dir="0" index="0" bw="38" slack="1"/>
<pin id="778" dir="1" index="1" bw="38" slack="1"/>
</pin_list>
<bind>
<opset="acc_V "/>
</bind>
</comp>

</comp_list>

<net_list>
<net id="169"><net_src comp="36" pin="0"/><net_sink comp="166" pin=0"/></net>

<net id="174"><net_src comp="38" pin="0"/><net_sink comp="170" pin=0"/></net>

<net id="175"><net_src comp="32" pin="0"/><net_sink comp="170" pin=1"/></net>

<net id="180"><net_src comp="38" pin="0"/><net_sink comp="176" pin=0"/></net>

<net id="181"><net_src comp="30" pin="0"/><net_sink comp="176" pin=1"/></net>

<net id="199"><net_src comp="152" pin="0"/><net_sink comp="182" pin=0"/></net>

<net id="200"><net_src comp="16" pin="0"/><net_sink comp="182" pin=1"/></net>

<net id="201"><net_src comp="18" pin="0"/><net_sink comp="182" pin=2"/></net>

<net id="202"><net_src comp="20" pin="0"/><net_sink comp="182" pin=3"/></net>

<net id="203"><net_src comp="22" pin="0"/><net_sink comp="182" pin=4"/></net>

<net id="204"><net_src comp="24" pin="0"/><net_sink comp="182" pin=5"/></net>

<net id="205"><net_src comp="26" pin="0"/><net_sink comp="182" pin=6"/></net>

<net id="206"><net_src comp="28" pin="0"/><net_sink comp="182" pin=7"/></net>

<net id="207"><net_src comp="154" pin="0"/><net_sink comp="182" pin=9"/></net>

<net id="208"><net_src comp="154" pin="0"/><net_sink comp="182" pin=10"/></net>

<net id="209"><net_src comp="106" pin="0"/><net_sink comp="182" pin=11"/></net>

<net id="210"><net_src comp="106" pin="0"/><net_sink comp="182" pin=13"/></net>

<net id="211"><net_src comp="106" pin="0"/><net_sink comp="182" pin=14"/></net>

<net id="217"><net_src comp="0" pin="0"/><net_sink comp="212" pin=0"/></net>

<net id="218"><net_src comp="116" pin="0"/><net_sink comp="212" pin=1"/></net>

<net id="224"><net_src comp="212" pin="3"/><net_sink comp="219" pin=0"/></net>

<net id="230"><net_src comp="34" pin="0"/><net_sink comp="225" pin=0"/></net>

<net id="231"><net_src comp="116" pin="0"/><net_sink comp="225" pin=1"/></net>

<net id="237"><net_src comp="225" pin="3"/><net_sink comp="232" pin=0"/></net>

<net id="241"><net_src comp="98" pin="0"/><net_sink comp="238" pin=0"/></net>

<net id="248"><net_src comp="238" pin="1"/><net_sink comp="242" pin=0"/></net>

<net id="252"><net_src comp="100" pin="0"/><net_sink comp="249" pin=0"/></net>

<net id="259"><net_src comp="249" pin="1"/><net_sink comp="253" pin=0"/></net>

<net id="260"><net_src comp="253" pin="4"/><net_sink comp="249" pin=0"/></net>

<net id="273"><net_src comp="44" pin="0"/><net_sink comp="261" pin=0"/></net>

<net id="274"><net_src comp="2" pin="0"/><net_sink comp="261" pin=2"/></net>

<net id="275"><net_src comp="4" pin="0"/><net_sink comp="261" pin=3"/></net>

<net id="276"><net_src comp="6" pin="0"/><net_sink comp="261" pin=4"/></net>

<net id="277"><net_src comp="8" pin="0"/><net_sink comp="261" pin=5"/></net>

<net id="278"><net_src comp="10" pin="0"/><net_sink comp="261" pin=6"/></net>

<net id="279"><net_src comp="12" pin="0"/><net_sink comp="261" pin=7"/></net>

<net id="280"><net_src comp="14" pin="0"/><net_sink comp="261" pin=8"/></net>

<net id="281"><net_src comp="34" pin="0"/><net_sink comp="261" pin=9"/></net>

<net id="286"><net_src comp="40" pin="0"/><net_sink comp="282" pin=0"/></net>

<net id="291"><net_src comp="82" pin="0"/><net_sink comp="287" pin=1"/></net>

<net id="299"><net_src comp="292" pin="1"/><net_sink comp="295" pin=0"/></net>

<net id="304"><net_src comp="292" pin="1"/><net_sink comp="300" pin=0"/></net>

<net id="305"><net_src comp="36" pin="0"/><net_sink comp="300" pin=1"/></net>

<net id="309"><net_src comp="292" pin="1"/><net_sink comp="306" pin=0"/></net>

<net id="315"><net_src comp="96" pin="0"/><net_sink comp="310" pin=0"/></net>

<net id="316"><net_src comp="306" pin="1"/><net_sink comp="310" pin=1"/></net>

<net id="317"><net_src comp="98" pin="0"/><net_sink comp="310" pin=2"/></net>

<net id="321"><net_src comp="242" pin="4"/><net_sink comp="318" pin=0"/></net>

<net id="325"><net_src comp="242" pin="4"/><net_sink comp="322" pin=0"/></net>

<net id="326"><net_src comp="322" pin="1"/><net_sink comp="225" pin=2"/></net>

<net id="331"><net_src comp="318" pin="1"/><net_sink comp="327" pin=0"/></net>

<net id="336"><net_src comp="242" pin="4"/><net_sink comp="332" pin=0"/></net>

<net id="337"><net_src comp="102" pin="0"/><net_sink comp="332" pin=1"/></net>

<net id="343"><net_src comp="104" pin="0"/><net_sink comp="338" pin=0"/></net>

<net id="344"><net_src comp="242" pin="4"/><net_sink comp="338" pin=1"/></net>

<net id="345"><net_src comp="106" pin="0"/><net_sink comp="338" pin=2"/></net>

<net id="349"><net_src comp="338" pin="3"/><net_sink comp="346" pin=0"/></net>

<net id="354"><net_src comp="346" pin="1"/><net_sink comp="350" pin=0"/></net>

<net id="361"><net_src comp="108" pin="0"/><net_sink comp="355" pin=0"/></net>

<net id="362"><net_src comp="350" pin="2"/><net_sink comp="355" pin=1"/></net>

<net id="363"><net_src comp="110" pin="0"/><net_sink comp="355" pin=2"/></net>

<net id="364"><net_src comp="112" pin="0"/><net_sink comp="355" pin=3"/></net>

<net id="368"><net_src comp="242" pin="4"/><net_sink comp="365" pin=0"/></net>

<net id="374"><net_src comp="114" pin="0"/><net_sink comp="369" pin=0"/></net>

<net id="375"><net_src comp="355" pin="4"/><net_sink comp="369" pin=1"/></net>

<net id="376"><net_src comp="365" pin="1"/><net_sink comp="369" pin=2"/></net>

<net id="380"><net_src comp="369" pin="3"/><net_sink comp="377" pin=0"/></net>

<net id="381"><net_src comp="377" pin="1"/><net_sink comp="212" pin=2"/></net>

<net id="387"><net_src comp="118" pin="0"/><net_sink comp="382" pin=0"/></net>

<net id="388"><net_src comp="253" pin="4"/><net_sink comp="382" pin=1"/></net>

<net id="389"><net_src comp="120" pin="0"/><net_sink comp="382" pin=2"/></net>

<net id="396"><net_src comp="122" pin="0"/><net_sink comp="390" pin=0"/></net>

<net id="397"><net_src comp="253" pin="4"/><net_sink comp="390" pin=1"/></net>

<net id="398"><net_src comp="124" pin="0"/><net_sink comp="390" pin=2"/></net>

<net id="399"><net_src comp="126" pin="0"/><net_sink comp="390" pin=3"/></net>

<net id="405"><net_src comp="118" pin="0"/><net_sink comp="400" pin=0"/></net>

<net id="406"><net_src comp="253" pin="4"/><net_sink comp="400" pin=1"/></net>

<net id="407"><net_src comp="126" pin="0"/><net_sink comp="400" pin=2"/></net>

<net id="413"><net_src comp="118" pin="0"/><net_sink comp="408" pin=0"/></net>

<net id="414"><net_src comp="253" pin="4"/><net_sink comp="408" pin=1"/></net>

<net id="415"><net_src comp="110" pin="0"/><net_sink comp="408" pin=2"/></net>

<net id="419"><net_src comp="408" pin="3"/><net_sink comp="416" pin=0"/></net>

<net id="424"><net_src comp="416" pin="1"/><net_sink comp="420" pin=0"/></net>

<net id="425"><net_src comp="390" pin="4"/><net_sink comp="420" pin=1"/></net>

<net id="431"><net_src comp="128" pin="0"/><net_sink comp="426" pin=0"/></net>

<net id="432"><net_src comp="420" pin="2"/><net_sink comp="426" pin=1"/></net>

<net id="433"><net_src comp="130" pin="0"/><net_sink comp="426" pin=2"/></net>

<net id="438"><net_src comp="426" pin="3"/><net_sink comp="434" pin=0"/></net>

<net id="439"><net_src comp="132" pin="0"/><net_sink comp="434" pin=1"/></net>

<net id="444"><net_src comp="400" pin="3"/><net_sink comp="440" pin=0"/></net>

<net id="445"><net_src comp="434" pin="2"/><net_sink comp="440" pin=1"/></net>

<net id="452"><net_src comp="134" pin="0"/><net_sink comp="446" pin=0"/></net>

<net id="453"><net_src comp="253" pin="4"/><net_sink comp="446" pin=1"/></net>

<net id="454"><net_src comp="136" pin="0"/><net_sink comp="446" pin=2"/></net>

<net id="455"><net_src comp="120" pin="0"/><net_sink comp="446" pin=3"/></net>

<net id="460"><net_src comp="446" pin="4"/><net_sink comp="456" pin=0"/></net>

<net id="461"><net_src comp="138" pin="0"/><net_sink comp="456" pin=1"/></net>

<net id="468"><net_src comp="140" pin="0"/><net_sink comp="462" pin=0"/></net>

<net id="469"><net_src comp="253" pin="4"/><net_sink comp="462" pin=1"/></net>

<net id="470"><net_src comp="142" pin="0"/><net_sink comp="462" pin=2"/></net>

<net id="471"><net_src comp="120" pin="0"/><net_sink comp="462" pin=3"/></net>

<net id="476"><net_src comp="462" pin="4"/><net_sink comp="472" pin=0"/></net>

<net id="477"><net_src comp="144" pin="0"/><net_sink comp="472" pin=1"/></net>

<net id="482"><net_src comp="462" pin="4"/><net_sink comp="478" pin=0"/></net>

<net id="483"><net_src comp="146" pin="0"/><net_sink comp="478" pin=1"/></net>

<net id="489"><net_src comp="440" pin="2"/><net_sink comp="484" pin=0"/></net>

<net id="490"><net_src comp="472" pin="2"/><net_sink comp="484" pin=1"/></net>

<net id="491"><net_src comp="478" pin="2"/><net_sink comp="484" pin=2"/></net>

<net id="497"><net_src comp="118" pin="0"/><net_sink comp="492" pin=0"/></net>

<net id="498"><net_src comp="253" pin="4"/><net_sink comp="492" pin=1"/></net>

<net id="499"><net_src comp="142" pin="0"/><net_sink comp="492" pin=2"/></net>

<net id="504"><net_src comp="492" pin="3"/><net_sink comp="500" pin=0"/></net>

<net id="505"><net_src comp="132" pin="0"/><net_sink comp="500" pin=1"/></net>

<net id="510"><net_src comp="456" pin="2"/><net_sink comp="506" pin=0"/></net>

<net id="511"><net_src comp="500" pin="2"/><net_sink comp="506" pin=1"/></net>

<net id="517"><net_src comp="440" pin="2"/><net_sink comp="512" pin=0"/></net>

<net id="518"><net_src comp="506" pin="2"/><net_sink comp="512" pin=1"/></net>

<net id="519"><net_src comp="472" pin="2"/><net_sink comp="512" pin=2"/></net>

<net id="524"><net_src comp="440" pin="2"/><net_sink comp="520" pin=0"/></net>

<net id="525"><net_src comp="472" pin="2"/><net_sink comp="520" pin=1"/></net>

<net id="530"><net_src comp="484" pin="3"/><net_sink comp="526" pin=0"/></net>

<net id="531"><net_src comp="132" pin="0"/><net_sink comp="526" pin=1"/></net>

<net id="536"><net_src comp="426" pin="3"/><net_sink comp="532" pin=0"/></net>

<net id="537"><net_src comp="526" pin="2"/><net_sink comp="532" pin=1"/></net>

<net id="542"><net_src comp="382" pin="3"/><net_sink comp="538" pin=0"/></net>

<net id="543"><net_src comp="132" pin="0"/><net_sink comp="538" pin=1"/></net>

<net id="548"><net_src comp="532" pin="2"/><net_sink comp="544" pin=0"/></net>

<net id="549"><net_src comp="538" pin="2"/><net_sink comp="544" pin=1"/></net>

<net id="554"><net_src comp="426" pin="3"/><net_sink comp="550" pin=0"/></net>

<net id="555"><net_src comp="512" pin="3"/><net_sink comp="550" pin=1"/></net>

<net id="560"><net_src comp="520" pin="2"/><net_sink comp="556" pin=0"/></net>

<net id="561"><net_src comp="550" pin="2"/><net_sink comp="556" pin=1"/></net>

<net id="566"><net_src comp="556" pin="2"/><net_sink comp="562" pin=0"/></net>

<net id="567"><net_src comp="132" pin="0"/><net_sink comp="562" pin=1"/></net>

<net id="572"><net_src comp="382" pin="3"/><net_sink comp="568" pin=0"/></net>

<net id="573"><net_src comp="562" pin="2"/><net_sink comp="568" pin=1"/></net>

<net id="579"><net_src comp="544" pin="2"/><net_sink comp="574" pin=0"/></net>

<net id="580"><net_src comp="148" pin="0"/><net_sink comp="574" pin=1"/></net>

<net id="581"><net_src comp="150" pin="0"/><net_sink comp="574" pin=2"/></net>

<net id="586"><net_src comp="544" pin="2"/><net_sink comp="582" pin=0"/></net>

<net id="587"><net_src comp="568" pin="2"/><net_sink comp="582" pin=1"/></net>

<net id="593"><net_src comp="582" pin="2"/><net_sink comp="588" pin=0"/></net>

<net id="594"><net_src comp="574" pin="3"/><net_sink comp="588" pin=1"/></net>

<net id="595"><net_src comp="420" pin="2"/><net_sink comp="588" pin=2"/></net>

<net id="599"><net_src comp="588" pin="3"/><net_sink comp="596" pin=0"/></net>

<net id="600"><net_src comp="596" pin="1"/><net_sink comp="182" pin=8"/></net>

<net id="605"><net_src comp="601" pin="2"/><net_sink comp="182" pin=12"/></net>

<net id="613"><net_src comp="219" pin="3"/><net_sink comp="610" pin=0"/></net>

<net id="617"><net_src comp="232" pin="3"/><net_sink comp="614" pin=0"/></net>

<net id="621"><net_src comp="249" pin="1"/><net_sink comp="618" pin=0"/></net>

<net id="632"><net_src comp="618" pin="1"/><net_sink comp="628" pin=0"/></net>

<net id="633"><net_src comp="622" pin="1"/><net_sink comp="628" pin=1"/></net>

<net id="639"><net_src comp="158" pin="0"/><net_sink comp="634" pin=0"/></net>

<net id="640"><net_src comp="628" pin="2"/><net_sink comp="634" pin=1"/></net>

<net id="641"><net_src comp="160" pin="0"/><net_sink comp="634" pin=2"/></net>

<net id="646"><net_src comp="249" pin="1"/><net_sink comp="642" pin=0"/></net>

<net id="647"><net_src comp="625" pin="1"/><net_sink comp="642" pin=1"/></net>

<net id="653"><net_src comp="118" pin="0"/><net_sink comp="648" pin=0"/></net>

<net id="654"><net_src comp="642" pin="2"/><net_sink comp="648" pin=1"/></net>

<net id="655"><net_src comp="120" pin="0"/><net_sink comp="648" pin=2"/></net>

<net id="660"><net_src comp="634" pin="3"/><net_sink comp="656" pin=0"/></net>

<net id="661"><net_src comp="132" pin="0"/><net_sink comp="656" pin=1"/></net>

<net id="666"><net_src comp="648" pin="3"/><net_sink comp="662" pin=0"/></net>

<net id="667"><net_src comp="656" pin="2"/><net_sink comp="662" pin=1"/></net>

<net id="672"><net_src comp="634" pin="3"/><net_sink comp="668" pin=0"/></net>

<net id="673"><net_src comp="648" pin="3"/><net_sink comp="668" pin=1"/></net>

<net id="679"><net_src comp="662" pin="2"/><net_sink comp="674" pin=0"/></net>

<net id="680"><net_src comp="162" pin="0"/><net_sink comp="674" pin=1"/></net>

<net id="681"><net_src comp="164" pin="0"/><net_sink comp="674" pin=2"/></net>

<net id="687"><net_src comp="668" pin="2"/><net_sink comp="682" pin=0"/></net>

<net id="688"><net_src comp="674" pin="3"/><net_sink comp="682" pin=1"/></net>

<net id="689"><net_src comp="642" pin="2"/><net_sink comp="682" pin=2"/></net>

<net id="694"><net_src comp="614" pin="1"/><net_sink comp="690" pin=0"/></net>

<net id="695"><net_src comp="610" pin="1"/><net_sink comp="690" pin=1"/></net>

<net id="696"><net_src comp="690" pin="2"/><net_sink comp="622" pin=0"/></net>

<net id="697"><net_src comp="690" pin="2"/><net_sink comp="625" pin=0"/></net>

<net id="701"><net_src comp="166" pin="1"/><net_sink comp="698" pin=0"/></net>

<net id="702"><net_src comp="698" pin="1"/><net_sink comp="282" pin=1"/></net>

<net id="703"><net_src comp="698" pin="1"/><net_sink comp="292" pin=0"/></net>

<net id="704"><net_src comp="698" pin="1"/><net_sink comp="606" pin=1"/></net>

<net id="708"><net_src comp="170" pin="2"/><net_sink comp="705" pin=0"/></net>

<net id="709"><net_src comp="705" pin="1"/><net_sink comp="261" pin=1"/></net>

<net id="710"><net_src comp="705" pin="1"/><net_sink comp="327" pin=1"/></net>

<net id="714"><net_src comp="176" pin="2"/><net_sink comp="711" pin=0"/></net>

<net id="715"><net_src comp="711" pin="1"/><net_sink comp="287" pin=0"/></net>

<net id="716"><net_src comp="711" pin="1"/><net_sink comp="295" pin=1"/></net>

<net id="720"><net_src comp="287" pin="2"/><net_sink comp="717" pin=0"/></net>

<net id="721"><net_src comp="717" pin="1"/><net_sink comp="601" pin=1"/></net>

<net id="731"><net_src comp="300" pin="2"/><net_sink comp="728" pin=0"/></net>

<net id="732"><net_src comp="728" pin="1"/><net_sink comp="606" pin=0"/></net>

<net id="736"><net_src comp="310" pin="3"/><net_sink comp="733" pin=0"/></net>

<net id="737"><net_src comp="733" pin="1"/><net_sink comp="350" pin=1"/></net>

<net id="744"><net_src comp="332" pin="2"/><net_sink comp="741" pin=0"/></net>

<net id="745"><net_src comp="741" pin="1"/><net_sink comp="242" pin=2"/></net>

<net id="749"><net_src comp="212" pin="3"/><net_sink comp="746" pin=0"/></net>

<net id="750"><net_src comp="746" pin="1"/><net_sink comp="219" pin=0"/></net>

<net id="754"><net_src comp="225" pin="3"/><net_sink comp="751" pin=0"/></net>

<net id="755"><net_src comp="751" pin="1"/><net_sink comp="232" pin=0"/></net>

<net id="759"><net_src comp="596" pin="1"/><net_sink comp="756" pin=0"/></net>

<net id="760"><net_src comp="756" pin="1"/><net_sink comp="182" pin=8"/></net>

<net id="764"><net_src comp="601" pin="2"/><net_sink comp="761" pin=0"/></net>

<net id="765"><net_src comp="761" pin="1"/><net_sink comp="182" pin=12"/></net>

<net id="769"><net_src comp="610" pin="1"/><net_sink comp="766" pin=0"/></net>

<net id="770"><net_src comp="766" pin="1"/><net_sink comp="690" pin=1"/></net>

<net id="774"><net_src comp="614" pin="1"/><net_sink comp="771" pin=0"/></net>

<net id="775"><net_src comp="771" pin="1"/><net_sink comp="690" pin=0"/></net>

<net id="779"><net_src comp="682" pin="3"/><net_sink comp="776" pin=0"/></net>

<net id="780"><net_src comp="776" pin="1"/><net_sink comp="253" pin=2"/></net>

</net_list>

</model> 
---------------- Datapath Model END ------------------

* FSMD analyzer results:
  - Output states:
	Port: out_stream_V_data_V | {11 }
	Port: out_stream_V_keep_V | {11 }
	Port: out_stream_V_strb_V | {11 }
	Port: out_stream_V_user_V | {11 }
	Port: out_stream_V_last_V | {11 }
	Port: out_stream_V_id_V | {11 }
	Port: out_stream_V_dest_V | {11 }
	Port: x_localbuff_V | {2 3 }
 - Input state : 
	Port: matVecMul : A | {6 7 }
	Port: matVecMul : in_stream_V_data_V | {2 3 }
	Port: matVecMul : in_stream_V_keep_V | {2 3 }
	Port: matVecMul : in_stream_V_strb_V | {2 3 }
	Port: matVecMul : in_stream_V_user_V | {2 3 }
	Port: matVecMul : in_stream_V_last_V | {2 3 }
	Port: matVecMul : in_stream_V_id_V | {2 3 }
	Port: matVecMul : in_stream_V_dest_V | {2 3 }
	Port: matVecMul : row_size | {1 }
	Port: matVecMul : col_size | {1 }
	Port: matVecMul : x_localbuff_V | {6 7 }
  - Chain level:
	State 1
		store_ln34 : 1
	State 2
	State 3
	State 4
	State 5
		icmp_ln34 : 1
		add_ln34 : 1
		br_ln34 : 2
		trunc_ln1169 : 1
		shl_ln : 2
	State 6
		zext_ln39 : 1
		zext_ln39_1 : 1
		icmp_ln39 : 2
		add_ln39 : 1
		br_ln39 : 3
		shl_ln1169_1 : 1
		zext_ln1169 : 2
		add_ln1169 : 3
		lshr_ln : 4
		trunc_ln1169_1 : 1
		tmp_9 : 5
		zext_ln1169_1 : 6
		A_addr : 7
		r_V : 8
		x_localbuff_V_addr : 2
		x_localbuff_V_load : 3
		p_Result_2 : 1
		p_Val2_s : 1
		p_Result_3 : 1
		tmp : 1
		zext_ln415 : 2
		p_Val2_1 : 3
		p_Result_4 : 4
		xor_ln416 : 5
		carry_1 : 5
		p_Result_7 : 1
		Range2_all_ones : 2
		p_Result_8 : 1
		Range1_all_ones : 2
		Range1_all_zeros : 2
		deleted_zeros : 5
		tmp_2 : 1
		xor_ln789 : 2
		and_ln789 : 2
		deleted_ones : 5
		and_ln790 : 5
		xor_ln794_1 : 6
		or_ln794 : 6
		xor_ln794_2 : 2
		overflow_1 : 6
		and_ln795 : 6
		or_ln795 : 6
		xor_ln795 : 6
		underflow : 6
		select_ln384_1 : 6
		or_ln384 : 6
		val_V : 6
		zext_ln414 : 7
		write_ln304 : 8
	State 7
		sext_ln1169 : 1
		sext_ln1171 : 1
		r_V_2 : 2
	State 8
	State 9
	State 10
		sext_ln712_1 : 1
		sext_ln1245 : 1
		ret_V : 2
		p_Result_s : 3
		acc_V_4 : 2
		p_Result_1 : 3
		xor_ln794 : 4
		overflow : 4
		xor_ln340 : 4
		select_ln384 : 4
		acc_V : 5
	State 11


============================================================
+ Verbose Summary: Datapath Resource usage 
============================================================

* Functional unit list:
|----------|-------------------------------------------|---------|---------|---------|
| Operation|              Functional Unit              |   DSP   |    FF   |   LUT   |
|----------|-------------------------------------------|---------|---------|---------|
|          |                 sub_fu_287                |    0    |    0    |    39   |
|          |              add_ln34_fu_300              |    0    |    0    |    39   |
|          |              add_ln39_fu_332              |    0    |    0    |    14   |
|    add   |             add_ln1169_fu_350             |    0    |    0    |    14   |
|          |              p_Val2_1_fu_420              |    0    |    0    |    23   |
|          |                ret_V_fu_628               |    0    |    0    |    45   |
|          |               acc_V_4_fu_642              |    0    |    0    |    45   |
|----------|-------------------------------------------|---------|---------|---------|
|          |            deleted_zeros_fu_484           |    0    |    0    |    2    |
|          |            deleted_ones_fu_512            |    0    |    0    |    2    |
|  select  |           select_ln384_1_fu_574           |    0    |    0    |    16   |
|          |                val_V_fu_588               |    0    |    0    |    16   |
|          |            select_ln384_fu_674            |    0    |    0    |    38   |
|          |                acc_V_fu_682               |    0    |    0    |    38   |
|----------|-------------------------------------------|---------|---------|---------|
|          |              icmp_ln34_fu_295             |    0    |    0    |    18   |
|          |              icmp_ln39_fu_327             |    0    |    0    |    18   |
|   icmp   |           Range2_all_ones_fu_456          |    0    |    0    |    12   |
|          |           Range1_all_ones_fu_472          |    0    |    0    |    12   |
|          |          Range1_all_zeros_fu_478          |    0    |    0    |    12   |
|          |           out_pkt_last_V_fu_601           |    0    |    0    |    18   |
|----------|-------------------------------------------|---------|---------|---------|
|   call   | grp_matVecMul_Pipeline_sample_loop_fu_261 |    0    |    7    |    32   |
|----------|-------------------------------------------|---------|---------|---------|
|          |              xor_ln416_fu_434             |    0    |    0    |    2    |
|          |              xor_ln789_fu_500             |    0    |    0    |    2    |
|          |             xor_ln794_1_fu_526            |    0    |    0    |    2    |
|    xor   |             xor_ln794_2_fu_538            |    0    |    0    |    2    |
|          |              xor_ln795_fu_562             |    0    |    0    |    2    |
|          |              xor_ln794_fu_656             |    0    |    0    |    2    |
|          |              xor_ln340_fu_668             |    0    |    0    |    2    |
|----------|-------------------------------------------|---------|---------|---------|
|          |               carry_1_fu_440              |    0    |    0    |    2    |
|          |              and_ln789_fu_506             |    0    |    0    |    2    |
|          |              and_ln790_fu_520             |    0    |    0    |    2    |
|    and   |             overflow_1_fu_544             |    0    |    0    |    2    |
|          |              and_ln795_fu_550             |    0    |    0    |    2    |
|          |              underflow_fu_568             |    0    |    0    |    2    |
|          |              overflow_fu_662              |    0    |    0    |    2    |
|----------|-------------------------------------------|---------|---------|---------|
|          |              or_ln794_fu_532              |    0    |    0    |    2    |
|    or    |              or_ln795_fu_556              |    0    |    0    |    2    |
|          |              or_ln384_fu_582              |    0    |    0    |    2    |
|----------|-------------------------------------------|---------|---------|---------|
|    mul   |                 grp_fu_690                |    1    |    0    |    0    |
|----------|-------------------------------------------|---------|---------|---------|
|   read   |         col_size_read_read_fu_170         |    0    |    0    |    0    |
|          |         row_size_read_read_fu_176         |    0    |    0    |    0    |
|----------|-------------------------------------------|---------|---------|---------|
|   write  |              grp_write_fu_182             |    0    |    0    |    0    |
|----------|-------------------------------------------|---------|---------|---------|
|   trunc  |            trunc_ln1169_fu_306            |    0    |    0    |    0    |
|          |           trunc_ln1169_1_fu_365           |    0    |    0    |    0    |
|----------|-------------------------------------------|---------|---------|---------|
|          |               shl_ln_fu_310               |    0    |    0    |    0    |
|bitconcatenate|            shl_ln1169_1_fu_338            |    0    |    0    |    0    |
|          |                tmp_9_fu_369               |    0    |    0    |    0    |
|----------|-------------------------------------------|---------|---------|---------|
|          |              zext_ln39_fu_318             |    0    |    0    |    0    |
|          |             zext_ln39_1_fu_322            |    0    |    0    |    0    |
|   zext   |             zext_ln1169_fu_346            |    0    |    0    |    0    |
|          |            zext_ln1169_1_fu_377           |    0    |    0    |    0    |
|          |             zext_ln415_fu_416             |    0    |    0    |    0    |
|          |             zext_ln414_fu_596             |    0    |    0    |    0    |
|----------|-------------------------------------------|---------|---------|---------|
|          |               lshr_ln_fu_355              |    0    |    0    |    0    |
|partselect|              p_Val2_s_fu_390              |    0    |    0    |    0    |
|          |             p_Result_7_fu_446             |    0    |    0    |    0    |
|          |             p_Result_8_fu_462             |    0    |    0    |    0    |
|----------|-------------------------------------------|---------|---------|---------|
|          |             p_Result_2_fu_382             |    0    |    0    |    0    |
|          |             p_Result_3_fu_400             |    0    |    0    |    0    |
|          |                 tmp_fu_408                |    0    |    0    |    0    |
| bitselect|             p_Result_4_fu_426             |    0    |    0    |    0    |
|          |                tmp_2_fu_492               |    0    |    0    |    0    |
|          |             p_Result_s_fu_634             |    0    |    0    |    0    |
|          |             p_Result_1_fu_648             |    0    |    0    |    0    |
|----------|-------------------------------------------|---------|---------|---------|
|          |             sext_ln1169_fu_610            |    0    |    0    |    0    |
|          |             sext_ln1171_fu_614            |    0    |    0    |    0    |
|   sext   |             sext_ln712_fu_618             |    0    |    0    |    0    |
|          |            sext_ln712_1_fu_622            |    0    |    0    |    0    |
|          |             sext_ln1245_fu_625            |    0    |    0    |    0    |
|----------|-------------------------------------------|---------|---------|---------|
|   Total  |                                           |    1    |    7    |   487   |
|----------|-------------------------------------------|---------|---------|---------|

Memories:
+-------------+--------+--------+--------+--------+
|             |  BRAM  |   FF   |   LUT  |  URAM  |
+-------------+--------+--------+--------+--------+
|x_localbuff_V|    1   |    0   |    0   |    0   |
+-------------+--------+--------+--------+--------+
|    Total    |    1   |    0   |    0   |    0   |
+-------------+--------+--------+--------+--------+

* Register list:
+--------------------------+--------+
|                          |   FF   |
+--------------------------+--------+
|      A_addr_reg_746      |   12   |
|      acc_V_3_reg_249     |   38   |
|       acc_V_reg_776      |   38   |
|     add_ln34_reg_728     |   32   |
|     add_ln39_reg_741     |    7   |
|   col_size_read_reg_705  |   32   |
|        i_1_reg_698       |   32   |
|         j_reg_238        |    7   |
|  out_pkt_last_V_reg_761  |    1   |
|   row_size_read_reg_711  |   32   |
|    sext_ln1169_reg_766   |   32   |
|    sext_ln1171_reg_771   |   32   |
|      shl_ln_reg_733      |   13   |
|        sub_reg_717       |   32   |
|x_localbuff_V_addr_reg_751|    6   |
|    zext_ln414_reg_756    |   32   |
+--------------------------+--------+
|           Total          |   378  |
+--------------------------+--------+

* Multiplexer (MUX) list: 
|-------------------|------|------|------|--------||---------||---------|
|        Comp       |  Pin | Size |  BW  | S x BW ||  Delay  ||   LUT   |
|-------------------|------|------|------|--------||---------||---------|
|  grp_write_fu_182 |  p8  |   2  |  16  |   32   ||    9    |
|  grp_write_fu_182 |  p12 |   2  |   1  |    2   ||    9    |
| grp_access_fu_219 |  p0  |   2  |  12  |   24   ||    9    |
| grp_access_fu_232 |  p0  |   2  |   6  |   12   ||    9    |
|  acc_V_3_reg_249  |  p0  |   2  |  38  |   76   ||    9    |
|     grp_fu_690    |  p0  |   2  |  16  |   32   ||    9    |
|     grp_fu_690    |  p1  |   2  |  16  |   32   ||    9    |
|-------------------|------|------|------|--------||---------||---------|
|       Total       |      |      |      |   210  ||  11.116 ||    63   |
|-------------------|------|------|------|--------||---------||---------|



* Summary:
+-----------+--------+--------+--------+--------+--------+--------+
|           |  BRAM  |   DSP  |  Delay |   FF   |   LUT  |  URAM  |
+-----------+--------+--------+--------+--------+--------+--------+
|  Function |    -   |    1   |    -   |    7   |   487  |    -   |
|   Memory  |    1   |    -   |    -   |    0   |    0   |    0   |
|Multiplexer|    -   |    -   |   11   |    -   |   63   |    -   |
|  Register |    -   |    -   |    -   |   378  |    -   |    -   |
+-----------+--------+--------+--------+--------+--------+--------+
|   Total   |    1   |    1   |   11   |   385  |   550  |    0   |
+-----------+--------+--------+--------+--------+--------+--------+
