Copyright 1986-2021 Xilinx, Inc. All Rights Reserved.
-----------------------------------------------------------------------------------------------------------------------------------------------------------------------------------------------------------------------------------------------
| Tool Version : Vivado v.2021.1 (lin64) Build 3247384 Thu Jun 10 19:36:07 MDT 2021
| Date         : Wed May  6 06:18:08 2026
| Host         : vitis-box.ASUS running 64-bit unknown
| Command      : report_timing_summary -max_paths 10 -file matvecmul_design_wrapper_timing_summary_routed.rpt -pb matvecmul_design_wrapper_timing_summary_routed.pb -rpx matvecmul_design_wrapper_timing_summary_routed.rpx -warn_on_violation
| Design       : matvecmul_design_wrapper
| Device       : 7z020-clg400
| Speed File   : -1  PRODUCTION 1.12 2019-11-22
-----------------------------------------------------------------------------------------------------------------------------------------------------------------------------------------------------------------------------------------------

Timing Summary Report

------------------------------------------------------------------------------------------------
| Timer Settings
| --------------
------------------------------------------------------------------------------------------------

  Enable Multi Corner Analysis               :  Yes
  Enable Pessimism Removal                   :  Yes
  Pessimism Removal Resolution               :  Nearest Common Node
  Enable Input Delay Default Clock           :  No
  Enable Preset / Clear Arcs                 :  No
  Disable Flight Delays                      :  No
  Ignore I/O Paths                           :  No
  Timing Early Launch at Borrowing Latches   :  No
  Borrow Time for Max Delay Exceptions       :  Yes
  Merge Timing Exceptions                    :  Yes

  Corner  Analyze    Analyze    
  Name    Max Paths  Min Paths  
  ------  ---------  ---------  
  Slow    Yes        Yes        
  Fast    Yes        Yes        


------------------------------------------------------------------------------------------------
| Report Methodology
| ------------------
------------------------------------------------------------------------------------------------

Rule       Severity  Description                   Violations  
---------  --------  ----------------------------  ----------  
LUTAR-1    Warning   LUT drives async reset alert  3           
TIMING-16  Warning   Large setup violation         76          

Note: This report is based on the most recent report_methodology run and may not be up-to-date. Run report_methodology on the current design for the latest report.



check_timing report

Table of Contents
-----------------
1. checking no_clock (0)
2. checking constant_clock (0)
3. checking pulse_width_clock (0)
4. checking unconstrained_internal_endpoints (0)
5. checking no_input_delay (0)
6. checking no_output_delay (0)
7. checking multiple_clock (0)
8. checking generated_clocks (0)
9. checking loops (0)
10. checking partial_input_delay (0)
11. checking partial_output_delay (0)
12. checking latch_loops (0)

1. checking no_clock (0)
------------------------
 There are 0 register/latch pins with no clock.


2. checking constant_clock (0)
------------------------------
 There are 0 register/latch pins with constant_clock.


3. checking pulse_width_clock (0)
---------------------------------
 There are 0 register/latch pins which need pulse_width check


4. checking unconstrained_internal_endpoints (0)
------------------------------------------------
 There are 0 pins that are not constrained for maximum delay.

 There are 0 pins that are not constrained for maximum delay due to constant clock.


5. checking no_input_delay (0)
------------------------------
 There are 0 input ports with no input delay specified.

 There are 0 input ports with no input delay but user has a false path constraint.


6. checking no_output_delay (0)
-------------------------------
 There are 0 ports with no output delay specified.

 There are 0 ports with no output delay but user has a false path constraint

 There are 0 ports with no output delay but with a timing clock defined on it or propagating through it


7. checking multiple_clock (0)
------------------------------
 There are 0 register/latch pins with multiple clocks.


8. checking generated_clocks (0)
--------------------------------
 There are 0 generated clocks that are not connected to a clock source.


9. checking loops (0)
---------------------
 There are 0 combinational loops in the design.


10. checking partial_input_delay (0)
------------------------------------
 There are 0 input ports with partial input delay specified.


11. checking partial_output_delay (0)
-------------------------------------
 There are 0 ports with partial output delay specified.


12. checking latch_loops (0)
----------------------------
 There are 0 combinational latch loops in the design through latch input



------------------------------------------------------------------------------------------------
| Design Timing Summary
| ---------------------
------------------------------------------------------------------------------------------------

    WNS(ns)      TNS(ns)  TNS Failing Endpoints  TNS Total Endpoints      WHS(ns)      THS(ns)  THS Failing Endpoints  THS Total Endpoints     WPWS(ns)     TPWS(ns)  TPWS Failing Endpoints  TPWS Total Endpoints  
    -------      -------  ---------------------  -------------------      -------      -------  ---------------------  -------------------     --------     --------  ----------------------  --------------------  
     -4.208     -238.705                     99                14234        0.051        0.000                      0                14234        3.750        0.000                       0                  5455  


Timing constraints are not met.


------------------------------------------------------------------------------------------------
| Clock Summary
| -------------
------------------------------------------------------------------------------------------------

Clock       Waveform(ns)       Period(ns)      Frequency(MHz)
-----       ------------       ----------      --------------
clk_fpga_0  {0.000 5.000}      10.000          100.000         


------------------------------------------------------------------------------------------------
| Intra Clock Table
| -----------------
------------------------------------------------------------------------------------------------

Clock             WNS(ns)      TNS(ns)  TNS Failing Endpoints  TNS Total Endpoints      WHS(ns)      THS(ns)  THS Failing Endpoints  THS Total Endpoints     WPWS(ns)     TPWS(ns)  TPWS Failing Endpoints  TPWS Total Endpoints  
-----             -------      -------  ---------------------  -------------------      -------      -------  ---------------------  -------------------     --------     --------  ----------------------  --------------------  
clk_fpga_0         -4.208     -238.705                     99                14138        0.051        0.000                      0                14138        3.750        0.000                       0                  5455  


------------------------------------------------------------------------------------------------
| Inter Clock Table
| -----------------
------------------------------------------------------------------------------------------------

From Clock    To Clock          WNS(ns)      TNS(ns)  TNS Failing Endpoints  TNS Total Endpoints      WHS(ns)      THS(ns)  THS Failing Endpoints  THS Total Endpoints  
----------    --------          -------      -------  ---------------------  -------------------      -------      -------  ---------------------  -------------------  


------------------------------------------------------------------------------------------------
| Other Path Groups Table
| -----------------------
------------------------------------------------------------------------------------------------

Path Group         From Clock         To Clock               WNS(ns)      TNS(ns)  TNS Failing Endpoints  TNS Total Endpoints      WHS(ns)      THS(ns)  THS Failing Endpoints  THS Total Endpoints  
----------         ----------         --------               -------      -------  ---------------------  -------------------      -------      -------  ---------------------  -------------------  
**async_default**  clk_fpga_0         clk_fpga_0               6.811        0.000                      0                   96        0.563        0.000                      0                   96  


------------------------------------------------------------------------------------------------
| Timing Details
| --------------
------------------------------------------------------------------------------------------------


---------------------------------------------------------------------------------------------------
From Clock:  clk_fpga_0
  To Clock:  clk_fpga_0

Setup :           99  Failing Endpoints,  Worst Slack       -4.208ns,  Total Violation     -238.705ns
Hold  :            0  Failing Endpoints,  Worst Slack        0.051ns,  Total Violation        0.000ns
PW    :            0  Failing Endpoints,  Worst Slack        3.750ns,  Total Violation        0.000ns
---------------------------------------------------------------------------------------------------


Max Delay Paths
--------------------------------------------------------------------------------------
Slack (VIOLATED) :        -4.208ns  (required time - arrival time)
  Source:                 matvecmul_design_i/matVecMul_0/inst/grp_matVecMul_Pipeline_matmul_inner_loop_fu_278/acc_V_0_fu_110_reg[5]/C
                            (rising edge-triggered cell FDRE clocked by clk_fpga_0  {rise@0.000ns fall@5.000ns period=10.000ns})
  Destination:            matvecmul_design_i/matVecMul_0/inst/grp_matVecMul_Pipeline_matmul_inner_loop_fu_278/acc_V_0_fu_110_reg[2]/D
                            (rising edge-triggered cell FDRE clocked by clk_fpga_0  {rise@0.000ns fall@5.000ns period=10.000ns})
  Path Group:             clk_fpga_0
  Path Type:              Setup (Max at Slow Process Corner)
  Requirement:            10.000ns  (clk_fpga_0 rise@10.000ns - clk_fpga_0 rise@0.000ns)
  Data Path Delay:        14.109ns  (logic 8.754ns (62.044%)  route 5.355ns (37.956%))
  Logic Levels:           44  (CARRY4=39 LUT2=1 LUT3=1 LUT4=3)
  Clock Path Skew:        -0.025ns (DCD - SCD + CPR)
    Destination Clock Delay (DCD):    2.647ns = ( 12.647 - 10.000 ) 
    Source Clock Delay      (SCD):    2.934ns
    Clock Pessimism Removal (CPR):    0.262ns
  Clock Uncertainty:      0.154ns  ((TSJ^2 + TIJ^2)^1/2 + DJ) / 2 + PE
    Total System Jitter     (TSJ):    0.071ns
    Total Input Jitter      (TIJ):    0.300ns
    Discrete Jitter          (DJ):    0.000ns
    Phase Error              (PE):    0.000ns

    Location             Delay type                Incr(ns)  Path(ns)    Netlist Resource(s)
  -------------------------------------------------------------------    -------------------
                         (clock clk_fpga_0 rise edge)
                                                      0.000     0.000 r  
    PS7_X0Y0             PS7                          0.000     0.000 r  matvecmul_design_i/ps7/inst/PS7_i/FCLKCLK[0]
                         net (fo=1, routed)           1.193     1.193    matvecmul_design_i/ps7/inst/FCLK_CLK_unbuffered[0]
    BUFGCTRL_X0Y16       BUFG (Prop_bufg_I_O)         0.101     1.294 r  matvecmul_design_i/ps7/inst/buffer_fclk_clk_0.FCLK_CLK_0_BUFG/O
                         net (fo=5456, routed)        1.640     2.934    matvecmul_design_i/matVecMul_0/inst/grp_matVecMul_Pipeline_matmul_inner_loop_fu_278/ap_clk
    SLICE_X42Y68         FDRE                                         r  matvecmul_design_i/matVecMul_0/inst/grp_matVecMul_Pipeline_matmul_inner_loop_fu_278/acc_V_0_fu_110_reg[5]/C
  -------------------------------------------------------------------    -------------------
    SLICE_X42Y68         FDRE (Prop_fdre_C_Q)         0.518     3.452 r  matvecmul_design_i/matVecMul_0/inst/grp_matVecMul_Pipeline_matmul_inner_loop_fu_278/acc_V_0_fu_110_reg[5]/Q
                         net (fo=4, routed)           0.883     4.335    matvecmul_design_i/matVecMul_0/inst/grp_matVecMul_Pipeline_matmul_inner_loop_fu_278/acc_V_0_fu_110[5]
    SLICE_X45Y65         LUT2 (Prop_lut2_I0_O)        0.124     4.459 r  matvecmul_design_i/matVecMul_0/inst/grp_matVecMul_Pipeline_matmul_inner_loop_fu_278/select_ln340_reg_910[7]_i_5/O
                         net (fo=1, routed)           0.000     4.459    matvecmul_design_i/matVecMul_0/inst/grp_matVecMul_Pipeline_matmul_inner_loop_fu_278/select_ln340_reg_910[7]_i_5_n_0
    SLICE_X45Y65         CARRY4 (Prop_carry4_S[1]_CO[3])
                                                      0.550     5.009 r  matvecmul_design_i/matVecMul_0/inst/grp_matVecMul_Pipeline_matmul_inner_loop_fu_278/select_ln340_reg_910_reg[7]_i_2/CO[3]
                         net (fo=1, routed)           0.000     5.009    matvecmul_design_i/matVecMul_0/inst/grp_matVecMul_Pipeline_matmul_inner_loop_fu_278/select_ln340_reg_910_reg[7]_i_2_n_0
    SLICE_X45Y66         CARRY4 (Prop_carry4_CI_CO[3])
                                                      0.114     5.123 r  matvecmul_design_i/matVecMul_0/inst/grp_matVecMul_Pipeline_matmul_inner_loop_fu_278/select_ln340_reg_910_reg[11]_i_2/CO[3]
                         net (fo=1, routed)           0.000     5.123    matvecmul_design_i/matVecMul_0/inst/grp_matVecMul_Pipeline_matmul_inner_loop_fu_278/select_ln340_reg_910_reg[11]_i_2_n_0
    SLICE_X45Y67         CARRY4 (Prop_carry4_CI_CO[3])
                                                      0.114     5.237 r  matvecmul_design_i/matVecMul_0/inst/grp_matVecMul_Pipeline_matmul_inner_loop_fu_278/select_ln340_reg_910_reg[15]_i_2/CO[3]
                         net (fo=1, routed)           0.000     5.237    matvecmul_design_i/matVecMul_0/inst/grp_matVecMul_Pipeline_matmul_inner_loop_fu_278/select_ln340_reg_910_reg[15]_i_2_n_0
    SLICE_X45Y68         CARRY4 (Prop_carry4_CI_CO[3])
                                                      0.114     5.351 r  matvecmul_design_i/matVecMul_0/inst/grp_matVecMul_Pipeline_matmul_inner_loop_fu_278/select_ln340_reg_910_reg[19]_i_2/CO[3]
                         net (fo=1, routed)           0.000     5.351    matvecmul_design_i/matVecMul_0/inst/grp_matVecMul_Pipeline_matmul_inner_loop_fu_278/select_ln340_reg_910_reg[19]_i_2_n_0
    SLICE_X45Y69         CARRY4 (Prop_carry4_CI_CO[3])
                                                      0.114     5.465 r  matvecmul_design_i/matVecMul_0/inst/grp_matVecMul_Pipeline_matmul_inner_loop_fu_278/select_ln340_reg_910_reg[23]_i_2/CO[3]
                         net (fo=1, routed)           0.000     5.465    matvecmul_design_i/matVecMul_0/inst/grp_matVecMul_Pipeline_matmul_inner_loop_fu_278/select_ln340_reg_910_reg[23]_i_2_n_0
    SLICE_X45Y70         CARRY4 (Prop_carry4_CI_CO[3])
                                                      0.114     5.579 r  matvecmul_design_i/matVecMul_0/inst/grp_matVecMul_Pipeline_matmul_inner_loop_fu_278/select_ln340_reg_910_reg[27]_i_2/CO[3]
                         net (fo=1, routed)           0.000     5.579    matvecmul_design_i/matVecMul_0/inst/grp_matVecMul_Pipeline_matmul_inner_loop_fu_278/select_ln340_reg_910_reg[27]_i_2_n_0
    SLICE_X45Y71         CARRY4 (Prop_carry4_CI_CO[3])
                                                      0.114     5.693 r  matvecmul_design_i/matVecMul_0/inst/grp_matVecMul_Pipeline_matmul_inner_loop_fu_278/select_ln340_reg_910_reg[31]_i_2/CO[3]
                         net (fo=1, routed)           0.000     5.693    matvecmul_design_i/matVecMul_0/inst/grp_matVecMul_Pipeline_matmul_inner_loop_fu_278/select_ln340_reg_910_reg[31]_i_2_n_0
    SLICE_X45Y72         CARRY4 (Prop_carry4_CI_CO[3])
                                                      0.114     5.807 r  matvecmul_design_i/matVecMul_0/inst/grp_matVecMul_Pipeline_matmul_inner_loop_fu_278/select_ln340_reg_910_reg[35]_i_2/CO[3]
                         net (fo=1, routed)           0.000     5.807    matvecmul_design_i/matVecMul_0/inst/grp_matVecMul_Pipeline_matmul_inner_loop_fu_278/select_ln340_reg_910_reg[35]_i_2_n_0
    SLICE_X45Y73         CARRY4 (Prop_carry4_CI_O[1])
                                                      0.334     6.141 r  matvecmul_design_i/matVecMul_0/inst/grp_matVecMul_Pipeline_matmul_inner_loop_fu_278/select_ln340_reg_910_reg[36]_i_3/O[1]
                         net (fo=116, routed)         1.088     7.229    matvecmul_design_i/matVecMul_0/inst/grp_matVecMul_Pipeline_matmul_inner_loop_fu_278/tmp_1_fu_471_p3
    SLICE_X43Y64         LUT4 (Prop_lut4_I1_O)        0.303     7.532 r  matvecmul_design_i/matVecMul_0/inst/grp_matVecMul_Pipeline_matmul_inner_loop_fu_278/add_ln1245_1_fu_523_p2_carry_i_3/O
                         net (fo=1, routed)           0.000     7.532    matvecmul_design_i/matVecMul_0/inst/grp_matVecMul_Pipeline_matmul_inner_loop_fu_278/add_ln1245_1_fu_523_p2_carry_i_3_n_0
    SLICE_X43Y64         CARRY4 (Prop_carry4_S[1]_CO[3])
                                                      0.550     8.082 r  matvecmul_design_i/matVecMul_0/inst/grp_matVecMul_Pipeline_matmul_inner_loop_fu_278/add_ln1245_1_fu_523_p2_carry/CO[3]
                         net (fo=1, routed)           0.000     8.082    matvecmul_design_i/matVecMul_0/inst/grp_matVecMul_Pipeline_matmul_inner_loop_fu_278/add_ln1245_1_fu_523_p2_carry_n_0
    SLICE_X43Y65         CARRY4 (Prop_carry4_CI_CO[3])
                                                      0.114     8.196 r  matvecmul_design_i/matVecMul_0/inst/grp_matVecMul_Pipeline_matmul_inner_loop_fu_278/add_ln1245_1_fu_523_p2_carry__0/CO[3]
                         net (fo=1, routed)           0.000     8.196    matvecmul_design_i/matVecMul_0/inst/grp_matVecMul_Pipeline_matmul_inner_loop_fu_278/add_ln1245_1_fu_523_p2_carry__0_n_0
    SLICE_X43Y66         CARRY4 (Prop_carry4_CI_CO[3])
                                                      0.114     8.310 r  matvecmul_design_i/matVecMul_0/inst/grp_matVecMul_Pipeline_matmul_inner_loop_fu_278/add_ln1245_1_fu_523_p2_carry__1/CO[3]
                         net (fo=1, routed)           0.000     8.310    matvecmul_design_i/matVecMul_0/inst/grp_matVecMul_Pipeline_matmul_inner_loop_fu_278/add_ln1245_1_fu_523_p2_carry__1_n_0
    SLICE_X43Y67         CARRY4 (Prop_carry4_CI_CO[3])
                                                      0.114     8.424 r  matvecmul_design_i/matVecMul_0/inst/grp_matVecMul_Pipeline_matmul_inner_loop_fu_278/add_ln1245_1_fu_523_p2_carry__2/CO[3]
                         net (fo=1, routed)           0.000     8.424    matvecmul_design_i/matVecMul_0/inst/grp_matVecMul_Pipeline_matmul_inner_loop_fu_278/add_ln1245_1_fu_523_p2_carry__2_n_0
    SLICE_X43Y68         CARRY4 (Prop_carry4_CI_CO[3])
                                                      0.114     8.538 r  matvecmul_design_i/matVecMul_0/inst/grp_matVecMul_Pipeline_matmul_inner_loop_fu_278/add_ln1245_1_fu_523_p2_carry__3/CO[3]
                         net (fo=1, routed)           0.000     8.538    matvecmul_design_i/matVecMul_0/inst/grp_matVecMul_Pipeline_matmul_inner_loop_fu_278/add_ln1245_1_fu_523_p2_carry__3_n_0
    SLICE_X43Y69         CARRY4 (Prop_carry4_CI_CO[3])
                                                      0.114     8.652 r  matvecmul_design_i/matVecMul_0/inst/grp_matVecMul_Pipeline_matmul_inner_loop_fu_278/add_ln1245_1_fu_523_p2_carry__4/CO[3]
                         net (fo=1, routed)           0.000     8.652    matvecmul_design_i/matVecMul_0/inst/grp_matVecMul_Pipeline_matmul_inner_loop_fu_278/add_ln1245_1_fu_523_p2_carry__4_n_0
    SLICE_X43Y70         CARRY4 (Prop_carry4_CI_CO[3])
                                                      0.114     8.766 r  matvecmul_design_i/matVecMul_0/inst/grp_matVecMul_Pipeline_matmul_inner_loop_fu_278/add_ln1245_1_fu_523_p2_carry__5/CO[3]
                         net (fo=1, routed)           0.000     8.766    matvecmul_design_i/matVecMul_0/inst/grp_matVecMul_Pipeline_matmul_inner_loop_fu_278/add_ln1245_1_fu_523_p2_carry__5_n_0
    SLICE_X43Y71         CARRY4 (Prop_carry4_CI_CO[3])
                                                      0.114     8.880 r  matvecmul_design_i/matVecMul_0/inst/grp_matVecMul_Pipeline_matmul_inner_loop_fu_278/add_ln1245_1_fu_523_p2_carry__6/CO[3]
                         net (fo=1, routed)           0.000     8.880    matvecmul_design_i/matVecMul_0/inst/grp_matVecMul_Pipeline_matmul_inner_loop_fu_278/add_ln1245_1_fu_523_p2_carry__6_n_0
    SLICE_X43Y72         CARRY4 (Prop_carry4_CI_CO[3])
                                                      0.114     8.994 r  matvecmul_design_i/matVecMul_0/inst/grp_matVecMul_Pipeline_matmul_inner_loop_fu_278/add_ln1245_1_fu_523_p2_carry__7/CO[3]
                         net (fo=1, routed)           0.000     8.994    matvecmul_design_i/matVecMul_0/inst/grp_matVecMul_Pipeline_matmul_inner_loop_fu_278/add_ln1245_1_fu_523_p2_carry__7_n_0
    SLICE_X43Y73         CARRY4 (Prop_carry4_CI_CO[1])
                                                      0.157     9.151 r  matvecmul_design_i/matVecMul_0/inst/grp_matVecMul_Pipeline_matmul_inner_loop_fu_278/add_ln1245_1_fu_523_p2_carry__8/CO[1]
                         net (fo=117, routed)         1.253    10.404    matvecmul_design_i/matVecMul_0/inst/grp_matVecMul_Pipeline_matmul_inner_loop_fu_278/add_ln1245_1_fu_523_p2_carry__8_n_2
    SLICE_X44Y65         LUT4 (Prop_lut4_I1_O)        0.329    10.733 r  matvecmul_design_i/matVecMul_0/inst/grp_matVecMul_Pipeline_matmul_inner_loop_fu_278/add_ln1245_3_fu_667_p2_carry_i_9/O
                         net (fo=1, routed)           0.000    10.733    matvecmul_design_i/matVecMul_0/inst/grp_matVecMul_Pipeline_matmul_inner_loop_fu_278/add_ln1245_3_fu_667_p2_carry_i_9_n_0
    SLICE_X44Y65         CARRY4 (Prop_carry4_S[0]_CO[3])
                                                      0.532    11.265 r  matvecmul_design_i/matVecMul_0/inst/grp_matVecMul_Pipeline_matmul_inner_loop_fu_278/add_ln1245_3_fu_667_p2_carry_i_5/CO[3]
                         net (fo=1, routed)           0.000    11.265    matvecmul_design_i/matVecMul_0/inst/grp_matVecMul_Pipeline_matmul_inner_loop_fu_278/add_ln1245_3_fu_667_p2_carry_i_5_n_0
    SLICE_X44Y66         CARRY4 (Prop_carry4_CI_CO[3])
                                                      0.114    11.379 r  matvecmul_design_i/matVecMul_0/inst/grp_matVecMul_Pipeline_matmul_inner_loop_fu_278/select_ln340_2_reg_920_reg[7]_i_2/CO[3]
                         net (fo=1, routed)           0.000    11.379    matvecmul_design_i/matVecMul_0/inst/grp_matVecMul_Pipeline_matmul_inner_loop_fu_278/select_ln340_2_reg_920_reg[7]_i_2_n_0
    SLICE_X44Y67         CARRY4 (Prop_carry4_CI_CO[3])
                                                      0.114    11.493 r  matvecmul_design_i/matVecMul_0/inst/grp_matVecMul_Pipeline_matmul_inner_loop_fu_278/select_ln340_2_reg_920_reg[11]_i_2/CO[3]
                         net (fo=1, routed)           0.000    11.493    matvecmul_design_i/matVecMul_0/inst/grp_matVecMul_Pipeline_matmul_inner_loop_fu_278/select_ln340_2_reg_920_reg[11]_i_2_n_0
    SLICE_X44Y68         CARRY4 (Prop_carry4_CI_CO[3])
                                                      0.114    11.607 r  matvecmul_design_i/matVecMul_0/inst/grp_matVecMul_Pipeline_matmul_inner_loop_fu_278/select_ln340_2_reg_920_reg[15]_i_2/CO[3]
                         net (fo=1, routed)           0.000    11.607    matvecmul_design_i/matVecMul_0/inst/grp_matVecMul_Pipeline_matmul_inner_loop_fu_278/select_ln340_2_reg_920_reg[15]_i_2_n_0
    SLICE_X44Y69         CARRY4 (Prop_carry4_CI_CO[3])
                                                      0.114    11.721 r  matvecmul_design_i/matVecMul_0/inst/grp_matVecMul_Pipeline_matmul_inner_loop_fu_278/select_ln340_2_reg_920_reg[19]_i_2/CO[3]
                         net (fo=1, routed)           0.000    11.721    matvecmul_design_i/matVecMul_0/inst/grp_matVecMul_Pipeline_matmul_inner_loop_fu_278/select_ln340_2_reg_920_reg[19]_i_2_n_0
    SLICE_X44Y70         CARRY4 (Prop_carry4_CI_CO[3])
                                                      0.114    11.835 r  matvecmul_design_i/matVecMul_0/inst/grp_matVecMul_Pipeline_matmul_inner_loop_fu_278/select_ln340_2_reg_920_reg[23]_i_2/CO[3]
                         net (fo=1, routed)           0.000    11.835    matvecmul_design_i/matVecMul_0/inst/grp_matVecMul_Pipeline_matmul_inner_loop_fu_278/select_ln340_2_reg_920_reg[23]_i_2_n_0
    SLICE_X44Y71         CARRY4 (Prop_carry4_CI_CO[3])
                                                      0.114    11.949 r  matvecmul_design_i/matVecMul_0/inst/grp_matVecMul_Pipeline_matmul_inner_loop_fu_278/select_ln340_2_reg_920_reg[27]_i_2/CO[3]
                         net (fo=1, routed)           0.000    11.949    matvecmul_design_i/matVecMul_0/inst/grp_matVecMul_Pipeline_matmul_inner_loop_fu_278/select_ln340_2_reg_920_reg[27]_i_2_n_0
    SLICE_X44Y72         CARRY4 (Prop_carry4_CI_CO[3])
                                                      0.114    12.063 r  matvecmul_design_i/matVecMul_0/inst/grp_matVecMul_Pipeline_matmul_inner_loop_fu_278/select_ln340_2_reg_920_reg[31]_i_2/CO[3]
                         net (fo=1, routed)           0.000    12.063    matvecmul_design_i/matVecMul_0/inst/grp_matVecMul_Pipeline_matmul_inner_loop_fu_278/select_ln340_2_reg_920_reg[31]_i_2_n_0
    SLICE_X44Y73         CARRY4 (Prop_carry4_CI_CO[3])
                                                      0.114    12.177 r  matvecmul_design_i/matVecMul_0/inst/grp_matVecMul_Pipeline_matmul_inner_loop_fu_278/select_ln340_2_reg_920_reg[35]_i_2/CO[3]
                         net (fo=1, routed)           0.000    12.177    matvecmul_design_i/matVecMul_0/inst/grp_matVecMul_Pipeline_matmul_inner_loop_fu_278/select_ln340_2_reg_920_reg[35]_i_2_n_0
    SLICE_X44Y74         CARRY4 (Prop_carry4_CI_O[1])
                                                      0.334    12.511 r  matvecmul_design_i/matVecMul_0/inst/grp_matVecMul_Pipeline_matmul_inner_loop_fu_278/select_ln340_2_reg_920_reg[36]_i_4/O[1]
                         net (fo=116, routed)         1.009    13.520    matvecmul_design_i/matVecMul_0/inst/grp_matVecMul_Pipeline_matmul_inner_loop_fu_278/tmp_5_fu_615_p3
    SLICE_X42Y70         LUT4 (Prop_lut4_I0_O)        0.303    13.823 r  matvecmul_design_i/matVecMul_0/inst/grp_matVecMul_Pipeline_matmul_inner_loop_fu_278/acc_V_0_fu_110[3]_i_5/O
                         net (fo=1, routed)           0.000    13.823    matvecmul_design_i/matVecMul_0/inst/grp_matVecMul_Pipeline_matmul_inner_loop_fu_278/acc_V_0_fu_110[3]_i_5_n_0
    SLICE_X42Y70         CARRY4 (Prop_carry4_S[1]_CO[3])
                                                      0.533    14.356 r  matvecmul_design_i/matVecMul_0/inst/grp_matVecMul_Pipeline_matmul_inner_loop_fu_278/acc_V_0_fu_110_reg[3]_i_2/CO[3]
                         net (fo=1, routed)           0.000    14.356    matvecmul_design_i/matVecMul_0/inst/grp_matVecMul_Pipeline_matmul_inner_loop_fu_278/acc_V_0_fu_110_reg[3]_i_2_n_0
    SLICE_X42Y71         CARRY4 (Prop_carry4_CI_CO[3])
                                                      0.117    14.473 r  matvecmul_design_i/matVecMul_0/inst/grp_matVecMul_Pipeline_matmul_inner_loop_fu_278/acc_V_0_fu_110_reg[7]_i_2/CO[3]
                         net (fo=1, routed)           0.000    14.473    matvecmul_design_i/matVecMul_0/inst/grp_matVecMul_Pipeline_matmul_inner_loop_fu_278/acc_V_0_fu_110_reg[7]_i_2_n_0
    SLICE_X42Y72         CARRY4 (Prop_carry4_CI_CO[3])
                                                      0.117    14.590 r  matvecmul_design_i/matVecMul_0/inst/grp_matVecMul_Pipeline_matmul_inner_loop_fu_278/acc_V_0_fu_110_reg[11]_i_2/CO[3]
                         net (fo=1, routed)           0.000    14.590    matvecmul_design_i/matVecMul_0/inst/grp_matVecMul_Pipeline_matmul_inner_loop_fu_278/acc_V_0_fu_110_reg[11]_i_2_n_0
    SLICE_X42Y73         CARRY4 (Prop_carry4_CI_CO[3])
                                                      0.117    14.707 r  matvecmul_design_i/matVecMul_0/inst/grp_matVecMul_Pipeline_matmul_inner_loop_fu_278/acc_V_0_fu_110_reg[15]_i_2/CO[3]
                         net (fo=1, routed)           0.000    14.707    matvecmul_design_i/matVecMul_0/inst/grp_matVecMul_Pipeline_matmul_inner_loop_fu_278/acc_V_0_fu_110_reg[15]_i_2_n_0
    SLICE_X42Y74         CARRY4 (Prop_carry4_CI_CO[3])
                                                      0.117    14.824 r  matvecmul_design_i/matVecMul_0/inst/grp_matVecMul_Pipeline_matmul_inner_loop_fu_278/acc_V_0_fu_110_reg[19]_i_2/CO[3]
                         net (fo=1, routed)           0.009    14.833    matvecmul_design_i/matVecMul_0/inst/grp_matVecMul_Pipeline_matmul_inner_loop_fu_278/acc_V_0_fu_110_reg[19]_i_2_n_0
    SLICE_X42Y75         CARRY4 (Prop_carry4_CI_CO[3])
                                                      0.117    14.950 r  matvecmul_design_i/matVecMul_0/inst/grp_matVecMul_Pipeline_matmul_inner_loop_fu_278/acc_V_0_fu_110_reg[23]_i_2/CO[3]
                         net (fo=1, routed)           0.000    14.950    matvecmul_design_i/matVecMul_0/inst/grp_matVecMul_Pipeline_matmul_inner_loop_fu_278/acc_V_0_fu_110_reg[23]_i_2_n_0
    SLICE_X42Y76         CARRY4 (Prop_carry4_CI_CO[3])
                                                      0.117    15.067 r  matvecmul_design_i/matVecMul_0/inst/grp_matVecMul_Pipeline_matmul_inner_loop_fu_278/acc_V_0_fu_110_reg[27]_i_2/CO[3]
                         net (fo=1, routed)           0.000    15.067    matvecmul_design_i/matVecMul_0/inst/grp_matVecMul_Pipeline_matmul_inner_loop_fu_278/acc_V_0_fu_110_reg[27]_i_2_n_0
    SLICE_X42Y77         CARRY4 (Prop_carry4_CI_CO[3])
                                                      0.117    15.184 r  matvecmul_design_i/matVecMul_0/inst/grp_matVecMul_Pipeline_matmul_inner_loop_fu_278/acc_V_0_fu_110_reg[31]_i_2/CO[3]
                         net (fo=1, routed)           0.000    15.184    matvecmul_design_i/matVecMul_0/inst/grp_matVecMul_Pipeline_matmul_inner_loop_fu_278/acc_V_0_fu_110_reg[31]_i_2_n_0
    SLICE_X42Y78         CARRY4 (Prop_carry4_CI_CO[3])
                                                      0.117    15.301 r  matvecmul_design_i/matVecMul_0/inst/grp_matVecMul_Pipeline_matmul_inner_loop_fu_278/acc_V_0_fu_110_reg[35]_i_2/CO[3]
                         net (fo=1, routed)           0.000    15.301    matvecmul_design_i/matVecMul_0/inst/grp_matVecMul_Pipeline_matmul_inner_loop_fu_278/acc_V_0_fu_110_reg[35]_i_2_n_0
    SLICE_X42Y79         CARRY4 (Prop_carry4_CI_O[1])
                                                      0.323    15.624 r  matvecmul_design_i/matVecMul_0/inst/grp_matVecMul_Pipeline_matmul_inner_loop_fu_278/acc_V_0_fu_110_reg[36]_i_2/O[1]
                         net (fo=37, routed)          1.114    16.737    matvecmul_design_i/matVecMul_0/inst/grp_matVecMul_Pipeline_matmul_inner_loop_fu_278/tmp_8_fu_687_p3
    SLICE_X42Y69         LUT3 (Prop_lut3_I1_O)        0.306    17.043 r  matvecmul_design_i/matVecMul_0/inst/grp_matVecMul_Pipeline_matmul_inner_loop_fu_278/acc_V_0_fu_110[2]_i_1/O
                         net (fo=1, routed)           0.000    17.043    matvecmul_design_i/matVecMul_0/inst/grp_matVecMul_Pipeline_matmul_inner_loop_fu_278/select_ln340_3_fu_721_p3[2]
    SLICE_X42Y69         FDRE                                         r  matvecmul_design_i/matVecMul_0/inst/grp_matVecMul_Pipeline_matmul_inner_loop_fu_278/acc_V_0_fu_110_reg[2]/D
  -------------------------------------------------------------------    -------------------

                         (clock clk_fpga_0 rise edge)
                                                     10.000    10.000 r  
    PS7_X0Y0             PS7                          0.000    10.000 r  matvecmul_design_i/ps7/inst/PS7_i/FCLKCLK[0]
                         net (fo=1, routed)           1.088    11.088    matvecmul_design_i/ps7/inst/FCLK_CLK_unbuffered[0]
    BUFGCTRL_X0Y16       BUFG (Prop_bufg_I_O)         0.091    11.179 r  matvecmul_design_i/ps7/inst/buffer_fclk_clk_0.FCLK_CLK_0_BUFG/O
                         net (fo=5456, routed)        1.468    12.647    matvecmul_design_i/matVecMul_0/inst/grp_matVecMul_Pipeline_matmul_inner_loop_fu_278/ap_clk
    SLICE_X42Y69         FDRE                                         r  matvecmul_design_i/matVecMul_0/inst/grp_matVecMul_Pipeline_matmul_inner_loop_fu_278/acc_V_0_fu_110_reg[2]/C
                         clock pessimism              0.262    12.909    
                         clock uncertainty           -0.154    12.755    
    SLICE_X42Y69         FDRE (Setup_fdre_C_D)        0.081    12.836    matvecmul_design_i/matVecMul_0/inst/grp_matVecMul_Pipeline_matmul_inner_loop_fu_278/acc_V_0_fu_110_reg[2]
  -------------------------------------------------------------------
                         required time                         12.836    
                         arrival time                         -17.043    
  -------------------------------------------------------------------
                         slack                                 -4.208    

Slack (VIOLATED) :        -4.206ns  (required time - arrival time)
  Source:                 matvecmul_design_i/matVecMul_0/inst/grp_matVecMul_Pipeline_matmul_inner_loop_fu_278/acc_V_0_fu_110_reg[5]/C
                            (rising edge-triggered cell FDRE clocked by clk_fpga_0  {rise@0.000ns fall@5.000ns period=10.000ns})
  Destination:            matvecmul_design_i/matVecMul_0/inst/grp_matVecMul_Pipeline_matmul_inner_loop_fu_278/acc_V_0_fu_110_reg[1]/D
                            (rising edge-triggered cell FDRE clocked by clk_fpga_0  {rise@0.000ns fall@5.000ns period=10.000ns})
  Path Group:             clk_fpga_0
  Path Type:              Setup (Max at Slow Process Corner)
  Requirement:            10.000ns  (clk_fpga_0 rise@10.000ns - clk_fpga_0 rise@0.000ns)
  Data Path Delay:        14.103ns  (logic 8.754ns (62.070%)  route 5.349ns (37.930%))
  Logic Levels:           44  (CARRY4=39 LUT2=1 LUT3=1 LUT4=3)
  Clock Path Skew:        -0.025ns (DCD - SCD + CPR)
    Destination Clock Delay (DCD):    2.647ns = ( 12.647 - 10.000 ) 
    Source Clock Delay      (SCD):    2.934ns
    Clock Pessimism Removal (CPR):    0.262ns
  Clock Uncertainty:      0.154ns  ((TSJ^2 + TIJ^2)^1/2 + DJ) / 2 + PE
    Total System Jitter     (TSJ):    0.071ns
    Total Input Jitter      (TIJ):    0.300ns
    Discrete Jitter          (DJ):    0.000ns
    Phase Error              (PE):    0.000ns

    Location             Delay type                Incr(ns)  Path(ns)    Netlist Resource(s)
  -------------------------------------------------------------------    -------------------
                         (clock clk_fpga_0 rise edge)
                                                      0.000     0.000 r  
    PS7_X0Y0             PS7                          0.000     0.000 r  matvecmul_design_i/ps7/inst/PS7_i/FCLKCLK[0]
                         net (fo=1, routed)           1.193     1.193    matvecmul_design_i/ps7/inst/FCLK_CLK_unbuffered[0]
    BUFGCTRL_X0Y16       BUFG (Prop_bufg_I_O)         0.101     1.294 r  matvecmul_design_i/ps7/inst/buffer_fclk_clk_0.FCLK_CLK_0_BUFG/O
                         net (fo=5456, routed)        1.640     2.934    matvecmul_design_i/matVecMul_0/inst/grp_matVecMul_Pipeline_matmul_inner_loop_fu_278/ap_clk
    SLICE_X42Y68         FDRE                                         r  matvecmul_design_i/matVecMul_0/inst/grp_matVecMul_Pipeline_matmul_inner_loop_fu_278/acc_V_0_fu_110_reg[5]/C
  -------------------------------------------------------------------    -------------------
    SLICE_X42Y68         FDRE (Prop_fdre_C_Q)         0.518     3.452 r  matvecmul_design_i/matVecMul_0/inst/grp_matVecMul_Pipeline_matmul_inner_loop_fu_278/acc_V_0_fu_110_reg[5]/Q
                         net (fo=4, routed)           0.883     4.335    matvecmul_design_i/matVecMul_0/inst/grp_matVecMul_Pipeline_matmul_inner_loop_fu_278/acc_V_0_fu_110[5]
    SLICE_X45Y65         LUT2 (Prop_lut2_I0_O)        0.124     4.459 r  matvecmul_design_i/matVecMul_0/inst/grp_matVecMul_Pipeline_matmul_inner_loop_fu_278/select_ln340_reg_910[7]_i_5/O
                         net (fo=1, routed)           0.000     4.459    matvecmul_design_i/matVecMul_0/inst/grp_matVecMul_Pipeline_matmul_inner_loop_fu_278/select_ln340_reg_910[7]_i_5_n_0
    SLICE_X45Y65         CARRY4 (Prop_carry4_S[1]_CO[3])
                                                      0.550     5.009 r  matvecmul_design_i/matVecMul_0/inst/grp_matVecMul_Pipeline_matmul_inner_loop_fu_278/select_ln340_reg_910_reg[7]_i_2/CO[3]
                         net (fo=1, routed)           0.000     5.009    matvecmul_design_i/matVecMul_0/inst/grp_matVecMul_Pipeline_matmul_inner_loop_fu_278/select_ln340_reg_910_reg[7]_i_2_n_0
    SLICE_X45Y66         CARRY4 (Prop_carry4_CI_CO[3])
                                                      0.114     5.123 r  matvecmul_design_i/matVecMul_0/inst/grp_matVecMul_Pipeline_matmul_inner_loop_fu_278/select_ln340_reg_910_reg[11]_i_2/CO[3]
                         net (fo=1, routed)           0.000     5.123    matvecmul_design_i/matVecMul_0/inst/grp_matVecMul_Pipeline_matmul_inner_loop_fu_278/select_ln340_reg_910_reg[11]_i_2_n_0
    SLICE_X45Y67         CARRY4 (Prop_carry4_CI_CO[3])
                                                      0.114     5.237 r  matvecmul_design_i/matVecMul_0/inst/grp_matVecMul_Pipeline_matmul_inner_loop_fu_278/select_ln340_reg_910_reg[15]_i_2/CO[3]
                         net (fo=1, routed)           0.000     5.237    matvecmul_design_i/matVecMul_0/inst/grp_matVecMul_Pipeline_matmul_inner_loop_fu_278/select_ln340_reg_910_reg[15]_i_2_n_0
    SLICE_X45Y68         CARRY4 (Prop_carry4_CI_CO[3])
                                                      0.114     5.351 r  matvecmul_design_i/matVecMul_0/inst/grp_matVecMul_Pipeline_matmul_inner_loop_fu_278/select_ln340_reg_910_reg[19]_i_2/CO[3]
                         net (fo=1, routed)           0.000     5.351    matvecmul_design_i/matVecMul_0/inst/grp_matVecMul_Pipeline_matmul_inner_loop_fu_278/select_ln340_reg_910_reg[19]_i_2_n_0
    SLICE_X45Y69         CARRY4 (Prop_carry4_CI_CO[3])
                                                      0.114     5.465 r  matvecmul_design_i/matVecMul_0/inst/grp_matVecMul_Pipeline_matmul_inner_loop_fu_278/select_ln340_reg_910_reg[23]_i_2/CO[3]
                         net (fo=1, routed)           0.000     5.465    matvecmul_design_i/matVecMul_0/inst/grp_matVecMul_Pipeline_matmul_inner_loop_fu_278/select_ln340_reg_910_reg[23]_i_2_n_0
    SLICE_X45Y70         CARRY4 (Prop_carry4_CI_CO[3])
                                                      0.114     5.579 r  matvecmul_design_i/matVecMul_0/inst/grp_matVecMul_Pipeline_matmul_inner_loop_fu_278/select_ln340_reg_910_reg[27]_i_2/CO[3]
                         net (fo=1, routed)           0.000     5.579    matvecmul_design_i/matVecMul_0/inst/grp_matVecMul_Pipeline_matmul_inner_loop_fu_278/select_ln340_reg_910_reg[27]_i_2_n_0
    SLICE_X45Y71         CARRY4 (Prop_carry4_CI_CO[3])
                                                      0.114     5.693 r  matvecmul_design_i/matVecMul_0/inst/grp_matVecMul_Pipeline_matmul_inner_loop_fu_278/select_ln340_reg_910_reg[31]_i_2/CO[3]
                         net (fo=1, routed)           0.000     5.693    matvecmul_design_i/matVecMul_0/inst/grp_matVecMul_Pipeline_matmul_inner_loop_fu_278/select_ln340_reg_910_reg[31]_i_2_n_0
    SLICE_X45Y72         CARRY4 (Prop_carry4_CI_CO[3])
                                                      0.114     5.807 r  matvecmul_design_i/matVecMul_0/inst/grp_matVecMul_Pipeline_matmul_inner_loop_fu_278/select_ln340_reg_910_reg[35]_i_2/CO[3]
                         net (fo=1, routed)           0.000     5.807    matvecmul_design_i/matVecMul_0/inst/grp_matVecMul_Pipeline_matmul_inner_loop_fu_278/select_ln340_reg_910_reg[35]_i_2_n_0
    SLICE_X45Y73         CARRY4 (Prop_carry4_CI_O[1])
                                                      0.334     6.141 r  matvecmul_design_i/matVecMul_0/inst/grp_matVecMul_Pipeline_matmul_inner_loop_fu_278/select_ln340_reg_910_reg[36]_i_3/O[1]
                         net (fo=116, routed)         1.088     7.229    matvecmul_design_i/matVecMul_0/inst/grp_matVecMul_Pipeline_matmul_inner_loop_fu_278/tmp_1_fu_471_p3
    SLICE_X43Y64         LUT4 (Prop_lut4_I1_O)        0.303     7.532 r  matvecmul_design_i/matVecMul_0/inst/grp_matVecMul_Pipeline_matmul_inner_loop_fu_278/add_ln1245_1_fu_523_p2_carry_i_3/O
                         net (fo=1, routed)           0.000     7.532    matvecmul_design_i/matVecMul_0/inst/grp_matVecMul_Pipeline_matmul_inner_loop_fu_278/add_ln1245_1_fu_523_p2_carry_i_3_n_0
    SLICE_X43Y64         CARRY4 (Prop_carry4_S[1]_CO[3])
                                                      0.550     8.082 r  matvecmul_design_i/matVecMul_0/inst/grp_matVecMul_Pipeline_matmul_inner_loop_fu_278/add_ln1245_1_fu_523_p2_carry/CO[3]
                         net (fo=1, routed)           0.000     8.082    matvecmul_design_i/matVecMul_0/inst/grp_matVecMul_Pipeline_matmul_inner_loop_fu_278/add_ln1245_1_fu_523_p2_carry_n_0
    SLICE_X43Y65         CARRY4 (Prop_carry4_CI_CO[3])
                                                      0.114     8.196 r  matvecmul_design_i/matVecMul_0/inst/grp_matVecMul_Pipeline_matmul_inner_loop_fu_278/add_ln1245_1_fu_523_p2_carry__0/CO[3]
                         net (fo=1, routed)           0.000     8.196    matvecmul_design_i/matVecMul_0/inst/grp_matVecMul_Pipeline_matmul_inner_loop_fu_278/add_ln1245_1_fu_523_p2_carry__0_n_0
    SLICE_X43Y66         CARRY4 (Prop_carry4_CI_CO[3])
                                                      0.114     8.310 r  matvecmul_design_i/matVecMul_0/inst/grp_matVecMul_Pipeline_matmul_inner_loop_fu_278/add_ln1245_1_fu_523_p2_carry__1/CO[3]
                         net (fo=1, routed)           0.000     8.310    matvecmul_design_i/matVecMul_0/inst/grp_matVecMul_Pipeline_matmul_inner_loop_fu_278/add_ln1245_1_fu_523_p2_carry__1_n_0
    SLICE_X43Y67         CARRY4 (Prop_carry4_CI_CO[3])
                                                      0.114     8.424 r  matvecmul_design_i/matVecMul_0/inst/grp_matVecMul_Pipeline_matmul_inner_loop_fu_278/add_ln1245_1_fu_523_p2_carry__2/CO[3]
                         net (fo=1, routed)           0.000     8.424    matvecmul_design_i/matVecMul_0/inst/grp_matVecMul_Pipeline_matmul_inner_loop_fu_278/add_ln1245_1_fu_523_p2_carry__2_n_0
    SLICE_X43Y68         CARRY4 (Prop_carry4_CI_CO[3])
                                                      0.114     8.538 r  matvecmul_design_i/matVecMul_0/inst/grp_matVecMul_Pipeline_matmul_inner_loop_fu_278/add_ln1245_1_fu_523_p2_carry__3/CO[3]
                         net (fo=1, routed)           0.000     8.538    matvecmul_design_i/matVecMul_0/inst/grp_matVecMul_Pipeline_matmul_inner_loop_fu_278/add_ln1245_1_fu_523_p2_carry__3_n_0
    SLICE_X43Y69         CARRY4 (Prop_carry4_CI_CO[3])
                                                      0.114     8.652 r  matvecmul_design_i/matVecMul_0/inst/grp_matVecMul_Pipeline_matmul_inner_loop_fu_278/add_ln1245_1_fu_523_p2_carry__4/CO[3]
                         net (fo=1, routed)           0.000     8.652    matvecmul_design_i/matVecMul_0/inst/grp_matVecMul_Pipeline_matmul_inner_loop_fu_278/add_ln1245_1_fu_523_p2_carry__4_n_0
    SLICE_X43Y70         CARRY4 (Prop_carry4_CI_CO[3])
                                                      0.114     8.766 r  matvecmul_design_i/matVecMul_0/inst/grp_matVecMul_Pipeline_matmul_inner_loop_fu_278/add_ln1245_1_fu_523_p2_carry__5/CO[3]
                         net (fo=1, routed)           0.000     8.766    matvecmul_design_i/matVecMul_0/inst/grp_matVecMul_Pipeline_matmul_inner_loop_fu_278/add_ln1245_1_fu_523_p2_carry__5_n_0
    SLICE_X43Y71         CARRY4 (Prop_carry4_CI_CO[3])
                                                      0.114     8.880 r  matvecmul_design_i/matVecMul_0/inst/grp_matVecMul_Pipeline_matmul_inner_loop_fu_278/add_ln1245_1_fu_523_p2_carry__6/CO[3]
                         net (fo=1, routed)           0.000     8.880    matvecmul_design_i/matVecMul_0/inst/grp_matVecMul_Pipeline_matmul_inner_loop_fu_278/add_ln1245_1_fu_523_p2_carry__6_n_0
    SLICE_X43Y72         CARRY4 (Prop_carry4_CI_CO[3])
                                                      0.114     8.994 r  matvecmul_design_i/matVecMul_0/inst/grp_matVecMul_Pipeline_matmul_inner_loop_fu_278/add_ln1245_1_fu_523_p2_carry__7/CO[3]
                         net (fo=1, routed)           0.000     8.994    matvecmul_design_i/matVecMul_0/inst/grp_matVecMul_Pipeline_matmul_inner_loop_fu_278/add_ln1245_1_fu_523_p2_carry__7_n_0
    SLICE_X43Y73         CARRY4 (Prop_carry4_CI_CO[1])
                                                      0.157     9.151 r  matvecmul_design_i/matVecMul_0/inst/grp_matVecMul_Pipeline_matmul_inner_loop_fu_278/add_ln1245_1_fu_523_p2_carry__8/CO[1]
                         net (fo=117, routed)         1.253    10.404    matvecmul_design_i/matVecMul_0/inst/grp_matVecMul_Pipeline_matmul_inner_loop_fu_278/add_ln1245_1_fu_523_p2_carry__8_n_2
    SLICE_X44Y65         LUT4 (Prop_lut4_I1_O)        0.329    10.733 r  matvecmul_design_i/matVecMul_0/inst/grp_matVecMul_Pipeline_matmul_inner_loop_fu_278/add_ln1245_3_fu_667_p2_carry_i_9/O
                         net (fo=1, routed)           0.000    10.733    matvecmul_design_i/matVecMul_0/inst/grp_matVecMul_Pipeline_matmul_inner_loop_fu_278/add_ln1245_3_fu_667_p2_carry_i_9_n_0
    SLICE_X44Y65         CARRY4 (Prop_carry4_S[0]_CO[3])
                                                      0.532    11.265 r  matvecmul_design_i/matVecMul_0/inst/grp_matVecMul_Pipeline_matmul_inner_loop_fu_278/add_ln1245_3_fu_667_p2_carry_i_5/CO[3]
                         net (fo=1, routed)           0.000    11.265    matvecmul_design_i/matVecMul_0/inst/grp_matVecMul_Pipeline_matmul_inner_loop_fu_278/add_ln1245_3_fu_667_p2_carry_i_5_n_0
    SLICE_X44Y66         CARRY4 (Prop_carry4_CI_CO[3])
                                                      0.114    11.379 r  matvecmul_design_i/matVecMul_0/inst/grp_matVecMul_Pipeline_matmul_inner_loop_fu_278/select_ln340_2_reg_920_reg[7]_i_2/CO[3]
                         net (fo=1, routed)           0.000    11.379    matvecmul_design_i/matVecMul_0/inst/grp_matVecMul_Pipeline_matmul_inner_loop_fu_278/select_ln340_2_reg_920_reg[7]_i_2_n_0
    SLICE_X44Y67         CARRY4 (Prop_carry4_CI_CO[3])
                                                      0.114    11.493 r  matvecmul_design_i/matVecMul_0/inst/grp_matVecMul_Pipeline_matmul_inner_loop_fu_278/select_ln340_2_reg_920_reg[11]_i_2/CO[3]
                         net (fo=1, routed)           0.000    11.493    matvecmul_design_i/matVecMul_0/inst/grp_matVecMul_Pipeline_matmul_inner_loop_fu_278/select_ln340_2_reg_920_reg[11]_i_2_n_0
    SLICE_X44Y68         CARRY4 (Prop_carry4_CI_CO[3])
                                                      0.114    11.607 r  matvecmul_design_i/matVecMul_0/inst/grp_matVecMul_Pipeline_matmul_inner_loop_fu_278/select_ln340_2_reg_920_reg[15]_i_2/CO[3]
                         net (fo=1, routed)           0.000    11.607    matvecmul_design_i/matVecMul_0/inst/grp_matVecMul_Pipeline_matmul_inner_loop_fu_278/select_ln340_2_reg_920_reg[15]_i_2_n_0
    SLICE_X44Y69         CARRY4 (Prop_carry4_CI_CO[3])
                                                      0.114    11.721 r  matvecmul_design_i/matVecMul_0/inst/grp_matVecMul_Pipeline_matmul_inner_loop_fu_278/select_ln340_2_reg_920_reg[19]_i_2/CO[3]
                         net (fo=1, routed)           0.000    11.721    matvecmul_design_i/matVecMul_0/inst/grp_matVecMul_Pipeline_matmul_inner_loop_fu_278/select_ln340_2_reg_920_reg[19]_i_2_n_0
    SLICE_X44Y70         CARRY4 (Prop_carry4_CI_CO[3])
                                                      0.114    11.835 r  matvecmul_design_i/matVecMul_0/inst/grp_matVecMul_Pipeline_matmul_inner_loop_fu_278/select_ln340_2_reg_920_reg[23]_i_2/CO[3]
                         net (fo=1, routed)           0.000    11.835    matvecmul_design_i/matVecMul_0/inst/grp_matVecMul_Pipeline_matmul_inner_loop_fu_278/select_ln340_2_reg_920_reg[23]_i_2_n_0
    SLICE_X44Y71         CARRY4 (Prop_carry4_CI_CO[3])
                                                      0.114    11.949 r  matvecmul_design_i/matVecMul_0/inst/grp_matVecMul_Pipeline_matmul_inner_loop_fu_278/select_ln340_2_reg_920_reg[27]_i_2/CO[3]
                         net (fo=1, routed)           0.000    11.949    matvecmul_design_i/matVecMul_0/inst/grp_matVecMul_Pipeline_matmul_inner_loop_fu_278/select_ln340_2_reg_920_reg[27]_i_2_n_0
    SLICE_X44Y72         CARRY4 (Prop_carry4_CI_CO[3])
                                                      0.114    12.063 r  matvecmul_design_i/matVecMul_0/inst/grp_matVecMul_Pipeline_matmul_inner_loop_fu_278/select_ln340_2_reg_920_reg[31]_i_2/CO[3]
                         net (fo=1, routed)           0.000    12.063    matvecmul_design_i/matVecMul_0/inst/grp_matVecMul_Pipeline_matmul_inner_loop_fu_278/select_ln340_2_reg_920_reg[31]_i_2_n_0
    SLICE_X44Y73         CARRY4 (Prop_carry4_CI_CO[3])
                                                      0.114    12.177 r  matvecmul_design_i/matVecMul_0/inst/grp_matVecMul_Pipeline_matmul_inner_loop_fu_278/select_ln340_2_reg_920_reg[35]_i_2/CO[3]
                         net (fo=1, routed)           0.000    12.177    matvecmul_design_i/matVecMul_0/inst/grp_matVecMul_Pipeline_matmul_inner_loop_fu_278/select_ln340_2_reg_920_reg[35]_i_2_n_0
    SLICE_X44Y74         CARRY4 (Prop_carry4_CI_O[1])
                                                      0.334    12.511 r  matvecmul_design_i/matVecMul_0/inst/grp_matVecMul_Pipeline_matmul_inner_loop_fu_278/select_ln340_2_reg_920_reg[36]_i_4/O[1]
                         net (fo=116, routed)         1.009    13.520    matvecmul_design_i/matVecMul_0/inst/grp_matVecMul_Pipeline_matmul_inner_loop_fu_278/tmp_5_fu_615_p3
    SLICE_X42Y70         LUT4 (Prop_lut4_I0_O)        0.303    13.823 r  matvecmul_design_i/matVecMul_0/inst/grp_matVecMul_Pipeline_matmul_inner_loop_fu_278/acc_V_0_fu_110[3]_i_5/O
                         net (fo=1, routed)           0.000    13.823    matvecmul_design_i/matVecMul_0/inst/grp_matVecMul_Pipeline_matmul_inner_loop_fu_278/acc_V_0_fu_110[3]_i_5_n_0
    SLICE_X42Y70         CARRY4 (Prop_carry4_S[1]_CO[3])
                                                      0.533    14.356 r  matvecmul_design_i/matVecMul_0/inst/grp_matVecMul_Pipeline_matmul_inner_loop_fu_278/acc_V_0_fu_110_reg[3]_i_2/CO[3]
                         net (fo=1, routed)           0.000    14.356    matvecmul_design_i/matVecMul_0/inst/grp_matVecMul_Pipeline_matmul_inner_loop_fu_278/acc_V_0_fu_110_reg[3]_i_2_n_0
    SLICE_X42Y71         CARRY4 (Prop_carry4_CI_CO[3])
                                                      0.117    14.473 r  matvecmul_design_i/matVecMul_0/inst/grp_matVecMul_Pipeline_matmul_inner_loop_fu_278/acc_V_0_fu_110_reg[7]_i_2/CO[3]
                         net (fo=1, routed)           0.000    14.473    matvecmul_design_i/matVecMul_0/inst/grp_matVecMul_Pipeline_matmul_inner_loop_fu_278/acc_V_0_fu_110_reg[7]_i_2_n_0
    SLICE_X42Y72         CARRY4 (Prop_carry4_CI_CO[3])
                                                      0.117    14.590 r  matvecmul_design_i/matVecMul_0/inst/grp_matVecMul_Pipeline_matmul_inner_loop_fu_278/acc_V_0_fu_110_reg[11]_i_2/CO[3]
                         net (fo=1, routed)           0.000    14.590    matvecmul_design_i/matVecMul_0/inst/grp_matVecMul_Pipeline_matmul_inner_loop_fu_278/acc_V_0_fu_110_reg[11]_i_2_n_0
    SLICE_X42Y73         CARRY4 (Prop_carry4_CI_CO[3])
                                                      0.117    14.707 r  matvecmul_design_i/matVecMul_0/inst/grp_matVecMul_Pipeline_matmul_inner_loop_fu_278/acc_V_0_fu_110_reg[15]_i_2/CO[3]
                         net (fo=1, routed)           0.000    14.707    matvecmul_design_i/matVecMul_0/inst/grp_matVecMul_Pipeline_matmul_inner_loop_fu_278/acc_V_0_fu_110_reg[15]_i_2_n_0
    SLICE_X42Y74         CARRY4 (Prop_carry4_CI_CO[3])
                                                      0.117    14.824 r  matvecmul_design_i/matVecMul_0/inst/grp_matVecMul_Pipeline_matmul_inner_loop_fu_278/acc_V_0_fu_110_reg[19]_i_2/CO[3]
                         net (fo=1, routed)           0.009    14.833    matvecmul_design_i/matVecMul_0/inst/grp_matVecMul_Pipeline_matmul_inner_loop_fu_278/acc_V_0_fu_110_reg[19]_i_2_n_0
    SLICE_X42Y75         CARRY4 (Prop_carry4_CI_CO[3])
                                                      0.117    14.950 r  matvecmul_design_i/matVecMul_0/inst/grp_matVecMul_Pipeline_matmul_inner_loop_fu_278/acc_V_0_fu_110_reg[23]_i_2/CO[3]
                         net (fo=1, routed)           0.000    14.950    matvecmul_design_i/matVecMul_0/inst/grp_matVecMul_Pipeline_matmul_inner_loop_fu_278/acc_V_0_fu_110_reg[23]_i_2_n_0
    SLICE_X42Y76         CARRY4 (Prop_carry4_CI_CO[3])
                                                      0.117    15.067 r  matvecmul_design_i/matVecMul_0/inst/grp_matVecMul_Pipeline_matmul_inner_loop_fu_278/acc_V_0_fu_110_reg[27]_i_2/CO[3]
                         net (fo=1, routed)           0.000    15.067    matvecmul_design_i/matVecMul_0/inst/grp_matVecMul_Pipeline_matmul_inner_loop_fu_278/acc_V_0_fu_110_reg[27]_i_2_n_0
    SLICE_X42Y77         CARRY4 (Prop_carry4_CI_CO[3])
                                                      0.117    15.184 r  matvecmul_design_i/matVecMul_0/inst/grp_matVecMul_Pipeline_matmul_inner_loop_fu_278/acc_V_0_fu_110_reg[31]_i_2/CO[3]
                         net (fo=1, routed)           0.000    15.184    matvecmul_design_i/matVecMul_0/inst/grp_matVecMul_Pipeline_matmul_inner_loop_fu_278/acc_V_0_fu_110_reg[31]_i_2_n_0
    SLICE_X42Y78         CARRY4 (Prop_carry4_CI_CO[3])
                                                      0.117    15.301 r  matvecmul_design_i/matVecMul_0/inst/grp_matVecMul_Pipeline_matmul_inner_loop_fu_278/acc_V_0_fu_110_reg[35]_i_2/CO[3]
                         net (fo=1, routed)           0.000    15.301    matvecmul_design_i/matVecMul_0/inst/grp_matVecMul_Pipeline_matmul_inner_loop_fu_278/acc_V_0_fu_110_reg[35]_i_2_n_0
    SLICE_X42Y79         CARRY4 (Prop_carry4_CI_O[1])
                                                      0.323    15.624 r  matvecmul_design_i/matVecMul_0/inst/grp_matVecMul_Pipeline_matmul_inner_loop_fu_278/acc_V_0_fu_110_reg[36]_i_2/O[1]
                         net (fo=37, routed)          1.108    16.731    matvecmul_design_i/matVecMul_0/inst/grp_matVecMul_Pipeline_matmul_inner_loop_fu_278/tmp_8_fu_687_p3
    SLICE_X42Y69         LUT3 (Prop_lut3_I1_O)        0.306    17.037 r  matvecmul_design_i/matVecMul_0/inst/grp_matVecMul_Pipeline_matmul_inner_loop_fu_278/acc_V_0_fu_110[1]_i_1/O
                         net (fo=1, routed)           0.000    17.037    matvecmul_design_i/matVecMul_0/inst/grp_matVecMul_Pipeline_matmul_inner_loop_fu_278/select_ln340_3_fu_721_p3[1]
    SLICE_X42Y69         FDRE                                         r  matvecmul_design_i/matVecMul_0/inst/grp_matVecMul_Pipeline_matmul_inner_loop_fu_278/acc_V_0_fu_110_reg[1]/D
  -------------------------------------------------------------------    -------------------

                         (clock clk_fpga_0 rise edge)
                                                     10.000    10.000 r  
    PS7_X0Y0             PS7                          0.000    10.000 r  matvecmul_design_i/ps7/inst/PS7_i/FCLKCLK[0]
                         net (fo=1, routed)           1.088    11.088    matvecmul_design_i/ps7/inst/FCLK_CLK_unbuffered[0]
    BUFGCTRL_X0Y16       BUFG (Prop_bufg_I_O)         0.091    11.179 r  matvecmul_design_i/ps7/inst/buffer_fclk_clk_0.FCLK_CLK_0_BUFG/O
                         net (fo=5456, routed)        1.468    12.647    matvecmul_design_i/matVecMul_0/inst/grp_matVecMul_Pipeline_matmul_inner_loop_fu_278/ap_clk
    SLICE_X42Y69         FDRE                                         r  matvecmul_design_i/matVecMul_0/inst/grp_matVecMul_Pipeline_matmul_inner_loop_fu_278/acc_V_0_fu_110_reg[1]/C
                         clock pessimism              0.262    12.909    
                         clock uncertainty           -0.154    12.755    
    SLICE_X42Y69         FDRE (Setup_fdre_C_D)        0.077    12.832    matvecmul_design_i/matVecMul_0/inst/grp_matVecMul_Pipeline_matmul_inner_loop_fu_278/acc_V_0_fu_110_reg[1]
  -------------------------------------------------------------------
                         required time                         12.832    
                         arrival time                         -17.037    
  -------------------------------------------------------------------
                         slack                                 -4.206    

Slack (VIOLATED) :        -4.179ns  (required time - arrival time)
  Source:                 matvecmul_design_i/matVecMul_0/inst/grp_matVecMul_Pipeline_matmul_inner_loop_fu_278/acc_V_0_fu_110_reg[5]/C
                            (rising edge-triggered cell FDRE clocked by clk_fpga_0  {rise@0.000ns fall@5.000ns period=10.000ns})
  Destination:            matvecmul_design_i/matVecMul_0/inst/grp_matVecMul_Pipeline_matmul_inner_loop_fu_278/acc_V_0_fu_110_reg[14]/D
                            (rising edge-triggered cell FDRE clocked by clk_fpga_0  {rise@0.000ns fall@5.000ns period=10.000ns})
  Path Group:             clk_fpga_0
  Path Type:              Setup (Max at Slow Process Corner)
  Requirement:            10.000ns  (clk_fpga_0 rise@10.000ns - clk_fpga_0 rise@0.000ns)
  Data Path Delay:        14.102ns  (logic 8.754ns (62.078%)  route 5.348ns (37.922%))
  Logic Levels:           44  (CARRY4=39 LUT2=1 LUT3=1 LUT4=3)
  Clock Path Skew:        0.000ns (DCD - SCD + CPR)
    Destination Clock Delay (DCD):    2.648ns = ( 12.648 - 10.000 ) 
    Source Clock Delay      (SCD):    2.934ns
    Clock Pessimism Removal (CPR):    0.286ns
  Clock Uncertainty:      0.154ns  ((TSJ^2 + TIJ^2)^1/2 + DJ) / 2 + PE
    Total System Jitter     (TSJ):    0.071ns
    Total Input Jitter      (TIJ):    0.300ns
    Discrete Jitter          (DJ):    0.000ns
    Phase Error              (PE):    0.000ns

    Location             Delay type                Incr(ns)  Path(ns)    Netlist Resource(s)
  -------------------------------------------------------------------    -------------------
                         (clock clk_fpga_0 rise edge)
                                                      0.000     0.000 r  
    PS7_X0Y0             PS7                          0.000     0.000 r  matvecmul_design_i/ps7/inst/PS7_i/FCLKCLK[0]
                         net (fo=1, routed)           1.193     1.193    matvecmul_design_i/ps7/inst/FCLK_CLK_unbuffered[0]
    BUFGCTRL_X0Y16       BUFG (Prop_bufg_I_O)         0.101     1.294 r  matvecmul_design_i/ps7/inst/buffer_fclk_clk_0.FCLK_CLK_0_BUFG/O
                         net (fo=5456, routed)        1.640     2.934    matvecmul_design_i/matVecMul_0/inst/grp_matVecMul_Pipeline_matmul_inner_loop_fu_278/ap_clk
    SLICE_X42Y68         FDRE                                         r  matvecmul_design_i/matVecMul_0/inst/grp_matVecMul_Pipeline_matmul_inner_loop_fu_278/acc_V_0_fu_110_reg[5]/C
  -------------------------------------------------------------------    -------------------
    SLICE_X42Y68         FDRE (Prop_fdre_C_Q)         0.518     3.452 r  matvecmul_design_i/matVecMul_0/inst/grp_matVecMul_Pipeline_matmul_inner_loop_fu_278/acc_V_0_fu_110_reg[5]/Q
                         net (fo=4, routed)           0.883     4.335    matvecmul_design_i/matVecMul_0/inst/grp_matVecMul_Pipeline_matmul_inner_loop_fu_278/acc_V_0_fu_110[5]
    SLICE_X45Y65         LUT2 (Prop_lut2_I0_O)        0.124     4.459 r  matvecmul_design_i/matVecMul_0/inst/grp_matVecMul_Pipeline_matmul_inner_loop_fu_278/select_ln340_reg_910[7]_i_5/O
                         net (fo=1, routed)           0.000     4.459    matvecmul_design_i/matVecMul_0/inst/grp_matVecMul_Pipeline_matmul_inner_loop_fu_278/select_ln340_reg_910[7]_i_5_n_0
    SLICE_X45Y65         CARRY4 (Prop_carry4_S[1]_CO[3])
                                                      0.550     5.009 r  matvecmul_design_i/matVecMul_0/inst/grp_matVecMul_Pipeline_matmul_inner_loop_fu_278/select_ln340_reg_910_reg[7]_i_2/CO[3]
                         net (fo=1, routed)           0.000     5.009    matvecmul_design_i/matVecMul_0/inst/grp_matVecMul_Pipeline_matmul_inner_loop_fu_278/select_ln340_reg_910_reg[7]_i_2_n_0
    SLICE_X45Y66         CARRY4 (Prop_carry4_CI_CO[3])
                                                      0.114     5.123 r  matvecmul_design_i/matVecMul_0/inst/grp_matVecMul_Pipeline_matmul_inner_loop_fu_278/select_ln340_reg_910_reg[11]_i_2/CO[3]
                         net (fo=1, routed)           0.000     5.123    matvecmul_design_i/matVecMul_0/inst/grp_matVecMul_Pipeline_matmul_inner_loop_fu_278/select_ln340_reg_910_reg[11]_i_2_n_0
    SLICE_X45Y67         CARRY4 (Prop_carry4_CI_CO[3])
                                                      0.114     5.237 r  matvecmul_design_i/matVecMul_0/inst/grp_matVecMul_Pipeline_matmul_inner_loop_fu_278/select_ln340_reg_910_reg[15]_i_2/CO[3]
                         net (fo=1, routed)           0.000     5.237    matvecmul_design_i/matVecMul_0/inst/grp_matVecMul_Pipeline_matmul_inner_loop_fu_278/select_ln340_reg_910_reg[15]_i_2_n_0
    SLICE_X45Y68         CARRY4 (Prop_carry4_CI_CO[3])
                                                      0.114     5.351 r  matvecmul_design_i/matVecMul_0/inst/grp_matVecMul_Pipeline_matmul_inner_loop_fu_278/select_ln340_reg_910_reg[19]_i_2/CO[3]
                         net (fo=1, routed)           0.000     5.351    matvecmul_design_i/matVecMul_0/inst/grp_matVecMul_Pipeline_matmul_inner_loop_fu_278/select_ln340_reg_910_reg[19]_i_2_n_0
    SLICE_X45Y69         CARRY4 (Prop_carry4_CI_CO[3])
                                                      0.114     5.465 r  matvecmul_design_i/matVecMul_0/inst/grp_matVecMul_Pipeline_matmul_inner_loop_fu_278/select_ln340_reg_910_reg[23]_i_2/CO[3]
                         net (fo=1, routed)           0.000     5.465    matvecmul_design_i/matVecMul_0/inst/grp_matVecMul_Pipeline_matmul_inner_loop_fu_278/select_ln340_reg_910_reg[23]_i_2_n_0
    SLICE_X45Y70         CARRY4 (Prop_carry4_CI_CO[3])
                                                      0.114     5.579 r  matvecmul_design_i/matVecMul_0/inst/grp_matVecMul_Pipeline_matmul_inner_loop_fu_278/select_ln340_reg_910_reg[27]_i_2/CO[3]
                         net (fo=1, routed)           0.000     5.579    matvecmul_design_i/matVecMul_0/inst/grp_matVecMul_Pipeline_matmul_inner_loop_fu_278/select_ln340_reg_910_reg[27]_i_2_n_0
    SLICE_X45Y71         CARRY4 (Prop_carry4_CI_CO[3])
                                                      0.114     5.693 r  matvecmul_design_i/matVecMul_0/inst/grp_matVecMul_Pipeline_matmul_inner_loop_fu_278/select_ln340_reg_910_reg[31]_i_2/CO[3]
                         net (fo=1, routed)           0.000     5.693    matvecmul_design_i/matVecMul_0/inst/grp_matVecMul_Pipeline_matmul_inner_loop_fu_278/select_ln340_reg_910_reg[31]_i_2_n_0
    SLICE_X45Y72         CARRY4 (Prop_carry4_CI_CO[3])
                                                      0.114     5.807 r  matvecmul_design_i/matVecMul_0/inst/grp_matVecMul_Pipeline_matmul_inner_loop_fu_278/select_ln340_reg_910_reg[35]_i_2/CO[3]
                         net (fo=1, routed)           0.000     5.807    matvecmul_design_i/matVecMul_0/inst/grp_matVecMul_Pipeline_matmul_inner_loop_fu_278/select_ln340_reg_910_reg[35]_i_2_n_0
    SLICE_X45Y73         CARRY4 (Prop_carry4_CI_O[1])
                                                      0.334     6.141 r  matvecmul_design_i/matVecMul_0/inst/grp_matVecMul_Pipeline_matmul_inner_loop_fu_278/select_ln340_reg_910_reg[36]_i_3/O[1]
                         net (fo=116, routed)         1.088     7.229    matvecmul_design_i/matVecMul_0/inst/grp_matVecMul_Pipeline_matmul_inner_loop_fu_278/tmp_1_fu_471_p3
    SLICE_X43Y64         LUT4 (Prop_lut4_I1_O)        0.303     7.532 r  matvecmul_design_i/matVecMul_0/inst/grp_matVecMul_Pipeline_matmul_inner_loop_fu_278/add_ln1245_1_fu_523_p2_carry_i_3/O
                         net (fo=1, routed)           0.000     7.532    matvecmul_design_i/matVecMul_0/inst/grp_matVecMul_Pipeline_matmul_inner_loop_fu_278/add_ln1245_1_fu_523_p2_carry_i_3_n_0
    SLICE_X43Y64         CARRY4 (Prop_carry4_S[1]_CO[3])
                                                      0.550     8.082 r  matvecmul_design_i/matVecMul_0/inst/grp_matVecMul_Pipeline_matmul_inner_loop_fu_278/add_ln1245_1_fu_523_p2_carry/CO[3]
                         net (fo=1, routed)           0.000     8.082    matvecmul_design_i/matVecMul_0/inst/grp_matVecMul_Pipeline_matmul_inner_loop_fu_278/add_ln1245_1_fu_523_p2_carry_n_0
    SLICE_X43Y65         CARRY4 (Prop_carry4_CI_CO[3])
                                                      0.114     8.196 r  matvecmul_design_i/matVecMul_0/inst/grp_matVecMul_Pipeline_matmul_inner_loop_fu_278/add_ln1245_1_fu_523_p2_carry__0/CO[3]
                         net (fo=1, routed)           0.000     8.196    matvecmul_design_i/matVecMul_0/inst/grp_matVecMul_Pipeline_matmul_inner_loop_fu_278/add_ln1245_1_fu_523_p2_carry__0_n_0
    SLICE_X43Y66         CARRY4 (Prop_carry4_CI_CO[3])
                                                      0.114     8.310 r  matvecmul_design_i/matVecMul_0/inst/grp_matVecMul_Pipeline_matmul_inner_loop_fu_278/add_ln1245_1_fu_523_p2_carry__1/CO[3]
                         net (fo=1, routed)           0.000     8.310    matvecmul_design_i/matVecMul_0/inst/grp_matVecMul_Pipeline_matmul_inner_loop_fu_278/add_ln1245_1_fu_523_p2_carry__1_n_0
    SLICE_X43Y67         CARRY4 (Prop_carry4_CI_CO[3])
                                                      0.114     8.424 r  matvecmul_design_i/matVecMul_0/inst/grp_matVecMul_Pipeline_matmul_inner_loop_fu_278/add_ln1245_1_fu_523_p2_carry__2/CO[3]
                         net (fo=1, routed)           0.000     8.424    matvecmul_design_i/matVecMul_0/inst/grp_matVecMul_Pipeline_matmul_inner_loop_fu_278/add_ln1245_1_fu_523_p2_carry__2_n_0
    SLICE_X43Y68         CARRY4 (Prop_carry4_CI_CO[3])
                                                      0.114     8.538 r  matvecmul_design_i/matVecMul_0/inst/grp_matVecMul_Pipeline_matmul_inner_loop_fu_278/add_ln1245_1_fu_523_p2_carry__3/CO[3]
                         net (fo=1, routed)           0.000     8.538    matvecmul_design_i/matVecMul_0/inst/grp_matVecMul_Pipeline_matmul_inner_loop_fu_278/add_ln1245_1_fu_523_p2_carry__3_n_0
    SLICE_X43Y69         CARRY4 (Prop_carry4_CI_CO[3])
                                                      0.114     8.652 r  matvecmul_design_i/matVecMul_0/inst/grp_matVecMul_Pipeline_matmul_inner_loop_fu_278/add_ln1245_1_fu_523_p2_carry__4/CO[3]
                         net (fo=1, routed)           0.000     8.652    matvecmul_design_i/matVecMul_0/inst/grp_matVecMul_Pipeline_matmul_inner_loop_fu_278/add_ln1245_1_fu_523_p2_carry__4_n_0
    SLICE_X43Y70         CARRY4 (Prop_carry4_CI_CO[3])
                                                      0.114     8.766 r  matvecmul_design_i/matVecMul_0/inst/grp_matVecMul_Pipeline_matmul_inner_loop_fu_278/add_ln1245_1_fu_523_p2_carry__5/CO[3]
                         net (fo=1, routed)           0.000     8.766    matvecmul_design_i/matVecMul_0/inst/grp_matVecMul_Pipeline_matmul_inner_loop_fu_278/add_ln1245_1_fu_523_p2_carry__5_n_0
    SLICE_X43Y71         CARRY4 (Prop_carry4_CI_CO[3])
                                                      0.114     8.880 r  matvecmul_design_i/matVecMul_0/inst/grp_matVecMul_Pipeline_matmul_inner_loop_fu_278/add_ln1245_1_fu_523_p2_carry__6/CO[3]
                         net (fo=1, routed)           0.000     8.880    matvecmul_design_i/matVecMul_0/inst/grp_matVecMul_Pipeline_matmul_inner_loop_fu_278/add_ln1245_1_fu_523_p2_carry__6_n_0
    SLICE_X43Y72         CARRY4 (Prop_carry4_CI_CO[3])
                                                      0.114     8.994 r  matvecmul_design_i/matVecMul_0/inst/grp_matVecMul_Pipeline_matmul_inner_loop_fu_278/add_ln1245_1_fu_523_p2_carry__7/CO[3]
                         net (fo=1, routed)           0.000     8.994    matvecmul_design_i/matVecMul_0/inst/grp_matVecMul_Pipeline_matmul_inner_loop_fu_278/add_ln1245_1_fu_523_p2_carry__7_n_0
    SLICE_X43Y73         CARRY4 (Prop_carry4_CI_CO[1])
                                                      0.157     9.151 r  matvecmul_design_i/matVecMul_0/inst/grp_matVecMul_Pipeline_matmul_inner_loop_fu_278/add_ln1245_1_fu_523_p2_carry__8/CO[1]
                         net (fo=117, routed)         1.253    10.404    matvecmul_design_i/matVecMul_0/inst/grp_matVecMul_Pipeline_matmul_inner_loop_fu_278/add_ln1245_1_fu_523_p2_carry__8_n_2
    SLICE_X44Y65         LUT4 (Prop_lut4_I1_O)        0.329    10.733 r  matvecmul_design_i/matVecMul_0/inst/grp_matVecMul_Pipeline_matmul_inner_loop_fu_278/add_ln1245_3_fu_667_p2_carry_i_9/O
                         net (fo=1, routed)           0.000    10.733    matvecmul_design_i/matVecMul_0/inst/grp_matVecMul_Pipeline_matmul_inner_loop_fu_278/add_ln1245_3_fu_667_p2_carry_i_9_n_0
    SLICE_X44Y65         CARRY4 (Prop_carry4_S[0]_CO[3])
                                                      0.532    11.265 r  matvecmul_design_i/matVecMul_0/inst/grp_matVecMul_Pipeline_matmul_inner_loop_fu_278/add_ln1245_3_fu_667_p2_carry_i_5/CO[3]
                         net (fo=1, routed)           0.000    11.265    matvecmul_design_i/matVecMul_0/inst/grp_matVecMul_Pipeline_matmul_inner_loop_fu_278/add_ln1245_3_fu_667_p2_carry_i_5_n_0
    SLICE_X44Y66         CARRY4 (Prop_carry4_CI_CO[3])
                                                      0.114    11.379 r  matvecmul_design_i/matVecMul_0/inst/grp_matVecMul_Pipeline_matmul_inner_loop_fu_278/select_ln340_2_reg_920_reg[7]_i_2/CO[3]
                         net (fo=1, routed)           0.000    11.379    matvecmul_design_i/matVecMul_0/inst/grp_matVecMul_Pipeline_matmul_inner_loop_fu_278/select_ln340_2_reg_920_reg[7]_i_2_n_0
    SLICE_X44Y67         CARRY4 (Prop_carry4_CI_CO[3])
                                                      0.114    11.493 r  matvecmul_design_i/matVecMul_0/inst/grp_matVecMul_Pipeline_matmul_inner_loop_fu_278/select_ln340_2_reg_920_reg[11]_i_2/CO[3]
                         net (fo=1, routed)           0.000    11.493    matvecmul_design_i/matVecMul_0/inst/grp_matVecMul_Pipeline_matmul_inner_loop_fu_278/select_ln340_2_reg_920_reg[11]_i_2_n_0
    SLICE_X44Y68         CARRY4 (Prop_carry4_CI_CO[3])
                                                      0.114    11.607 r  matvecmul_design_i/matVecMul_0/inst/grp_matVecMul_Pipeline_matmul_inner_loop_fu_278/select_ln340_2_reg_920_reg[15]_i_2/CO[3]
                         net (fo=1, routed)           0.000    11.607    matvecmul_design_i/matVecMul_0/inst/grp_matVecMul_Pipeline_matmul_inner_loop_fu_278/select_ln340_2_reg_920_reg[15]_i_2_n_0
    SLICE_X44Y69         CARRY4 (Prop_carry4_CI_CO[3])
                                                      0.114    11.721 r  matvecmul_design_i/matVecMul_0/inst/grp_matVecMul_Pipeline_matmul_inner_loop_fu_278/select_ln340_2_reg_920_reg[19]_i_2/CO[3]
                         net (fo=1, routed)           0.000    11.721    matvecmul_design_i/matVecMul_0/inst/grp_matVecMul_Pipeline_matmul_inner_loop_fu_278/select_ln340_2_reg_920_reg[19]_i_2_n_0
    SLICE_X44Y70         CARRY4 (Prop_carry4_CI_CO[3])
                                                      0.114    11.835 r  matvecmul_design_i/matVecMul_0/inst/grp_matVecMul_Pipeline_matmul_inner_loop_fu_278/select_ln340_2_reg_920_reg[23]_i_2/CO[3]
                         net (fo=1, routed)           0.000    11.835    matvecmul_design_i/matVecMul_0/inst/grp_matVecMul_Pipeline_matmul_inner_loop_fu_278/select_ln340_2_reg_920_reg[23]_i_2_n_0
    SLICE_X44Y71         CARRY4 (Prop_carry4_CI_CO[3])
                                                      0.114    11.949 r  matvecmul_design_i/matVecMul_0/inst/grp_matVecMul_Pipeline_matmul_inner_loop_fu_278/select_ln340_2_reg_920_reg[27]_i_2/CO[3]
                         net (fo=1, routed)           0.000    11.949    matvecmul_design_i/matVecMul_0/inst/grp_matVecMul_Pipeline_matmul_inner_loop_fu_278/select_ln340_2_reg_920_reg[27]_i_2_n_0
    SLICE_X44Y72         CARRY4 (Prop_carry4_CI_CO[3])
                                                      0.114    12.063 r  matvecmul_design_i/matVecMul_0/inst/grp_matVecMul_Pipeline_matmul_inner_loop_fu_278/select_ln340_2_reg_920_reg[31]_i_2/CO[3]
                         net (fo=1, routed)           0.000    12.063    matvecmul_design_i/matVecMul_0/inst/grp_matVecMul_Pipeline_matmul_inner_loop_fu_278/select_ln340_2_reg_920_reg[31]_i_2_n_0
    SLICE_X44Y73         CARRY4 (Prop_carry4_CI_CO[3])
                                                      0.114    12.177 r  matvecmul_design_i/matVecMul_0/inst/grp_matVecMul_Pipeline_matmul_inner_loop_fu_278/select_ln340_2_reg_920_reg[35]_i_2/CO[3]
                         net (fo=1, routed)           0.000    12.177    matvecmul_design_i/matVecMul_0/inst/grp_matVecMul_Pipeline_matmul_inner_loop_fu_278/select_ln340_2_reg_920_reg[35]_i_2_n_0
    SLICE_X44Y74         CARRY4 (Prop_carry4_CI_O[1])
                                                      0.334    12.511 r  matvecmul_design_i/matVecMul_0/inst/grp_matVecMul_Pipeline_matmul_inner_loop_fu_278/select_ln340_2_reg_920_reg[36]_i_4/O[1]
                         net (fo=116, routed)         1.009    13.520    matvecmul_design_i/matVecMul_0/inst/grp_matVecMul_Pipeline_matmul_inner_loop_fu_278/tmp_5_fu_615_p3
    SLICE_X42Y70         LUT4 (Prop_lut4_I0_O)        0.303    13.823 r  matvecmul_design_i/matVecMul_0/inst/grp_matVecMul_Pipeline_matmul_inner_loop_fu_278/acc_V_0_fu_110[3]_i_5/O
                         net (fo=1, routed)           0.000    13.823    matvecmul_design_i/matVecMul_0/inst/grp_matVecMul_Pipeline_matmul_inner_loop_fu_278/acc_V_0_fu_110[3]_i_5_n_0
    SLICE_X42Y70         CARRY4 (Prop_carry4_S[1]_CO[3])
                                                      0.533    14.356 r  matvecmul_design_i/matVecMul_0/inst/grp_matVecMul_Pipeline_matmul_inner_loop_fu_278/acc_V_0_fu_110_reg[3]_i_2/CO[3]
                         net (fo=1, routed)           0.000    14.356    matvecmul_design_i/matVecMul_0/inst/grp_matVecMul_Pipeline_matmul_inner_loop_fu_278/acc_V_0_fu_110_reg[3]_i_2_n_0
    SLICE_X42Y71         CARRY4 (Prop_carry4_CI_CO[3])
                                                      0.117    14.473 r  matvecmul_design_i/matVecMul_0/inst/grp_matVecMul_Pipeline_matmul_inner_loop_fu_278/acc_V_0_fu_110_reg[7]_i_2/CO[3]
                         net (fo=1, routed)           0.000    14.473    matvecmul_design_i/matVecMul_0/inst/grp_matVecMul_Pipeline_matmul_inner_loop_fu_278/acc_V_0_fu_110_reg[7]_i_2_n_0
    SLICE_X42Y72         CARRY4 (Prop_carry4_CI_CO[3])
                                                      0.117    14.590 r  matvecmul_design_i/matVecMul_0/inst/grp_matVecMul_Pipeline_matmul_inner_loop_fu_278/acc_V_0_fu_110_reg[11]_i_2/CO[3]
                         net (fo=1, routed)           0.000    14.590    matvecmul_design_i/matVecMul_0/inst/grp_matVecMul_Pipeline_matmul_inner_loop_fu_278/acc_V_0_fu_110_reg[11]_i_2_n_0
    SLICE_X42Y73         CARRY4 (Prop_carry4_CI_CO[3])
                                                      0.117    14.707 r  matvecmul_design_i/matVecMul_0/inst/grp_matVecMul_Pipeline_matmul_inner_loop_fu_278/acc_V_0_fu_110_reg[15]_i_2/CO[3]
                         net (fo=1, routed)           0.000    14.707    matvecmul_design_i/matVecMul_0/inst/grp_matVecMul_Pipeline_matmul_inner_loop_fu_278/acc_V_0_fu_110_reg[15]_i_2_n_0
    SLICE_X42Y74         CARRY4 (Prop_carry4_CI_CO[3])
                                                      0.117    14.824 r  matvecmul_design_i/matVecMul_0/inst/grp_matVecMul_Pipeline_matmul_inner_loop_fu_278/acc_V_0_fu_110_reg[19]_i_2/CO[3]
                         net (fo=1, routed)           0.009    14.833    matvecmul_design_i/matVecMul_0/inst/grp_matVecMul_Pipeline_matmul_inner_loop_fu_278/acc_V_0_fu_110_reg[19]_i_2_n_0
    SLICE_X42Y75         CARRY4 (Prop_carry4_CI_CO[3])
                                                      0.117    14.950 r  matvecmul_design_i/matVecMul_0/inst/grp_matVecMul_Pipeline_matmul_inner_loop_fu_278/acc_V_0_fu_110_reg[23]_i_2/CO[3]
                         net (fo=1, routed)           0.000    14.950    matvecmul_design_i/matVecMul_0/inst/grp_matVecMul_Pipeline_matmul_inner_loop_fu_278/acc_V_0_fu_110_reg[23]_i_2_n_0
    SLICE_X42Y76         CARRY4 (Prop_carry4_CI_CO[3])
                                                      0.117    15.067 r  matvecmul_design_i/matVecMul_0/inst/grp_matVecMul_Pipeline_matmul_inner_loop_fu_278/acc_V_0_fu_110_reg[27]_i_2/CO[3]
                         net (fo=1, routed)           0.000    15.067    matvecmul_design_i/matVecMul_0/inst/grp_matVecMul_Pipeline_matmul_inner_loop_fu_278/acc_V_0_fu_110_reg[27]_i_2_n_0
    SLICE_X42Y77         CARRY4 (Prop_carry4_CI_CO[3])
                                                      0.117    15.184 r  matvecmul_design_i/matVecMul_0/inst/grp_matVecMul_Pipeline_matmul_inner_loop_fu_278/acc_V_0_fu_110_reg[31]_i_2/CO[3]
                         net (fo=1, routed)           0.000    15.184    matvecmul_design_i/matVecMul_0/inst/grp_matVecMul_Pipeline_matmul_inner_loop_fu_278/acc_V_0_fu_110_reg[31]_i_2_n_0
    SLICE_X42Y78         CARRY4 (Prop_carry4_CI_CO[3])
                                                      0.117    15.301 r  matvecmul_design_i/matVecMul_0/inst/grp_matVecMul_Pipeline_matmul_inner_loop_fu_278/acc_V_0_fu_110_reg[35]_i_2/CO[3]
                         net (fo=1, routed)           0.000    15.301    matvecmul_design_i/matVecMul_0/inst/grp_matVecMul_Pipeline_matmul_inner_loop_fu_278/acc_V_0_fu_110_reg[35]_i_2_n_0
    SLICE_X42Y79         CARRY4 (Prop_carry4_CI_O[1])
                                                      0.323    15.624 r  matvecmul_design_i/matVecMul_0/inst/grp_matVecMul_Pipeline_matmul_inner_loop_fu_278/acc_V_0_fu_110_reg[36]_i_2/O[1]
                         net (fo=37, routed)          1.106    16.730    matvecmul_design_i/matVecMul_0/inst/grp_matVecMul_Pipeline_matmul_inner_loop_fu_278/tmp_8_fu_687_p3
    SLICE_X42Y68         LUT3 (Prop_lut3_I1_O)        0.306    17.036 r  matvecmul_design_i/matVecMul_0/inst/grp_matVecMul_Pipeline_matmul_inner_loop_fu_278/acc_V_0_fu_110[14]_i_1/O
                         net (fo=1, routed)           0.000    17.036    matvecmul_design_i/matVecMul_0/inst/grp_matVecMul_Pipeline_matmul_inner_loop_fu_278/select_ln340_3_fu_721_p3[14]
    SLICE_X42Y68         FDRE                                         r  matvecmul_design_i/matVecMul_0/inst/grp_matVecMul_Pipeline_matmul_inner_loop_fu_278/acc_V_0_fu_110_reg[14]/D
  -------------------------------------------------------------------    -------------------

                         (clock clk_fpga_0 rise edge)
                                                     10.000    10.000 r  
    PS7_X0Y0             PS7                          0.000    10.000 r  matvecmul_design_i/ps7/inst/PS7_i/FCLKCLK[0]
                         net (fo=1, routed)           1.088    11.088    matvecmul_design_i/ps7/inst/FCLK_CLK_unbuffered[0]
    BUFGCTRL_X0Y16       BUFG (Prop_bufg_I_O)         0.091    11.179 r  matvecmul_design_i/ps7/inst/buffer_fclk_clk_0.FCLK_CLK_0_BUFG/O
                         net (fo=5456, routed)        1.469    12.648    matvecmul_design_i/matVecMul_0/inst/grp_matVecMul_Pipeline_matmul_inner_loop_fu_278/ap_clk
    SLICE_X42Y68         FDRE                                         r  matvecmul_design_i/matVecMul_0/inst/grp_matVecMul_Pipeline_matmul_inner_loop_fu_278/acc_V_0_fu_110_reg[14]/C
                         clock pessimism              0.286    12.934    
                         clock uncertainty           -0.154    12.780    
    SLICE_X42Y68         FDRE (Setup_fdre_C_D)        0.077    12.857    matvecmul_design_i/matVecMul_0/inst/grp_matVecMul_Pipeline_matmul_inner_loop_fu_278/acc_V_0_fu_110_reg[14]
  -------------------------------------------------------------------
                         required time                         12.857    
                         arrival time                         -17.036    
  -------------------------------------------------------------------
                         slack                                 -4.179    

Slack (VIOLATED) :        -4.179ns  (required time - arrival time)
  Source:                 matvecmul_design_i/matVecMul_0/inst/grp_matVecMul_Pipeline_matmul_inner_loop_fu_278/acc_V_0_fu_110_reg[5]/C
                            (rising edge-triggered cell FDRE clocked by clk_fpga_0  {rise@0.000ns fall@5.000ns period=10.000ns})
  Destination:            matvecmul_design_i/matVecMul_0/inst/grp_matVecMul_Pipeline_matmul_inner_loop_fu_278/acc_V_0_fu_110_reg[16]/D
                            (rising edge-triggered cell FDRE clocked by clk_fpga_0  {rise@0.000ns fall@5.000ns period=10.000ns})
  Path Group:             clk_fpga_0
  Path Type:              Setup (Max at Slow Process Corner)
  Requirement:            10.000ns  (clk_fpga_0 rise@10.000ns - clk_fpga_0 rise@0.000ns)
  Data Path Delay:        14.043ns  (logic 8.604ns (61.271%)  route 5.439ns (38.729%))
  Logic Levels:           44  (CARRY4=39 LUT2=1 LUT3=1 LUT4=3)
  Clock Path Skew:        -0.063ns (DCD - SCD + CPR)
    Destination Clock Delay (DCD):    2.642ns = ( 12.642 - 10.000 ) 
    Source Clock Delay      (SCD):    2.934ns
    Clock Pessimism Removal (CPR):    0.229ns
  Clock Uncertainty:      0.154ns  ((TSJ^2 + TIJ^2)^1/2 + DJ) / 2 + PE
    Total System Jitter     (TSJ):    0.071ns
    Total Input Jitter      (TIJ):    0.300ns
    Discrete Jitter          (DJ):    0.000ns
    Phase Error              (PE):    0.000ns

    Location             Delay type                Incr(ns)  Path(ns)    Netlist Resource(s)
  -------------------------------------------------------------------    -------------------
                         (clock clk_fpga_0 rise edge)
                                                      0.000     0.000 r  
    PS7_X0Y0             PS7                          0.000     0.000 r  matvecmul_design_i/ps7/inst/PS7_i/FCLKCLK[0]
                         net (fo=1, routed)           1.193     1.193    matvecmul_design_i/ps7/inst/FCLK_CLK_unbuffered[0]
    BUFGCTRL_X0Y16       BUFG (Prop_bufg_I_O)         0.101     1.294 r  matvecmul_design_i/ps7/inst/buffer_fclk_clk_0.FCLK_CLK_0_BUFG/O
                         net (fo=5456, routed)        1.640     2.934    matvecmul_design_i/matVecMul_0/inst/grp_matVecMul_Pipeline_matmul_inner_loop_fu_278/ap_clk
    SLICE_X42Y68         FDRE                                         r  matvecmul_design_i/matVecMul_0/inst/grp_matVecMul_Pipeline_matmul_inner_loop_fu_278/acc_V_0_fu_110_reg[5]/C
  -------------------------------------------------------------------    -------------------
    SLICE_X42Y68         FDRE (Prop_fdre_C_Q)         0.518     3.452 r  matvecmul_design_i/matVecMul_0/inst/grp_matVecMul_Pipeline_matmul_inner_loop_fu_278/acc_V_0_fu_110_reg[5]/Q
                         net (fo=4, routed)           0.883     4.335    matvecmul_design_i/matVecMul_0/inst/grp_matVecMul_Pipeline_matmul_inner_loop_fu_278/acc_V_0_fu_110[5]
    SLICE_X45Y65         LUT2 (Prop_lut2_I0_O)        0.124     4.459 r  matvecmul_design_i/matVecMul_0/inst/grp_matVecMul_Pipeline_matmul_inner_loop_fu_278/select_ln340_reg_910[7]_i_5/O
                         net (fo=1, routed)           0.000     4.459    matvecmul_design_i/matVecMul_0/inst/grp_matVecMul_Pipeline_matmul_inner_loop_fu_278/select_ln340_reg_910[7]_i_5_n_0
    SLICE_X45Y65         CARRY4 (Prop_carry4_S[1]_CO[3])
                                                      0.550     5.009 r  matvecmul_design_i/matVecMul_0/inst/grp_matVecMul_Pipeline_matmul_inner_loop_fu_278/select_ln340_reg_910_reg[7]_i_2/CO[3]
                         net (fo=1, routed)           0.000     5.009    matvecmul_design_i/matVecMul_0/inst/grp_matVecMul_Pipeline_matmul_inner_loop_fu_278/select_ln340_reg_910_reg[7]_i_2_n_0
    SLICE_X45Y66         CARRY4 (Prop_carry4_CI_CO[3])
                                                      0.114     5.123 r  matvecmul_design_i/matVecMul_0/inst/grp_matVecMul_Pipeline_matmul_inner_loop_fu_278/select_ln340_reg_910_reg[11]_i_2/CO[3]
                         net (fo=1, routed)           0.000     5.123    matvecmul_design_i/matVecMul_0/inst/grp_matVecMul_Pipeline_matmul_inner_loop_fu_278/select_ln340_reg_910_reg[11]_i_2_n_0
    SLICE_X45Y67         CARRY4 (Prop_carry4_CI_CO[3])
                                                      0.114     5.237 r  matvecmul_design_i/matVecMul_0/inst/grp_matVecMul_Pipeline_matmul_inner_loop_fu_278/select_ln340_reg_910_reg[15]_i_2/CO[3]
                         net (fo=1, routed)           0.000     5.237    matvecmul_design_i/matVecMul_0/inst/grp_matVecMul_Pipeline_matmul_inner_loop_fu_278/select_ln340_reg_910_reg[15]_i_2_n_0
    SLICE_X45Y68         CARRY4 (Prop_carry4_CI_CO[3])
                                                      0.114     5.351 r  matvecmul_design_i/matVecMul_0/inst/grp_matVecMul_Pipeline_matmul_inner_loop_fu_278/select_ln340_reg_910_reg[19]_i_2/CO[3]
                         net (fo=1, routed)           0.000     5.351    matvecmul_design_i/matVecMul_0/inst/grp_matVecMul_Pipeline_matmul_inner_loop_fu_278/select_ln340_reg_910_reg[19]_i_2_n_0
    SLICE_X45Y69         CARRY4 (Prop_carry4_CI_CO[3])
                                                      0.114     5.465 r  matvecmul_design_i/matVecMul_0/inst/grp_matVecMul_Pipeline_matmul_inner_loop_fu_278/select_ln340_reg_910_reg[23]_i_2/CO[3]
                         net (fo=1, routed)           0.000     5.465    matvecmul_design_i/matVecMul_0/inst/grp_matVecMul_Pipeline_matmul_inner_loop_fu_278/select_ln340_reg_910_reg[23]_i_2_n_0
    SLICE_X45Y70         CARRY4 (Prop_carry4_CI_CO[3])
                                                      0.114     5.579 r  matvecmul_design_i/matVecMul_0/inst/grp_matVecMul_Pipeline_matmul_inner_loop_fu_278/select_ln340_reg_910_reg[27]_i_2/CO[3]
                         net (fo=1, routed)           0.000     5.579    matvecmul_design_i/matVecMul_0/inst/grp_matVecMul_Pipeline_matmul_inner_loop_fu_278/select_ln340_reg_910_reg[27]_i_2_n_0
    SLICE_X45Y71         CARRY4 (Prop_carry4_CI_CO[3])
                                                      0.114     5.693 r  matvecmul_design_i/matVecMul_0/inst/grp_matVecMul_Pipeline_matmul_inner_loop_fu_278/select_ln340_reg_910_reg[31]_i_2/CO[3]
                         net (fo=1, routed)           0.000     5.693    matvecmul_design_i/matVecMul_0/inst/grp_matVecMul_Pipeline_matmul_inner_loop_fu_278/select_ln340_reg_910_reg[31]_i_2_n_0
    SLICE_X45Y72         CARRY4 (Prop_carry4_CI_CO[3])
                                                      0.114     5.807 r  matvecmul_design_i/matVecMul_0/inst/grp_matVecMul_Pipeline_matmul_inner_loop_fu_278/select_ln340_reg_910_reg[35]_i_2/CO[3]
                         net (fo=1, routed)           0.000     5.807    matvecmul_design_i/matVecMul_0/inst/grp_matVecMul_Pipeline_matmul_inner_loop_fu_278/select_ln340_reg_910_reg[35]_i_2_n_0
    SLICE_X45Y73         CARRY4 (Prop_carry4_CI_O[1])
                                                      0.334     6.141 r  matvecmul_design_i/matVecMul_0/inst/grp_matVecMul_Pipeline_matmul_inner_loop_fu_278/select_ln340_reg_910_reg[36]_i_3/O[1]
                         net (fo=116, routed)         1.088     7.229    matvecmul_design_i/matVecMul_0/inst/grp_matVecMul_Pipeline_matmul_inner_loop_fu_278/tmp_1_fu_471_p3
    SLICE_X43Y64         LUT4 (Prop_lut4_I1_O)        0.303     7.532 r  matvecmul_design_i/matVecMul_0/inst/grp_matVecMul_Pipeline_matmul_inner_loop_fu_278/add_ln1245_1_fu_523_p2_carry_i_3/O
                         net (fo=1, routed)           0.000     7.532    matvecmul_design_i/matVecMul_0/inst/grp_matVecMul_Pipeline_matmul_inner_loop_fu_278/add_ln1245_1_fu_523_p2_carry_i_3_n_0
    SLICE_X43Y64         CARRY4 (Prop_carry4_S[1]_CO[3])
                                                      0.550     8.082 r  matvecmul_design_i/matVecMul_0/inst/grp_matVecMul_Pipeline_matmul_inner_loop_fu_278/add_ln1245_1_fu_523_p2_carry/CO[3]
                         net (fo=1, routed)           0.000     8.082    matvecmul_design_i/matVecMul_0/inst/grp_matVecMul_Pipeline_matmul_inner_loop_fu_278/add_ln1245_1_fu_523_p2_carry_n_0
    SLICE_X43Y65         CARRY4 (Prop_carry4_CI_CO[3])
                                                      0.114     8.196 r  matvecmul_design_i/matVecMul_0/inst/grp_matVecMul_Pipeline_matmul_inner_loop_fu_278/add_ln1245_1_fu_523_p2_carry__0/CO[3]
                         net (fo=1, routed)           0.000     8.196    matvecmul_design_i/matVecMul_0/inst/grp_matVecMul_Pipeline_matmul_inner_loop_fu_278/add_ln1245_1_fu_523_p2_carry__0_n_0
    SLICE_X43Y66         CARRY4 (Prop_carry4_CI_CO[3])
                                                      0.114     8.310 r  matvecmul_design_i/matVecMul_0/inst/grp_matVecMul_Pipeline_matmul_inner_loop_fu_278/add_ln1245_1_fu_523_p2_carry__1/CO[3]
                         net (fo=1, routed)           0.000     8.310    matvecmul_design_i/matVecMul_0/inst/grp_matVecMul_Pipeline_matmul_inner_loop_fu_278/add_ln1245_1_fu_523_p2_carry__1_n_0
    SLICE_X43Y67         CARRY4 (Prop_carry4_CI_CO[3])
                                                      0.114     8.424 r  matvecmul_design_i/matVecMul_0/inst/grp_matVecMul_Pipeline_matmul_inner_loop_fu_278/add_ln1245_1_fu_523_p2_carry__2/CO[3]
                         net (fo=1, routed)           0.000     8.424    matvecmul_design_i/matVecMul_0/inst/grp_matVecMul_Pipeline_matmul_inner_loop_fu_278/add_ln1245_1_fu_523_p2_carry__2_n_0
    SLICE_X43Y68         CARRY4 (Prop_carry4_CI_CO[3])
                                                      0.114     8.538 r  matvecmul_design_i/matVecMul_0/inst/grp_matVecMul_Pipeline_matmul_inner_loop_fu_278/add_ln1245_1_fu_523_p2_carry__3/CO[3]
                         net (fo=1, routed)           0.000     8.538    matvecmul_design_i/matVecMul_0/inst/grp_matVecMul_Pipeline_matmul_inner_loop_fu_278/add_ln1245_1_fu_523_p2_carry__3_n_0
    SLICE_X43Y69         CARRY4 (Prop_carry4_CI_CO[3])
                                                      0.114     8.652 r  matvecmul_design_i/matVecMul_0/inst/grp_matVecMul_Pipeline_matmul_inner_loop_fu_278/add_ln1245_1_fu_523_p2_carry__4/CO[3]
                         net (fo=1, routed)           0.000     8.652    matvecmul_design_i/matVecMul_0/inst/grp_matVecMul_Pipeline_matmul_inner_loop_fu_278/add_ln1245_1_fu_523_p2_carry__4_n_0
    SLICE_X43Y70         CARRY4 (Prop_carry4_CI_CO[3])
                                                      0.114     8.766 r  matvecmul_design_i/matVecMul_0/inst/grp_matVecMul_Pipeline_matmul_inner_loop_fu_278/add_ln1245_1_fu_523_p2_carry__5/CO[3]
                         net (fo=1, routed)           0.000     8.766    matvecmul_design_i/matVecMul_0/inst/grp_matVecMul_Pipeline_matmul_inner_loop_fu_278/add_ln1245_1_fu_523_p2_carry__5_n_0
    SLICE_X43Y71         CARRY4 (Prop_carry4_CI_CO[3])
                                                      0.114     8.880 r  matvecmul_design_i/matVecMul_0/inst/grp_matVecMul_Pipeline_matmul_inner_loop_fu_278/add_ln1245_1_fu_523_p2_carry__6/CO[3]
                         net (fo=1, routed)           0.000     8.880    matvecmul_design_i/matVecMul_0/inst/grp_matVecMul_Pipeline_matmul_inner_loop_fu_278/add_ln1245_1_fu_523_p2_carry__6_n_0
    SLICE_X43Y72         CARRY4 (Prop_carry4_CI_CO[3])
                                                      0.114     8.994 r  matvecmul_design_i/matVecMul_0/inst/grp_matVecMul_Pipeline_matmul_inner_loop_fu_278/add_ln1245_1_fu_523_p2_carry__7/CO[3]
                         net (fo=1, routed)           0.000     8.994    matvecmul_design_i/matVecMul_0/inst/grp_matVecMul_Pipeline_matmul_inner_loop_fu_278/add_ln1245_1_fu_523_p2_carry__7_n_0
    SLICE_X43Y73         CARRY4 (Prop_carry4_CI_CO[1])
                                                      0.157     9.151 r  matvecmul_design_i/matVecMul_0/inst/grp_matVecMul_Pipeline_matmul_inner_loop_fu_278/add_ln1245_1_fu_523_p2_carry__8/CO[1]
                         net (fo=117, routed)         1.253    10.404    matvecmul_design_i/matVecMul_0/inst/grp_matVecMul_Pipeline_matmul_inner_loop_fu_278/add_ln1245_1_fu_523_p2_carry__8_n_2
    SLICE_X44Y65         LUT4 (Prop_lut4_I1_O)        0.329    10.733 r  matvecmul_design_i/matVecMul_0/inst/grp_matVecMul_Pipeline_matmul_inner_loop_fu_278/add_ln1245_3_fu_667_p2_carry_i_9/O
                         net (fo=1, routed)           0.000    10.733    matvecmul_design_i/matVecMul_0/inst/grp_matVecMul_Pipeline_matmul_inner_loop_fu_278/add_ln1245_3_fu_667_p2_carry_i_9_n_0
    SLICE_X44Y65         CARRY4 (Prop_carry4_S[0]_CO[3])
                                                      0.532    11.265 r  matvecmul_design_i/matVecMul_0/inst/grp_matVecMul_Pipeline_matmul_inner_loop_fu_278/add_ln1245_3_fu_667_p2_carry_i_5/CO[3]
                         net (fo=1, routed)           0.000    11.265    matvecmul_design_i/matVecMul_0/inst/grp_matVecMul_Pipeline_matmul_inner_loop_fu_278/add_ln1245_3_fu_667_p2_carry_i_5_n_0
    SLICE_X44Y66         CARRY4 (Prop_carry4_CI_CO[3])
                                                      0.114    11.379 r  matvecmul_design_i/matVecMul_0/inst/grp_matVecMul_Pipeline_matmul_inner_loop_fu_278/select_ln340_2_reg_920_reg[7]_i_2/CO[3]
                         net (fo=1, routed)           0.000    11.379    matvecmul_design_i/matVecMul_0/inst/grp_matVecMul_Pipeline_matmul_inner_loop_fu_278/select_ln340_2_reg_920_reg[7]_i_2_n_0
    SLICE_X44Y67         CARRY4 (Prop_carry4_CI_CO[3])
                                                      0.114    11.493 r  matvecmul_design_i/matVecMul_0/inst/grp_matVecMul_Pipeline_matmul_inner_loop_fu_278/select_ln340_2_reg_920_reg[11]_i_2/CO[3]
                         net (fo=1, routed)           0.000    11.493    matvecmul_design_i/matVecMul_0/inst/grp_matVecMul_Pipeline_matmul_inner_loop_fu_278/select_ln340_2_reg_920_reg[11]_i_2_n_0
    SLICE_X44Y68         CARRY4 (Prop_carry4_CI_CO[3])
                                                      0.114    11.607 r  matvecmul_design_i/matVecMul_0/inst/grp_matVecMul_Pipeline_matmul_inner_loop_fu_278/select_ln340_2_reg_920_reg[15]_i_2/CO[3]
                         net (fo=1, routed)           0.000    11.607    matvecmul_design_i/matVecMul_0/inst/grp_matVecMul_Pipeline_matmul_inner_loop_fu_278/select_ln340_2_reg_920_reg[15]_i_2_n_0
    SLICE_X44Y69         CARRY4 (Prop_carry4_CI_CO[3])
                                                      0.114    11.721 r  matvecmul_design_i/matVecMul_0/inst/grp_matVecMul_Pipeline_matmul_inner_loop_fu_278/select_ln340_2_reg_920_reg[19]_i_2/CO[3]
                         net (fo=1, routed)           0.000    11.721    matvecmul_design_i/matVecMul_0/inst/grp_matVecMul_Pipeline_matmul_inner_loop_fu_278/select_ln340_2_reg_920_reg[19]_i_2_n_0
    SLICE_X44Y70         CARRY4 (Prop_carry4_CI_CO[3])
                                                      0.114    11.835 r  matvecmul_design_i/matVecMul_0/inst/grp_matVecMul_Pipeline_matmul_inner_loop_fu_278/select_ln340_2_reg_920_reg[23]_i_2/CO[3]
                         net (fo=1, routed)           0.000    11.835    matvecmul_design_i/matVecMul_0/inst/grp_matVecMul_Pipeline_matmul_inner_loop_fu_278/select_ln340_2_reg_920_reg[23]_i_2_n_0
    SLICE_X44Y71         CARRY4 (Prop_carry4_CI_CO[3])
                                                      0.114    11.949 r  matvecmul_design_i/matVecMul_0/inst/grp_matVecMul_Pipeline_matmul_inner_loop_fu_278/select_ln340_2_reg_920_reg[27]_i_2/CO[3]
                         net (fo=1, routed)           0.000    11.949    matvecmul_design_i/matVecMul_0/inst/grp_matVecMul_Pipeline_matmul_inner_loop_fu_278/select_ln340_2_reg_920_reg[27]_i_2_n_0
    SLICE_X44Y72         CARRY4 (Prop_carry4_CI_CO[3])
                                                      0.114    12.063 r  matvecmul_design_i/matVecMul_0/inst/grp_matVecMul_Pipeline_matmul_inner_loop_fu_278/select_ln340_2_reg_920_reg[31]_i_2/CO[3]
                         net (fo=1, routed)           0.000    12.063    matvecmul_design_i/matVecMul_0/inst/grp_matVecMul_Pipeline_matmul_inner_loop_fu_278/select_ln340_2_reg_920_reg[31]_i_2_n_0
    SLICE_X44Y73         CARRY4 (Prop_carry4_CI_CO[3])
                                                      0.114    12.177 r  matvecmul_design_i/matVecMul_0/inst/grp_matVecMul_Pipeline_matmul_inner_loop_fu_278/select_ln340_2_reg_920_reg[35]_i_2/CO[3]
                         net (fo=1, routed)           0.000    12.177    matvecmul_design_i/matVecMul_0/inst/grp_matVecMul_Pipeline_matmul_inner_loop_fu_278/select_ln340_2_reg_920_reg[35]_i_2_n_0
    SLICE_X44Y74         CARRY4 (Prop_carry4_CI_O[1])
                                                      0.334    12.511 r  matvecmul_design_i/matVecMul_0/inst/grp_matVecMul_Pipeline_matmul_inner_loop_fu_278/select_ln340_2_reg_920_reg[36]_i_4/O[1]
                         net (fo=116, routed)         1.175    13.686    matvecmul_design_i/matVecMul_0/inst/grp_matVecMul_Pipeline_matmul_inner_loop_fu_278/tmp_5_fu_615_p3
    SLICE_X41Y66         LUT4 (Prop_lut4_I0_O)        0.303    13.989 r  matvecmul_design_i/matVecMul_0/inst/grp_matVecMul_Pipeline_matmul_inner_loop_fu_278/add_ln1245_3_fu_667_p2_carry_i_3/O
                         net (fo=1, routed)           0.000    13.989    matvecmul_design_i/matVecMul_0/inst/grp_matVecMul_Pipeline_matmul_inner_loop_fu_278/add_ln1245_3_fu_667_p2_carry_i_3_n_0
    SLICE_X41Y66         CARRY4 (Prop_carry4_S[1]_CO[3])
                                                      0.550    14.539 r  matvecmul_design_i/matVecMul_0/inst/grp_matVecMul_Pipeline_matmul_inner_loop_fu_278/add_ln1245_3_fu_667_p2_carry/CO[3]
                         net (fo=1, routed)           0.000    14.539    matvecmul_design_i/matVecMul_0/inst/grp_matVecMul_Pipeline_matmul_inner_loop_fu_278/add_ln1245_3_fu_667_p2_carry_n_0
    SLICE_X41Y67         CARRY4 (Prop_carry4_CI_CO[3])
                                                      0.114    14.653 r  matvecmul_design_i/matVecMul_0/inst/grp_matVecMul_Pipeline_matmul_inner_loop_fu_278/add_ln1245_3_fu_667_p2_carry__0/CO[3]
                         net (fo=1, routed)           0.000    14.653    matvecmul_design_i/matVecMul_0/inst/grp_matVecMul_Pipeline_matmul_inner_loop_fu_278/add_ln1245_3_fu_667_p2_carry__0_n_0
    SLICE_X41Y68         CARRY4 (Prop_carry4_CI_CO[3])
                                                      0.114    14.767 r  matvecmul_design_i/matVecMul_0/inst/grp_matVecMul_Pipeline_matmul_inner_loop_fu_278/add_ln1245_3_fu_667_p2_carry__1/CO[3]
                         net (fo=1, routed)           0.000    14.767    matvecmul_design_i/matVecMul_0/inst/grp_matVecMul_Pipeline_matmul_inner_loop_fu_278/add_ln1245_3_fu_667_p2_carry__1_n_0
    SLICE_X41Y69         CARRY4 (Prop_carry4_CI_CO[3])
                                                      0.114    14.881 r  matvecmul_design_i/matVecMul_0/inst/grp_matVecMul_Pipeline_matmul_inner_loop_fu_278/add_ln1245_3_fu_667_p2_carry__2/CO[3]
                         net (fo=1, routed)           0.000    14.881    matvecmul_design_i/matVecMul_0/inst/grp_matVecMul_Pipeline_matmul_inner_loop_fu_278/add_ln1245_3_fu_667_p2_carry__2_n_0
    SLICE_X41Y70         CARRY4 (Prop_carry4_CI_CO[3])
                                                      0.114    14.995 r  matvecmul_design_i/matVecMul_0/inst/grp_matVecMul_Pipeline_matmul_inner_loop_fu_278/add_ln1245_3_fu_667_p2_carry__3/CO[3]
                         net (fo=1, routed)           0.000    14.995    matvecmul_design_i/matVecMul_0/inst/grp_matVecMul_Pipeline_matmul_inner_loop_fu_278/add_ln1245_3_fu_667_p2_carry__3_n_0
    SLICE_X41Y71         CARRY4 (Prop_carry4_CI_CO[3])
                                                      0.114    15.109 r  matvecmul_design_i/matVecMul_0/inst/grp_matVecMul_Pipeline_matmul_inner_loop_fu_278/add_ln1245_3_fu_667_p2_carry__4/CO[3]
                         net (fo=1, routed)           0.000    15.109    matvecmul_design_i/matVecMul_0/inst/grp_matVecMul_Pipeline_matmul_inner_loop_fu_278/add_ln1245_3_fu_667_p2_carry__4_n_0
    SLICE_X41Y72         CARRY4 (Prop_carry4_CI_CO[3])
                                                      0.114    15.223 r  matvecmul_design_i/matVecMul_0/inst/grp_matVecMul_Pipeline_matmul_inner_loop_fu_278/add_ln1245_3_fu_667_p2_carry__5/CO[3]
                         net (fo=1, routed)           0.000    15.223    matvecmul_design_i/matVecMul_0/inst/grp_matVecMul_Pipeline_matmul_inner_loop_fu_278/add_ln1245_3_fu_667_p2_carry__5_n_0
    SLICE_X41Y73         CARRY4 (Prop_carry4_CI_CO[3])
                                                      0.114    15.337 r  matvecmul_design_i/matVecMul_0/inst/grp_matVecMul_Pipeline_matmul_inner_loop_fu_278/add_ln1245_3_fu_667_p2_carry__6/CO[3]
                         net (fo=1, routed)           0.000    15.337    matvecmul_design_i/matVecMul_0/inst/grp_matVecMul_Pipeline_matmul_inner_loop_fu_278/add_ln1245_3_fu_667_p2_carry__6_n_0
    SLICE_X41Y74         CARRY4 (Prop_carry4_CI_CO[3])
                                                      0.114    15.451 r  matvecmul_design_i/matVecMul_0/inst/grp_matVecMul_Pipeline_matmul_inner_loop_fu_278/add_ln1245_3_fu_667_p2_carry__7/CO[3]
                         net (fo=1, routed)           0.009    15.460    matvecmul_design_i/matVecMul_0/inst/grp_matVecMul_Pipeline_matmul_inner_loop_fu_278/add_ln1245_3_fu_667_p2_carry__7_n_0
    SLICE_X41Y75         CARRY4 (Prop_carry4_CI_CO[1])
                                                      0.157    15.617 r  matvecmul_design_i/matVecMul_0/inst/grp_matVecMul_Pipeline_matmul_inner_loop_fu_278/add_ln1245_3_fu_667_p2_carry__8/CO[1]
                         net (fo=38, routed)          1.031    16.648    matvecmul_design_i/matVecMul_0/inst/grp_matVecMul_Pipeline_matmul_inner_loop_fu_278/add_ln1245_3_fu_667_p2_carry__8_n_2
    SLICE_X46Y73         LUT3 (Prop_lut3_I0_O)        0.329    16.977 r  matvecmul_design_i/matVecMul_0/inst/grp_matVecMul_Pipeline_matmul_inner_loop_fu_278/acc_V_0_fu_110[16]_i_1/O
                         net (fo=1, routed)           0.000    16.977    matvecmul_design_i/matVecMul_0/inst/grp_matVecMul_Pipeline_matmul_inner_loop_fu_278/select_ln340_3_fu_721_p3[16]
    SLICE_X46Y73         FDRE                                         r  matvecmul_design_i/matVecMul_0/inst/grp_matVecMul_Pipeline_matmul_inner_loop_fu_278/acc_V_0_fu_110_reg[16]/D
  -------------------------------------------------------------------    -------------------

                         (clock clk_fpga_0 rise edge)
                                                     10.000    10.000 r  
    PS7_X0Y0             PS7                          0.000    10.000 r  matvecmul_design_i/ps7/inst/PS7_i/FCLKCLK[0]
                         net (fo=1, routed)           1.088    11.088    matvecmul_design_i/ps7/inst/FCLK_CLK_unbuffered[0]
    BUFGCTRL_X0Y16       BUFG (Prop_bufg_I_O)         0.091    11.179 r  matvecmul_design_i/ps7/inst/buffer_fclk_clk_0.FCLK_CLK_0_BUFG/O
                         net (fo=5456, routed)        1.463    12.642    matvecmul_design_i/matVecMul_0/inst/grp_matVecMul_Pipeline_matmul_inner_loop_fu_278/ap_clk
    SLICE_X46Y73         FDRE                                         r  matvecmul_design_i/matVecMul_0/inst/grp_matVecMul_Pipeline_matmul_inner_loop_fu_278/acc_V_0_fu_110_reg[16]/C
                         clock pessimism              0.229    12.871    
                         clock uncertainty           -0.154    12.717    
    SLICE_X46Y73         FDRE (Setup_fdre_C_D)        0.081    12.798    matvecmul_design_i/matVecMul_0/inst/grp_matVecMul_Pipeline_matmul_inner_loop_fu_278/acc_V_0_fu_110_reg[16]
  -------------------------------------------------------------------
                         required time                         12.798    
                         arrival time                         -16.977    
  -------------------------------------------------------------------
                         slack                                 -4.179    

Slack (VIOLATED) :        -4.168ns  (required time - arrival time)
  Source:                 matvecmul_design_i/matVecMul_0/inst/grp_matVecMul_Pipeline_matmul_inner_loop_fu_278/acc_V_0_fu_110_reg[5]/C
                            (rising edge-triggered cell FDRE clocked by clk_fpga_0  {rise@0.000ns fall@5.000ns period=10.000ns})
  Destination:            matvecmul_design_i/matVecMul_0/inst/grp_matVecMul_Pipeline_matmul_inner_loop_fu_278/acc_V_0_fu_110_reg[30]/D
                            (rising edge-triggered cell FDRE clocked by clk_fpga_0  {rise@0.000ns fall@5.000ns period=10.000ns})
  Path Group:             clk_fpga_0
  Path Type:              Setup (Max at Slow Process Corner)
  Requirement:            10.000ns  (clk_fpga_0 rise@10.000ns - clk_fpga_0 rise@0.000ns)
  Data Path Delay:        13.980ns  (logic 8.754ns (62.620%)  route 5.226ns (37.380%))
  Logic Levels:           44  (CARRY4=39 LUT2=1 LUT3=1 LUT4=3)
  Clock Path Skew:        -0.065ns (DCD - SCD + CPR)
    Destination Clock Delay (DCD):    2.640ns = ( 12.640 - 10.000 ) 
    Source Clock Delay      (SCD):    2.934ns
    Clock Pessimism Removal (CPR):    0.229ns
  Clock Uncertainty:      0.154ns  ((TSJ^2 + TIJ^2)^1/2 + DJ) / 2 + PE
    Total System Jitter     (TSJ):    0.071ns
    Total Input Jitter      (TIJ):    0.300ns
    Discrete Jitter          (DJ):    0.000ns
    Phase Error              (PE):    0.000ns

    Location             Delay type                Incr(ns)  Path(ns)    Netlist Resource(s)
  -------------------------------------------------------------------    -------------------
                         (clock clk_fpga_0 rise edge)
                                                      0.000     0.000 r  
    PS7_X0Y0             PS7                          0.000     0.000 r  matvecmul_design_i/ps7/inst/PS7_i/FCLKCLK[0]
                         net (fo=1, routed)           1.193     1.193    matvecmul_design_i/ps7/inst/FCLK_CLK_unbuffered[0]
    BUFGCTRL_X0Y16       BUFG (Prop_bufg_I_O)         0.101     1.294 r  matvecmul_design_i/ps7/inst/buffer_fclk_clk_0.FCLK_CLK_0_BUFG/O
                         net (fo=5456, routed)        1.640     2.934    matvecmul_design_i/matVecMul_0/inst/grp_matVecMul_Pipeline_matmul_inner_loop_fu_278/ap_clk
    SLICE_X42Y68         FDRE                                         r  matvecmul_design_i/matVecMul_0/inst/grp_matVecMul_Pipeline_matmul_inner_loop_fu_278/acc_V_0_fu_110_reg[5]/C
  -------------------------------------------------------------------    -------------------
    SLICE_X42Y68         FDRE (Prop_fdre_C_Q)         0.518     3.452 r  matvecmul_design_i/matVecMul_0/inst/grp_matVecMul_Pipeline_matmul_inner_loop_fu_278/acc_V_0_fu_110_reg[5]/Q
                         net (fo=4, routed)           0.883     4.335    matvecmul_design_i/matVecMul_0/inst/grp_matVecMul_Pipeline_matmul_inner_loop_fu_278/acc_V_0_fu_110[5]
    SLICE_X45Y65         LUT2 (Prop_lut2_I0_O)        0.124     4.459 r  matvecmul_design_i/matVecMul_0/inst/grp_matVecMul_Pipeline_matmul_inner_loop_fu_278/select_ln340_reg_910[7]_i_5/O
                         net (fo=1, routed)           0.000     4.459    matvecmul_design_i/matVecMul_0/inst/grp_matVecMul_Pipeline_matmul_inner_loop_fu_278/select_ln340_reg_910[7]_i_5_n_0
    SLICE_X45Y65         CARRY4 (Prop_carry4_S[1]_CO[3])
                                                      0.550     5.009 r  matvecmul_design_i/matVecMul_0/inst/grp_matVecMul_Pipeline_matmul_inner_loop_fu_278/select_ln340_reg_910_reg[7]_i_2/CO[3]
                         net (fo=1, routed)           0.000     5.009    matvecmul_design_i/matVecMul_0/inst/grp_matVecMul_Pipeline_matmul_inner_loop_fu_278/select_ln340_reg_910_reg[7]_i_2_n_0
    SLICE_X45Y66         CARRY4 (Prop_carry4_CI_CO[3])
                                                      0.114     5.123 r  matvecmul_design_i/matVecMul_0/inst/grp_matVecMul_Pipeline_matmul_inner_loop_fu_278/select_ln340_reg_910_reg[11]_i_2/CO[3]
                         net (fo=1, routed)           0.000     5.123    matvecmul_design_i/matVecMul_0/inst/grp_matVecMul_Pipeline_matmul_inner_loop_fu_278/select_ln340_reg_910_reg[11]_i_2_n_0
    SLICE_X45Y67         CARRY4 (Prop_carry4_CI_CO[3])
                                                      0.114     5.237 r  matvecmul_design_i/matVecMul_0/inst/grp_matVecMul_Pipeline_matmul_inner_loop_fu_278/select_ln340_reg_910_reg[15]_i_2/CO[3]
                         net (fo=1, routed)           0.000     5.237    matvecmul_design_i/matVecMul_0/inst/grp_matVecMul_Pipeline_matmul_inner_loop_fu_278/select_ln340_reg_910_reg[15]_i_2_n_0
    SLICE_X45Y68         CARRY4 (Prop_carry4_CI_CO[3])
                                                      0.114     5.351 r  matvecmul_design_i/matVecMul_0/inst/grp_matVecMul_Pipeline_matmul_inner_loop_fu_278/select_ln340_reg_910_reg[19]_i_2/CO[3]
                         net (fo=1, routed)           0.000     5.351    matvecmul_design_i/matVecMul_0/inst/grp_matVecMul_Pipeline_matmul_inner_loop_fu_278/select_ln340_reg_910_reg[19]_i_2_n_0
    SLICE_X45Y69         CARRY4 (Prop_carry4_CI_CO[3])
                                                      0.114     5.465 r  matvecmul_design_i/matVecMul_0/inst/grp_matVecMul_Pipeline_matmul_inner_loop_fu_278/select_ln340_reg_910_reg[23]_i_2/CO[3]
                         net (fo=1, routed)           0.000     5.465    matvecmul_design_i/matVecMul_0/inst/grp_matVecMul_Pipeline_matmul_inner_loop_fu_278/select_ln340_reg_910_reg[23]_i_2_n_0
    SLICE_X45Y70         CARRY4 (Prop_carry4_CI_CO[3])
                                                      0.114     5.579 r  matvecmul_design_i/matVecMul_0/inst/grp_matVecMul_Pipeline_matmul_inner_loop_fu_278/select_ln340_reg_910_reg[27]_i_2/CO[3]
                         net (fo=1, routed)           0.000     5.579    matvecmul_design_i/matVecMul_0/inst/grp_matVecMul_Pipeline_matmul_inner_loop_fu_278/select_ln340_reg_910_reg[27]_i_2_n_0
    SLICE_X45Y71         CARRY4 (Prop_carry4_CI_CO[3])
                                                      0.114     5.693 r  matvecmul_design_i/matVecMul_0/inst/grp_matVecMul_Pipeline_matmul_inner_loop_fu_278/select_ln340_reg_910_reg[31]_i_2/CO[3]
                         net (fo=1, routed)           0.000     5.693    matvecmul_design_i/matVecMul_0/inst/grp_matVecMul_Pipeline_matmul_inner_loop_fu_278/select_ln340_reg_910_reg[31]_i_2_n_0
    SLICE_X45Y72         CARRY4 (Prop_carry4_CI_CO[3])
                                                      0.114     5.807 r  matvecmul_design_i/matVecMul_0/inst/grp_matVecMul_Pipeline_matmul_inner_loop_fu_278/select_ln340_reg_910_reg[35]_i_2/CO[3]
                         net (fo=1, routed)           0.000     5.807    matvecmul_design_i/matVecMul_0/inst/grp_matVecMul_Pipeline_matmul_inner_loop_fu_278/select_ln340_reg_910_reg[35]_i_2_n_0
    SLICE_X45Y73         CARRY4 (Prop_carry4_CI_O[1])
                                                      0.334     6.141 r  matvecmul_design_i/matVecMul_0/inst/grp_matVecMul_Pipeline_matmul_inner_loop_fu_278/select_ln340_reg_910_reg[36]_i_3/O[1]
                         net (fo=116, routed)         1.088     7.229    matvecmul_design_i/matVecMul_0/inst/grp_matVecMul_Pipeline_matmul_inner_loop_fu_278/tmp_1_fu_471_p3
    SLICE_X43Y64         LUT4 (Prop_lut4_I1_O)        0.303     7.532 r  matvecmul_design_i/matVecMul_0/inst/grp_matVecMul_Pipeline_matmul_inner_loop_fu_278/add_ln1245_1_fu_523_p2_carry_i_3/O
                         net (fo=1, routed)           0.000     7.532    matvecmul_design_i/matVecMul_0/inst/grp_matVecMul_Pipeline_matmul_inner_loop_fu_278/add_ln1245_1_fu_523_p2_carry_i_3_n_0
    SLICE_X43Y64         CARRY4 (Prop_carry4_S[1]_CO[3])
                                                      0.550     8.082 r  matvecmul_design_i/matVecMul_0/inst/grp_matVecMul_Pipeline_matmul_inner_loop_fu_278/add_ln1245_1_fu_523_p2_carry/CO[3]
                         net (fo=1, routed)           0.000     8.082    matvecmul_design_i/matVecMul_0/inst/grp_matVecMul_Pipeline_matmul_inner_loop_fu_278/add_ln1245_1_fu_523_p2_carry_n_0
    SLICE_X43Y65         CARRY4 (Prop_carry4_CI_CO[3])
                                                      0.114     8.196 r  matvecmul_design_i/matVecMul_0/inst/grp_matVecMul_Pipeline_matmul_inner_loop_fu_278/add_ln1245_1_fu_523_p2_carry__0/CO[3]
                         net (fo=1, routed)           0.000     8.196    matvecmul_design_i/matVecMul_0/inst/grp_matVecMul_Pipeline_matmul_inner_loop_fu_278/add_ln1245_1_fu_523_p2_carry__0_n_0
    SLICE_X43Y66         CARRY4 (Prop_carry4_CI_CO[3])
                                                      0.114     8.310 r  matvecmul_design_i/matVecMul_0/inst/grp_matVecMul_Pipeline_matmul_inner_loop_fu_278/add_ln1245_1_fu_523_p2_carry__1/CO[3]
                         net (fo=1, routed)           0.000     8.310    matvecmul_design_i/matVecMul_0/inst/grp_matVecMul_Pipeline_matmul_inner_loop_fu_278/add_ln1245_1_fu_523_p2_carry__1_n_0
    SLICE_X43Y67         CARRY4 (Prop_carry4_CI_CO[3])
                                                      0.114     8.424 r  matvecmul_design_i/matVecMul_0/inst/grp_matVecMul_Pipeline_matmul_inner_loop_fu_278/add_ln1245_1_fu_523_p2_carry__2/CO[3]
                         net (fo=1, routed)           0.000     8.424    matvecmul_design_i/matVecMul_0/inst/grp_matVecMul_Pipeline_matmul_inner_loop_fu_278/add_ln1245_1_fu_523_p2_carry__2_n_0
    SLICE_X43Y68         CARRY4 (Prop_carry4_CI_CO[3])
                                                      0.114     8.538 r  matvecmul_design_i/matVecMul_0/inst/grp_matVecMul_Pipeline_matmul_inner_loop_fu_278/add_ln1245_1_fu_523_p2_carry__3/CO[3]
                         net (fo=1, routed)           0.000     8.538    matvecmul_design_i/matVecMul_0/inst/grp_matVecMul_Pipeline_matmul_inner_loop_fu_278/add_ln1245_1_fu_523_p2_carry__3_n_0
    SLICE_X43Y69         CARRY4 (Prop_carry4_CI_CO[3])
                                                      0.114     8.652 r  matvecmul_design_i/matVecMul_0/inst/grp_matVecMul_Pipeline_matmul_inner_loop_fu_278/add_ln1245_1_fu_523_p2_carry__4/CO[3]
                         net (fo=1, routed)           0.000     8.652    matvecmul_design_i/matVecMul_0/inst/grp_matVecMul_Pipeline_matmul_inner_loop_fu_278/add_ln1245_1_fu_523_p2_carry__4_n_0
    SLICE_X43Y70         CARRY4 (Prop_carry4_CI_CO[3])
                                                      0.114     8.766 r  matvecmul_design_i/matVecMul_0/inst/grp_matVecMul_Pipeline_matmul_inner_loop_fu_278/add_ln1245_1_fu_523_p2_carry__5/CO[3]
                         net (fo=1, routed)           0.000     8.766    matvecmul_design_i/matVecMul_0/inst/grp_matVecMul_Pipeline_matmul_inner_loop_fu_278/add_ln1245_1_fu_523_p2_carry__5_n_0
    SLICE_X43Y71         CARRY4 (Prop_carry4_CI_CO[3])
                                                      0.114     8.880 r  matvecmul_design_i/matVecMul_0/inst/grp_matVecMul_Pipeline_matmul_inner_loop_fu_278/add_ln1245_1_fu_523_p2_carry__6/CO[3]
                         net (fo=1, routed)           0.000     8.880    matvecmul_design_i/matVecMul_0/inst/grp_matVecMul_Pipeline_matmul_inner_loop_fu_278/add_ln1245_1_fu_523_p2_carry__6_n_0
    SLICE_X43Y72         CARRY4 (Prop_carry4_CI_CO[3])
                                                      0.114     8.994 r  matvecmul_design_i/matVecMul_0/inst/grp_matVecMul_Pipeline_matmul_inner_loop_fu_278/add_ln1245_1_fu_523_p2_carry__7/CO[3]
                         net (fo=1, routed)           0.000     8.994    matvecmul_design_i/matVecMul_0/inst/grp_matVecMul_Pipeline_matmul_inner_loop_fu_278/add_ln1245_1_fu_523_p2_carry__7_n_0
    SLICE_X43Y73         CARRY4 (Prop_carry4_CI_CO[1])
                                                      0.157     9.151 r  matvecmul_design_i/matVecMul_0/inst/grp_matVecMul_Pipeline_matmul_inner_loop_fu_278/add_ln1245_1_fu_523_p2_carry__8/CO[1]
                         net (fo=117, routed)         1.253    10.404    matvecmul_design_i/matVecMul_0/inst/grp_matVecMul_Pipeline_matmul_inner_loop_fu_278/add_ln1245_1_fu_523_p2_carry__8_n_2
    SLICE_X44Y65         LUT4 (Prop_lut4_I1_O)        0.329    10.733 r  matvecmul_design_i/matVecMul_0/inst/grp_matVecMul_Pipeline_matmul_inner_loop_fu_278/add_ln1245_3_fu_667_p2_carry_i_9/O
                         net (fo=1, routed)           0.000    10.733    matvecmul_design_i/matVecMul_0/inst/grp_matVecMul_Pipeline_matmul_inner_loop_fu_278/add_ln1245_3_fu_667_p2_carry_i_9_n_0
    SLICE_X44Y65         CARRY4 (Prop_carry4_S[0]_CO[3])
                                                      0.532    11.265 r  matvecmul_design_i/matVecMul_0/inst/grp_matVecMul_Pipeline_matmul_inner_loop_fu_278/add_ln1245_3_fu_667_p2_carry_i_5/CO[3]
                         net (fo=1, routed)           0.000    11.265    matvecmul_design_i/matVecMul_0/inst/grp_matVecMul_Pipeline_matmul_inner_loop_fu_278/add_ln1245_3_fu_667_p2_carry_i_5_n_0
    SLICE_X44Y66         CARRY4 (Prop_carry4_CI_CO[3])
                                                      0.114    11.379 r  matvecmul_design_i/matVecMul_0/inst/grp_matVecMul_Pipeline_matmul_inner_loop_fu_278/select_ln340_2_reg_920_reg[7]_i_2/CO[3]
                         net (fo=1, routed)           0.000    11.379    matvecmul_design_i/matVecMul_0/inst/grp_matVecMul_Pipeline_matmul_inner_loop_fu_278/select_ln340_2_reg_920_reg[7]_i_2_n_0
    SLICE_X44Y67         CARRY4 (Prop_carry4_CI_CO[3])
                                                      0.114    11.493 r  matvecmul_design_i/matVecMul_0/inst/grp_matVecMul_Pipeline_matmul_inner_loop_fu_278/select_ln340_2_reg_920_reg[11]_i_2/CO[3]
                         net (fo=1, routed)           0.000    11.493    matvecmul_design_i/matVecMul_0/inst/grp_matVecMul_Pipeline_matmul_inner_loop_fu_278/select_ln340_2_reg_920_reg[11]_i_2_n_0
    SLICE_X44Y68         CARRY4 (Prop_carry4_CI_CO[3])
                                                      0.114    11.607 r  matvecmul_design_i/matVecMul_0/inst/grp_matVecMul_Pipeline_matmul_inner_loop_fu_278/select_ln340_2_reg_920_reg[15]_i_2/CO[3]
                         net (fo=1, routed)           0.000    11.607    matvecmul_design_i/matVecMul_0/inst/grp_matVecMul_Pipeline_matmul_inner_loop_fu_278/select_ln340_2_reg_920_reg[15]_i_2_n_0
    SLICE_X44Y69         CARRY4 (Prop_carry4_CI_CO[3])
                                                      0.114    11.721 r  matvecmul_design_i/matVecMul_0/inst/grp_matVecMul_Pipeline_matmul_inner_loop_fu_278/select_ln340_2_reg_920_reg[19]_i_2/CO[3]
                         net (fo=1, routed)           0.000    11.721    matvecmul_design_i/matVecMul_0/inst/grp_matVecMul_Pipeline_matmul_inner_loop_fu_278/select_ln340_2_reg_920_reg[19]_i_2_n_0
    SLICE_X44Y70         CARRY4 (Prop_carry4_CI_CO[3])
                                                      0.114    11.835 r  matvecmul_design_i/matVecMul_0/inst/grp_matVecMul_Pipeline_matmul_inner_loop_fu_278/select_ln340_2_reg_920_reg[23]_i_2/CO[3]
                         net (fo=1, routed)           0.000    11.835    matvecmul_design_i/matVecMul_0/inst/grp_matVecMul_Pipeline_matmul_inner_loop_fu_278/select_ln340_2_reg_920_reg[23]_i_2_n_0
    SLICE_X44Y71         CARRY4 (Prop_carry4_CI_CO[3])
                                                      0.114    11.949 r  matvecmul_design_i/matVecMul_0/inst/grp_matVecMul_Pipeline_matmul_inner_loop_fu_278/select_ln340_2_reg_920_reg[27]_i_2/CO[3]
                         net (fo=1, routed)           0.000    11.949    matvecmul_design_i/matVecMul_0/inst/grp_matVecMul_Pipeline_matmul_inner_loop_fu_278/select_ln340_2_reg_920_reg[27]_i_2_n_0
    SLICE_X44Y72         CARRY4 (Prop_carry4_CI_CO[3])
                                                      0.114    12.063 r  matvecmul_design_i/matVecMul_0/inst/grp_matVecMul_Pipeline_matmul_inner_loop_fu_278/select_ln340_2_reg_920_reg[31]_i_2/CO[3]
                         net (fo=1, routed)           0.000    12.063    matvecmul_design_i/matVecMul_0/inst/grp_matVecMul_Pipeline_matmul_inner_loop_fu_278/select_ln340_2_reg_920_reg[31]_i_2_n_0
    SLICE_X44Y73         CARRY4 (Prop_carry4_CI_CO[3])
                                                      0.114    12.177 r  matvecmul_design_i/matVecMul_0/inst/grp_matVecMul_Pipeline_matmul_inner_loop_fu_278/select_ln340_2_reg_920_reg[35]_i_2/CO[3]
                         net (fo=1, routed)           0.000    12.177    matvecmul_design_i/matVecMul_0/inst/grp_matVecMul_Pipeline_matmul_inner_loop_fu_278/select_ln340_2_reg_920_reg[35]_i_2_n_0
    SLICE_X44Y74         CARRY4 (Prop_carry4_CI_O[1])
                                                      0.334    12.511 r  matvecmul_design_i/matVecMul_0/inst/grp_matVecMul_Pipeline_matmul_inner_loop_fu_278/select_ln340_2_reg_920_reg[36]_i_4/O[1]
                         net (fo=116, routed)         1.009    13.520    matvecmul_design_i/matVecMul_0/inst/grp_matVecMul_Pipeline_matmul_inner_loop_fu_278/tmp_5_fu_615_p3
    SLICE_X42Y70         LUT4 (Prop_lut4_I0_O)        0.303    13.823 r  matvecmul_design_i/matVecMul_0/inst/grp_matVecMul_Pipeline_matmul_inner_loop_fu_278/acc_V_0_fu_110[3]_i_5/O
                         net (fo=1, routed)           0.000    13.823    matvecmul_design_i/matVecMul_0/inst/grp_matVecMul_Pipeline_matmul_inner_loop_fu_278/acc_V_0_fu_110[3]_i_5_n_0
    SLICE_X42Y70         CARRY4 (Prop_carry4_S[1]_CO[3])
                                                      0.533    14.356 r  matvecmul_design_i/matVecMul_0/inst/grp_matVecMul_Pipeline_matmul_inner_loop_fu_278/acc_V_0_fu_110_reg[3]_i_2/CO[3]
                         net (fo=1, routed)           0.000    14.356    matvecmul_design_i/matVecMul_0/inst/grp_matVecMul_Pipeline_matmul_inner_loop_fu_278/acc_V_0_fu_110_reg[3]_i_2_n_0
    SLICE_X42Y71         CARRY4 (Prop_carry4_CI_CO[3])
                                                      0.117    14.473 r  matvecmul_design_i/matVecMul_0/inst/grp_matVecMul_Pipeline_matmul_inner_loop_fu_278/acc_V_0_fu_110_reg[7]_i_2/CO[3]
                         net (fo=1, routed)           0.000    14.473    matvecmul_design_i/matVecMul_0/inst/grp_matVecMul_Pipeline_matmul_inner_loop_fu_278/acc_V_0_fu_110_reg[7]_i_2_n_0
    SLICE_X42Y72         CARRY4 (Prop_carry4_CI_CO[3])
                                                      0.117    14.590 r  matvecmul_design_i/matVecMul_0/inst/grp_matVecMul_Pipeline_matmul_inner_loop_fu_278/acc_V_0_fu_110_reg[11]_i_2/CO[3]
                         net (fo=1, routed)           0.000    14.590    matvecmul_design_i/matVecMul_0/inst/grp_matVecMul_Pipeline_matmul_inner_loop_fu_278/acc_V_0_fu_110_reg[11]_i_2_n_0
    SLICE_X42Y73         CARRY4 (Prop_carry4_CI_CO[3])
                                                      0.117    14.707 r  matvecmul_design_i/matVecMul_0/inst/grp_matVecMul_Pipeline_matmul_inner_loop_fu_278/acc_V_0_fu_110_reg[15]_i_2/CO[3]
                         net (fo=1, routed)           0.000    14.707    matvecmul_design_i/matVecMul_0/inst/grp_matVecMul_Pipeline_matmul_inner_loop_fu_278/acc_V_0_fu_110_reg[15]_i_2_n_0
    SLICE_X42Y74         CARRY4 (Prop_carry4_CI_CO[3])
                                                      0.117    14.824 r  matvecmul_design_i/matVecMul_0/inst/grp_matVecMul_Pipeline_matmul_inner_loop_fu_278/acc_V_0_fu_110_reg[19]_i_2/CO[3]
                         net (fo=1, routed)           0.009    14.833    matvecmul_design_i/matVecMul_0/inst/grp_matVecMul_Pipeline_matmul_inner_loop_fu_278/acc_V_0_fu_110_reg[19]_i_2_n_0
    SLICE_X42Y75         CARRY4 (Prop_carry4_CI_CO[3])
                                                      0.117    14.950 r  matvecmul_design_i/matVecMul_0/inst/grp_matVecMul_Pipeline_matmul_inner_loop_fu_278/acc_V_0_fu_110_reg[23]_i_2/CO[3]
                         net (fo=1, routed)           0.000    14.950    matvecmul_design_i/matVecMul_0/inst/grp_matVecMul_Pipeline_matmul_inner_loop_fu_278/acc_V_0_fu_110_reg[23]_i_2_n_0
    SLICE_X42Y76         CARRY4 (Prop_carry4_CI_CO[3])
                                                      0.117    15.067 r  matvecmul_design_i/matVecMul_0/inst/grp_matVecMul_Pipeline_matmul_inner_loop_fu_278/acc_V_0_fu_110_reg[27]_i_2/CO[3]
                         net (fo=1, routed)           0.000    15.067    matvecmul_design_i/matVecMul_0/inst/grp_matVecMul_Pipeline_matmul_inner_loop_fu_278/acc_V_0_fu_110_reg[27]_i_2_n_0
    SLICE_X42Y77         CARRY4 (Prop_carry4_CI_CO[3])
                                                      0.117    15.184 r  matvecmul_design_i/matVecMul_0/inst/grp_matVecMul_Pipeline_matmul_inner_loop_fu_278/acc_V_0_fu_110_reg[31]_i_2/CO[3]
                         net (fo=1, routed)           0.000    15.184    matvecmul_design_i/matVecMul_0/inst/grp_matVecMul_Pipeline_matmul_inner_loop_fu_278/acc_V_0_fu_110_reg[31]_i_2_n_0
    SLICE_X42Y78         CARRY4 (Prop_carry4_CI_CO[3])
                                                      0.117    15.301 r  matvecmul_design_i/matVecMul_0/inst/grp_matVecMul_Pipeline_matmul_inner_loop_fu_278/acc_V_0_fu_110_reg[35]_i_2/CO[3]
                         net (fo=1, routed)           0.000    15.301    matvecmul_design_i/matVecMul_0/inst/grp_matVecMul_Pipeline_matmul_inner_loop_fu_278/acc_V_0_fu_110_reg[35]_i_2_n_0
    SLICE_X42Y79         CARRY4 (Prop_carry4_CI_O[1])
                                                      0.323    15.624 r  matvecmul_design_i/matVecMul_0/inst/grp_matVecMul_Pipeline_matmul_inner_loop_fu_278/acc_V_0_fu_110_reg[36]_i_2/O[1]
                         net (fo=37, routed)          0.984    16.608    matvecmul_design_i/matVecMul_0/inst/grp_matVecMul_Pipeline_matmul_inner_loop_fu_278/tmp_8_fu_687_p3
    SLICE_X44Y75         LUT3 (Prop_lut3_I1_O)        0.306    16.914 r  matvecmul_design_i/matVecMul_0/inst/grp_matVecMul_Pipeline_matmul_inner_loop_fu_278/acc_V_0_fu_110[30]_i_1/O
                         net (fo=1, routed)           0.000    16.914    matvecmul_design_i/matVecMul_0/inst/grp_matVecMul_Pipeline_matmul_inner_loop_fu_278/select_ln340_3_fu_721_p3[30]
    SLICE_X44Y75         FDRE                                         r  matvecmul_design_i/matVecMul_0/inst/grp_matVecMul_Pipeline_matmul_inner_loop_fu_278/acc_V_0_fu_110_reg[30]/D
  -------------------------------------------------------------------    -------------------

                         (clock clk_fpga_0 rise edge)
                                                     10.000    10.000 r  
    PS7_X0Y0             PS7                          0.000    10.000 r  matvecmul_design_i/ps7/inst/PS7_i/FCLKCLK[0]
                         net (fo=1, routed)           1.088    11.088    matvecmul_design_i/ps7/inst/FCLK_CLK_unbuffered[0]
    BUFGCTRL_X0Y16       BUFG (Prop_bufg_I_O)         0.091    11.179 r  matvecmul_design_i/ps7/inst/buffer_fclk_clk_0.FCLK_CLK_0_BUFG/O
                         net (fo=5456, routed)        1.461    12.640    matvecmul_design_i/matVecMul_0/inst/grp_matVecMul_Pipeline_matmul_inner_loop_fu_278/ap_clk
    SLICE_X44Y75         FDRE                                         r  matvecmul_design_i/matVecMul_0/inst/grp_matVecMul_Pipeline_matmul_inner_loop_fu_278/acc_V_0_fu_110_reg[30]/C
                         clock pessimism              0.229    12.869    
                         clock uncertainty           -0.154    12.715    
    SLICE_X44Y75         FDRE (Setup_fdre_C_D)        0.031    12.746    matvecmul_design_i/matVecMul_0/inst/grp_matVecMul_Pipeline_matmul_inner_loop_fu_278/acc_V_0_fu_110_reg[30]
  -------------------------------------------------------------------
                         required time                         12.746    
                         arrival time                         -16.914    
  -------------------------------------------------------------------
                         slack                                 -4.168    

Slack (VIOLATED) :        -4.120ns  (required time - arrival time)
  Source:                 matvecmul_design_i/matVecMul_0/inst/grp_matVecMul_Pipeline_matmul_inner_loop_fu_278/acc_V_0_fu_110_reg[5]/C
                            (rising edge-triggered cell FDRE clocked by clk_fpga_0  {rise@0.000ns fall@5.000ns period=10.000ns})
  Destination:            matvecmul_design_i/matVecMul_0/inst/grp_matVecMul_Pipeline_matmul_inner_loop_fu_278/acc_V_0_fu_110_reg[15]/D
                            (rising edge-triggered cell FDRE clocked by clk_fpga_0  {rise@0.000ns fall@5.000ns period=10.000ns})
  Path Group:             clk_fpga_0
  Path Type:              Setup (Max at Slow Process Corner)
  Requirement:            10.000ns  (clk_fpga_0 rise@10.000ns - clk_fpga_0 rise@0.000ns)
  Data Path Delay:        13.986ns  (logic 8.754ns (62.589%)  route 5.232ns (37.410%))
  Logic Levels:           44  (CARRY4=39 LUT2=1 LUT3=1 LUT4=3)
  Clock Path Skew:        -0.061ns (DCD - SCD + CPR)
    Destination Clock Delay (DCD):    2.644ns = ( 12.644 - 10.000 ) 
    Source Clock Delay      (SCD):    2.934ns
    Clock Pessimism Removal (CPR):    0.229ns
  Clock Uncertainty:      0.154ns  ((TSJ^2 + TIJ^2)^1/2 + DJ) / 2 + PE
    Total System Jitter     (TSJ):    0.071ns
    Total Input Jitter      (TIJ):    0.300ns
    Discrete Jitter          (DJ):    0.000ns
    Phase Error              (PE):    0.000ns

    Location             Delay type                Incr(ns)  Path(ns)    Netlist Resource(s)
  -------------------------------------------------------------------    -------------------
                         (clock clk_fpga_0 rise edge)
                                                      0.000     0.000 r  
    PS7_X0Y0             PS7                          0.000     0.000 r  matvecmul_design_i/ps7/inst/PS7_i/FCLKCLK[0]
                         net (fo=1, routed)           1.193     1.193    matvecmul_design_i/ps7/inst/FCLK_CLK_unbuffered[0]
    BUFGCTRL_X0Y16       BUFG (Prop_bufg_I_O)         0.101     1.294 r  matvecmul_design_i/ps7/inst/buffer_fclk_clk_0.FCLK_CLK_0_BUFG/O
                         net (fo=5456, routed)        1.640     2.934    matvecmul_design_i/matVecMul_0/inst/grp_matVecMul_Pipeline_matmul_inner_loop_fu_278/ap_clk
    SLICE_X42Y68         FDRE                                         r  matvecmul_design_i/matVecMul_0/inst/grp_matVecMul_Pipeline_matmul_inner_loop_fu_278/acc_V_0_fu_110_reg[5]/C
  -------------------------------------------------------------------    -------------------
    SLICE_X42Y68         FDRE (Prop_fdre_C_Q)         0.518     3.452 r  matvecmul_design_i/matVecMul_0/inst/grp_matVecMul_Pipeline_matmul_inner_loop_fu_278/acc_V_0_fu_110_reg[5]/Q
                         net (fo=4, routed)           0.883     4.335    matvecmul_design_i/matVecMul_0/inst/grp_matVecMul_Pipeline_matmul_inner_loop_fu_278/acc_V_0_fu_110[5]
    SLICE_X45Y65         LUT2 (Prop_lut2_I0_O)        0.124     4.459 r  matvecmul_design_i/matVecMul_0/inst/grp_matVecMul_Pipeline_matmul_inner_loop_fu_278/select_ln340_reg_910[7]_i_5/O
                         net (fo=1, routed)           0.000     4.459    matvecmul_design_i/matVecMul_0/inst/grp_matVecMul_Pipeline_matmul_inner_loop_fu_278/select_ln340_reg_910[7]_i_5_n_0
    SLICE_X45Y65         CARRY4 (Prop_carry4_S[1]_CO[3])
                                                      0.550     5.009 r  matvecmul_design_i/matVecMul_0/inst/grp_matVecMul_Pipeline_matmul_inner_loop_fu_278/select_ln340_reg_910_reg[7]_i_2/CO[3]
                         net (fo=1, routed)           0.000     5.009    matvecmul_design_i/matVecMul_0/inst/grp_matVecMul_Pipeline_matmul_inner_loop_fu_278/select_ln340_reg_910_reg[7]_i_2_n_0
    SLICE_X45Y66         CARRY4 (Prop_carry4_CI_CO[3])
                                                      0.114     5.123 r  matvecmul_design_i/matVecMul_0/inst/grp_matVecMul_Pipeline_matmul_inner_loop_fu_278/select_ln340_reg_910_reg[11]_i_2/CO[3]
                         net (fo=1, routed)           0.000     5.123    matvecmul_design_i/matVecMul_0/inst/grp_matVecMul_Pipeline_matmul_inner_loop_fu_278/select_ln340_reg_910_reg[11]_i_2_n_0
    SLICE_X45Y67         CARRY4 (Prop_carry4_CI_CO[3])
                                                      0.114     5.237 r  matvecmul_design_i/matVecMul_0/inst/grp_matVecMul_Pipeline_matmul_inner_loop_fu_278/select_ln340_reg_910_reg[15]_i_2/CO[3]
                         net (fo=1, routed)           0.000     5.237    matvecmul_design_i/matVecMul_0/inst/grp_matVecMul_Pipeline_matmul_inner_loop_fu_278/select_ln340_reg_910_reg[15]_i_2_n_0
    SLICE_X45Y68         CARRY4 (Prop_carry4_CI_CO[3])
                                                      0.114     5.351 r  matvecmul_design_i/matVecMul_0/inst/grp_matVecMul_Pipeline_matmul_inner_loop_fu_278/select_ln340_reg_910_reg[19]_i_2/CO[3]
                         net (fo=1, routed)           0.000     5.351    matvecmul_design_i/matVecMul_0/inst/grp_matVecMul_Pipeline_matmul_inner_loop_fu_278/select_ln340_reg_910_reg[19]_i_2_n_0
    SLICE_X45Y69         CARRY4 (Prop_carry4_CI_CO[3])
                                                      0.114     5.465 r  matvecmul_design_i/matVecMul_0/inst/grp_matVecMul_Pipeline_matmul_inner_loop_fu_278/select_ln340_reg_910_reg[23]_i_2/CO[3]
                         net (fo=1, routed)           0.000     5.465    matvecmul_design_i/matVecMul_0/inst/grp_matVecMul_Pipeline_matmul_inner_loop_fu_278/select_ln340_reg_910_reg[23]_i_2_n_0
    SLICE_X45Y70         CARRY4 (Prop_carry4_CI_CO[3])
                                                      0.114     5.579 r  matvecmul_design_i/matVecMul_0/inst/grp_matVecMul_Pipeline_matmul_inner_loop_fu_278/select_ln340_reg_910_reg[27]_i_2/CO[3]
                         net (fo=1, routed)           0.000     5.579    matvecmul_design_i/matVecMul_0/inst/grp_matVecMul_Pipeline_matmul_inner_loop_fu_278/select_ln340_reg_910_reg[27]_i_2_n_0
    SLICE_X45Y71         CARRY4 (Prop_carry4_CI_CO[3])
                                                      0.114     5.693 r  matvecmul_design_i/matVecMul_0/inst/grp_matVecMul_Pipeline_matmul_inner_loop_fu_278/select_ln340_reg_910_reg[31]_i_2/CO[3]
                         net (fo=1, routed)           0.000     5.693    matvecmul_design_i/matVecMul_0/inst/grp_matVecMul_Pipeline_matmul_inner_loop_fu_278/select_ln340_reg_910_reg[31]_i_2_n_0
    SLICE_X45Y72         CARRY4 (Prop_carry4_CI_CO[3])
                                                      0.114     5.807 r  matvecmul_design_i/matVecMul_0/inst/grp_matVecMul_Pipeline_matmul_inner_loop_fu_278/select_ln340_reg_910_reg[35]_i_2/CO[3]
                         net (fo=1, routed)           0.000     5.807    matvecmul_design_i/matVecMul_0/inst/grp_matVecMul_Pipeline_matmul_inner_loop_fu_278/select_ln340_reg_910_reg[35]_i_2_n_0
    SLICE_X45Y73         CARRY4 (Prop_carry4_CI_O[1])
                                                      0.334     6.141 r  matvecmul_design_i/matVecMul_0/inst/grp_matVecMul_Pipeline_matmul_inner_loop_fu_278/select_ln340_reg_910_reg[36]_i_3/O[1]
                         net (fo=116, routed)         1.088     7.229    matvecmul_design_i/matVecMul_0/inst/grp_matVecMul_Pipeline_matmul_inner_loop_fu_278/tmp_1_fu_471_p3
    SLICE_X43Y64         LUT4 (Prop_lut4_I1_O)        0.303     7.532 r  matvecmul_design_i/matVecMul_0/inst/grp_matVecMul_Pipeline_matmul_inner_loop_fu_278/add_ln1245_1_fu_523_p2_carry_i_3/O
                         net (fo=1, routed)           0.000     7.532    matvecmul_design_i/matVecMul_0/inst/grp_matVecMul_Pipeline_matmul_inner_loop_fu_278/add_ln1245_1_fu_523_p2_carry_i_3_n_0
    SLICE_X43Y64         CARRY4 (Prop_carry4_S[1]_CO[3])
                                                      0.550     8.082 r  matvecmul_design_i/matVecMul_0/inst/grp_matVecMul_Pipeline_matmul_inner_loop_fu_278/add_ln1245_1_fu_523_p2_carry/CO[3]
                         net (fo=1, routed)           0.000     8.082    matvecmul_design_i/matVecMul_0/inst/grp_matVecMul_Pipeline_matmul_inner_loop_fu_278/add_ln1245_1_fu_523_p2_carry_n_0
    SLICE_X43Y65         CARRY4 (Prop_carry4_CI_CO[3])
                                                      0.114     8.196 r  matvecmul_design_i/matVecMul_0/inst/grp_matVecMul_Pipeline_matmul_inner_loop_fu_278/add_ln1245_1_fu_523_p2_carry__0/CO[3]
                         net (fo=1, routed)           0.000     8.196    matvecmul_design_i/matVecMul_0/inst/grp_matVecMul_Pipeline_matmul_inner_loop_fu_278/add_ln1245_1_fu_523_p2_carry__0_n_0
    SLICE_X43Y66         CARRY4 (Prop_carry4_CI_CO[3])
                                                      0.114     8.310 r  matvecmul_design_i/matVecMul_0/inst/grp_matVecMul_Pipeline_matmul_inner_loop_fu_278/add_ln1245_1_fu_523_p2_carry__1/CO[3]
                         net (fo=1, routed)           0.000     8.310    matvecmul_design_i/matVecMul_0/inst/grp_matVecMul_Pipeline_matmul_inner_loop_fu_278/add_ln1245_1_fu_523_p2_carry__1_n_0
    SLICE_X43Y67         CARRY4 (Prop_carry4_CI_CO[3])
                                                      0.114     8.424 r  matvecmul_design_i/matVecMul_0/inst/grp_matVecMul_Pipeline_matmul_inner_loop_fu_278/add_ln1245_1_fu_523_p2_carry__2/CO[3]
                         net (fo=1, routed)           0.000     8.424    matvecmul_design_i/matVecMul_0/inst/grp_matVecMul_Pipeline_matmul_inner_loop_fu_278/add_ln1245_1_fu_523_p2_carry__2_n_0
    SLICE_X43Y68         CARRY4 (Prop_carry4_CI_CO[3])
                                                      0.114     8.538 r  matvecmul_design_i/matVecMul_0/inst/grp_matVecMul_Pipeline_matmul_inner_loop_fu_278/add_ln1245_1_fu_523_p2_carry__3/CO[3]
                         net (fo=1, routed)           0.000     8.538    matvecmul_design_i/matVecMul_0/inst/grp_matVecMul_Pipeline_matmul_inner_loop_fu_278/add_ln1245_1_fu_523_p2_carry__3_n_0
    SLICE_X43Y69         CARRY4 (Prop_carry4_CI_CO[3])
                                                      0.114     8.652 r  matvecmul_design_i/matVecMul_0/inst/grp_matVecMul_Pipeline_matmul_inner_loop_fu_278/add_ln1245_1_fu_523_p2_carry__4/CO[3]
                         net (fo=1, routed)           0.000     8.652    matvecmul_design_i/matVecMul_0/inst/grp_matVecMul_Pipeline_matmul_inner_loop_fu_278/add_ln1245_1_fu_523_p2_carry__4_n_0
    SLICE_X43Y70         CARRY4 (Prop_carry4_CI_CO[3])
                                                      0.114     8.766 r  matvecmul_design_i/matVecMul_0/inst/grp_matVecMul_Pipeline_matmul_inner_loop_fu_278/add_ln1245_1_fu_523_p2_carry__5/CO[3]
                         net (fo=1, routed)           0.000     8.766    matvecmul_design_i/matVecMul_0/inst/grp_matVecMul_Pipeline_matmul_inner_loop_fu_278/add_ln1245_1_fu_523_p2_carry__5_n_0
    SLICE_X43Y71         CARRY4 (Prop_carry4_CI_CO[3])
                                                      0.114     8.880 r  matvecmul_design_i/matVecMul_0/inst/grp_matVecMul_Pipeline_matmul_inner_loop_fu_278/add_ln1245_1_fu_523_p2_carry__6/CO[3]
                         net (fo=1, routed)           0.000     8.880    matvecmul_design_i/matVecMul_0/inst/grp_matVecMul_Pipeline_matmul_inner_loop_fu_278/add_ln1245_1_fu_523_p2_carry__6_n_0
    SLICE_X43Y72         CARRY4 (Prop_carry4_CI_CO[3])
                                                      0.114     8.994 r  matvecmul_design_i/matVecMul_0/inst/grp_matVecMul_Pipeline_matmul_inner_loop_fu_278/add_ln1245_1_fu_523_p2_carry__7/CO[3]
                         net (fo=1, routed)           0.000     8.994    matvecmul_design_i/matVecMul_0/inst/grp_matVecMul_Pipeline_matmul_inner_loop_fu_278/add_ln1245_1_fu_523_p2_carry__7_n_0
    SLICE_X43Y73         CARRY4 (Prop_carry4_CI_CO[1])
                                                      0.157     9.151 r  matvecmul_design_i/matVecMul_0/inst/grp_matVecMul_Pipeline_matmul_inner_loop_fu_278/add_ln1245_1_fu_523_p2_carry__8/CO[1]
                         net (fo=117, routed)         1.253    10.404    matvecmul_design_i/matVecMul_0/inst/grp_matVecMul_Pipeline_matmul_inner_loop_fu_278/add_ln1245_1_fu_523_p2_carry__8_n_2
    SLICE_X44Y65         LUT4 (Prop_lut4_I1_O)        0.329    10.733 r  matvecmul_design_i/matVecMul_0/inst/grp_matVecMul_Pipeline_matmul_inner_loop_fu_278/add_ln1245_3_fu_667_p2_carry_i_9/O
                         net (fo=1, routed)           0.000    10.733    matvecmul_design_i/matVecMul_0/inst/grp_matVecMul_Pipeline_matmul_inner_loop_fu_278/add_ln1245_3_fu_667_p2_carry_i_9_n_0
    SLICE_X44Y65         CARRY4 (Prop_carry4_S[0]_CO[3])
                                                      0.532    11.265 r  matvecmul_design_i/matVecMul_0/inst/grp_matVecMul_Pipeline_matmul_inner_loop_fu_278/add_ln1245_3_fu_667_p2_carry_i_5/CO[3]
                         net (fo=1, routed)           0.000    11.265    matvecmul_design_i/matVecMul_0/inst/grp_matVecMul_Pipeline_matmul_inner_loop_fu_278/add_ln1245_3_fu_667_p2_carry_i_5_n_0
    SLICE_X44Y66         CARRY4 (Prop_carry4_CI_CO[3])
                                                      0.114    11.379 r  matvecmul_design_i/matVecMul_0/inst/grp_matVecMul_Pipeline_matmul_inner_loop_fu_278/select_ln340_2_reg_920_reg[7]_i_2/CO[3]
                         net (fo=1, routed)           0.000    11.379    matvecmul_design_i/matVecMul_0/inst/grp_matVecMul_Pipeline_matmul_inner_loop_fu_278/select_ln340_2_reg_920_reg[7]_i_2_n_0
    SLICE_X44Y67         CARRY4 (Prop_carry4_CI_CO[3])
                                                      0.114    11.493 r  matvecmul_design_i/matVecMul_0/inst/grp_matVecMul_Pipeline_matmul_inner_loop_fu_278/select_ln340_2_reg_920_reg[11]_i_2/CO[3]
                         net (fo=1, routed)           0.000    11.493    matvecmul_design_i/matVecMul_0/inst/grp_matVecMul_Pipeline_matmul_inner_loop_fu_278/select_ln340_2_reg_920_reg[11]_i_2_n_0
    SLICE_X44Y68         CARRY4 (Prop_carry4_CI_CO[3])
                                                      0.114    11.607 r  matvecmul_design_i/matVecMul_0/inst/grp_matVecMul_Pipeline_matmul_inner_loop_fu_278/select_ln340_2_reg_920_reg[15]_i_2/CO[3]
                         net (fo=1, routed)           0.000    11.607    matvecmul_design_i/matVecMul_0/inst/grp_matVecMul_Pipeline_matmul_inner_loop_fu_278/select_ln340_2_reg_920_reg[15]_i_2_n_0
    SLICE_X44Y69         CARRY4 (Prop_carry4_CI_CO[3])
                                                      0.114    11.721 r  matvecmul_design_i/matVecMul_0/inst/grp_matVecMul_Pipeline_matmul_inner_loop_fu_278/select_ln340_2_reg_920_reg[19]_i_2/CO[3]
                         net (fo=1, routed)           0.000    11.721    matvecmul_design_i/matVecMul_0/inst/grp_matVecMul_Pipeline_matmul_inner_loop_fu_278/select_ln340_2_reg_920_reg[19]_i_2_n_0
    SLICE_X44Y70         CARRY4 (Prop_carry4_CI_CO[3])
                                                      0.114    11.835 r  matvecmul_design_i/matVecMul_0/inst/grp_matVecMul_Pipeline_matmul_inner_loop_fu_278/select_ln340_2_reg_920_reg[23]_i_2/CO[3]
                         net (fo=1, routed)           0.000    11.835    matvecmul_design_i/matVecMul_0/inst/grp_matVecMul_Pipeline_matmul_inner_loop_fu_278/select_ln340_2_reg_920_reg[23]_i_2_n_0
    SLICE_X44Y71         CARRY4 (Prop_carry4_CI_CO[3])
                                                      0.114    11.949 r  matvecmul_design_i/matVecMul_0/inst/grp_matVecMul_Pipeline_matmul_inner_loop_fu_278/select_ln340_2_reg_920_reg[27]_i_2/CO[3]
                         net (fo=1, routed)           0.000    11.949    matvecmul_design_i/matVecMul_0/inst/grp_matVecMul_Pipeline_matmul_inner_loop_fu_278/select_ln340_2_reg_920_reg[27]_i_2_n_0
    SLICE_X44Y72         CARRY4 (Prop_carry4_CI_CO[3])
                                                      0.114    12.063 r  matvecmul_design_i/matVecMul_0/inst/grp_matVecMul_Pipeline_matmul_inner_loop_fu_278/select_ln340_2_reg_920_reg[31]_i_2/CO[3]
                         net (fo=1, routed)           0.000    12.063    matvecmul_design_i/matVecMul_0/inst/grp_matVecMul_Pipeline_matmul_inner_loop_fu_278/select_ln340_2_reg_920_reg[31]_i_2_n_0
    SLICE_X44Y73         CARRY4 (Prop_carry4_CI_CO[3])
                                                      0.114    12.177 r  matvecmul_design_i/matVecMul_0/inst/grp_matVecMul_Pipeline_matmul_inner_loop_fu_278/select_ln340_2_reg_920_reg[35]_i_2/CO[3]
                         net (fo=1, routed)           0.000    12.177    matvecmul_design_i/matVecMul_0/inst/grp_matVecMul_Pipeline_matmul_inner_loop_fu_278/select_ln340_2_reg_920_reg[35]_i_2_n_0
    SLICE_X44Y74         CARRY4 (Prop_carry4_CI_O[1])
                                                      0.334    12.511 r  matvecmul_design_i/matVecMul_0/inst/grp_matVecMul_Pipeline_matmul_inner_loop_fu_278/select_ln340_2_reg_920_reg[36]_i_4/O[1]
                         net (fo=116, routed)         1.009    13.520    matvecmul_design_i/matVecMul_0/inst/grp_matVecMul_Pipeline_matmul_inner_loop_fu_278/tmp_5_fu_615_p3
    SLICE_X42Y70         LUT4 (Prop_lut4_I0_O)        0.303    13.823 r  matvecmul_design_i/matVecMul_0/inst/grp_matVecMul_Pipeline_matmul_inner_loop_fu_278/acc_V_0_fu_110[3]_i_5/O
                         net (fo=1, routed)           0.000    13.823    matvecmul_design_i/matVecMul_0/inst/grp_matVecMul_Pipeline_matmul_inner_loop_fu_278/acc_V_0_fu_110[3]_i_5_n_0
    SLICE_X42Y70         CARRY4 (Prop_carry4_S[1]_CO[3])
                                                      0.533    14.356 r  matvecmul_design_i/matVecMul_0/inst/grp_matVecMul_Pipeline_matmul_inner_loop_fu_278/acc_V_0_fu_110_reg[3]_i_2/CO[3]
                         net (fo=1, routed)           0.000    14.356    matvecmul_design_i/matVecMul_0/inst/grp_matVecMul_Pipeline_matmul_inner_loop_fu_278/acc_V_0_fu_110_reg[3]_i_2_n_0
    SLICE_X42Y71         CARRY4 (Prop_carry4_CI_CO[3])
                                                      0.117    14.473 r  matvecmul_design_i/matVecMul_0/inst/grp_matVecMul_Pipeline_matmul_inner_loop_fu_278/acc_V_0_fu_110_reg[7]_i_2/CO[3]
                         net (fo=1, routed)           0.000    14.473    matvecmul_design_i/matVecMul_0/inst/grp_matVecMul_Pipeline_matmul_inner_loop_fu_278/acc_V_0_fu_110_reg[7]_i_2_n_0
    SLICE_X42Y72         CARRY4 (Prop_carry4_CI_CO[3])
                                                      0.117    14.590 r  matvecmul_design_i/matVecMul_0/inst/grp_matVecMul_Pipeline_matmul_inner_loop_fu_278/acc_V_0_fu_110_reg[11]_i_2/CO[3]
                         net (fo=1, routed)           0.000    14.590    matvecmul_design_i/matVecMul_0/inst/grp_matVecMul_Pipeline_matmul_inner_loop_fu_278/acc_V_0_fu_110_reg[11]_i_2_n_0
    SLICE_X42Y73         CARRY4 (Prop_carry4_CI_CO[3])
                                                      0.117    14.707 r  matvecmul_design_i/matVecMul_0/inst/grp_matVecMul_Pipeline_matmul_inner_loop_fu_278/acc_V_0_fu_110_reg[15]_i_2/CO[3]
                         net (fo=1, routed)           0.000    14.707    matvecmul_design_i/matVecMul_0/inst/grp_matVecMul_Pipeline_matmul_inner_loop_fu_278/acc_V_0_fu_110_reg[15]_i_2_n_0
    SLICE_X42Y74         CARRY4 (Prop_carry4_CI_CO[3])
                                                      0.117    14.824 r  matvecmul_design_i/matVecMul_0/inst/grp_matVecMul_Pipeline_matmul_inner_loop_fu_278/acc_V_0_fu_110_reg[19]_i_2/CO[3]
                         net (fo=1, routed)           0.009    14.833    matvecmul_design_i/matVecMul_0/inst/grp_matVecMul_Pipeline_matmul_inner_loop_fu_278/acc_V_0_fu_110_reg[19]_i_2_n_0
    SLICE_X42Y75         CARRY4 (Prop_carry4_CI_CO[3])
                                                      0.117    14.950 r  matvecmul_design_i/matVecMul_0/inst/grp_matVecMul_Pipeline_matmul_inner_loop_fu_278/acc_V_0_fu_110_reg[23]_i_2/CO[3]
                         net (fo=1, routed)           0.000    14.950    matvecmul_design_i/matVecMul_0/inst/grp_matVecMul_Pipeline_matmul_inner_loop_fu_278/acc_V_0_fu_110_reg[23]_i_2_n_0
    SLICE_X42Y76         CARRY4 (Prop_carry4_CI_CO[3])
                                                      0.117    15.067 r  matvecmul_design_i/matVecMul_0/inst/grp_matVecMul_Pipeline_matmul_inner_loop_fu_278/acc_V_0_fu_110_reg[27]_i_2/CO[3]
                         net (fo=1, routed)           0.000    15.067    matvecmul_design_i/matVecMul_0/inst/grp_matVecMul_Pipeline_matmul_inner_loop_fu_278/acc_V_0_fu_110_reg[27]_i_2_n_0
    SLICE_X42Y77         CARRY4 (Prop_carry4_CI_CO[3])
                                                      0.117    15.184 r  matvecmul_design_i/matVecMul_0/inst/grp_matVecMul_Pipeline_matmul_inner_loop_fu_278/acc_V_0_fu_110_reg[31]_i_2/CO[3]
                         net (fo=1, routed)           0.000    15.184    matvecmul_design_i/matVecMul_0/inst/grp_matVecMul_Pipeline_matmul_inner_loop_fu_278/acc_V_0_fu_110_reg[31]_i_2_n_0
    SLICE_X42Y78         CARRY4 (Prop_carry4_CI_CO[3])
                                                      0.117    15.301 r  matvecmul_design_i/matVecMul_0/inst/grp_matVecMul_Pipeline_matmul_inner_loop_fu_278/acc_V_0_fu_110_reg[35]_i_2/CO[3]
                         net (fo=1, routed)           0.000    15.301    matvecmul_design_i/matVecMul_0/inst/grp_matVecMul_Pipeline_matmul_inner_loop_fu_278/acc_V_0_fu_110_reg[35]_i_2_n_0
    SLICE_X42Y79         CARRY4 (Prop_carry4_CI_O[1])
                                                      0.323    15.624 r  matvecmul_design_i/matVecMul_0/inst/grp_matVecMul_Pipeline_matmul_inner_loop_fu_278/acc_V_0_fu_110_reg[36]_i_2/O[1]
                         net (fo=37, routed)          0.991    16.614    matvecmul_design_i/matVecMul_0/inst/grp_matVecMul_Pipeline_matmul_inner_loop_fu_278/tmp_8_fu_687_p3
    SLICE_X38Y72         LUT3 (Prop_lut3_I1_O)        0.306    16.920 r  matvecmul_design_i/matVecMul_0/inst/grp_matVecMul_Pipeline_matmul_inner_loop_fu_278/acc_V_0_fu_110[15]_i_1/O
                         net (fo=1, routed)           0.000    16.920    matvecmul_design_i/matVecMul_0/inst/grp_matVecMul_Pipeline_matmul_inner_loop_fu_278/select_ln340_3_fu_721_p3[15]
    SLICE_X38Y72         FDRE                                         r  matvecmul_design_i/matVecMul_0/inst/grp_matVecMul_Pipeline_matmul_inner_loop_fu_278/acc_V_0_fu_110_reg[15]/D
  -------------------------------------------------------------------    -------------------

                         (clock clk_fpga_0 rise edge)
                                                     10.000    10.000 r  
    PS7_X0Y0             PS7                          0.000    10.000 r  matvecmul_design_i/ps7/inst/PS7_i/FCLKCLK[0]
                         net (fo=1, routed)           1.088    11.088    matvecmul_design_i/ps7/inst/FCLK_CLK_unbuffered[0]
    BUFGCTRL_X0Y16       BUFG (Prop_bufg_I_O)         0.091    11.179 r  matvecmul_design_i/ps7/inst/buffer_fclk_clk_0.FCLK_CLK_0_BUFG/O
                         net (fo=5456, routed)        1.465    12.644    matvecmul_design_i/matVecMul_0/inst/grp_matVecMul_Pipeline_matmul_inner_loop_fu_278/ap_clk
    SLICE_X38Y72         FDRE                                         r  matvecmul_design_i/matVecMul_0/inst/grp_matVecMul_Pipeline_matmul_inner_loop_fu_278/acc_V_0_fu_110_reg[15]/C
                         clock pessimism              0.229    12.873    
                         clock uncertainty           -0.154    12.719    
    SLICE_X38Y72         FDRE (Setup_fdre_C_D)        0.081    12.800    matvecmul_design_i/matVecMul_0/inst/grp_matVecMul_Pipeline_matmul_inner_loop_fu_278/acc_V_0_fu_110_reg[15]
  -------------------------------------------------------------------
                         required time                         12.800    
                         arrival time                         -16.920    
  -------------------------------------------------------------------
                         slack                                 -4.120    

Slack (VIOLATED) :        -4.102ns  (required time - arrival time)
  Source:                 matvecmul_design_i/matVecMul_0/inst/grp_matVecMul_Pipeline_matmul_inner_loop_fu_278/acc_V_0_fu_110_reg[5]/C
                            (rising edge-triggered cell FDRE clocked by clk_fpga_0  {rise@0.000ns fall@5.000ns period=10.000ns})
  Destination:            matvecmul_design_i/matVecMul_0/inst/grp_matVecMul_Pipeline_matmul_inner_loop_fu_278/acc_V_0_fu_110_reg[4]/D
                            (rising edge-triggered cell FDRE clocked by clk_fpga_0  {rise@0.000ns fall@5.000ns period=10.000ns})
  Path Group:             clk_fpga_0
  Path Type:              Setup (Max at Slow Process Corner)
  Requirement:            10.000ns  (clk_fpga_0 rise@10.000ns - clk_fpga_0 rise@0.000ns)
  Data Path Delay:        13.953ns  (logic 8.604ns (61.666%)  route 5.349ns (38.334%))
  Logic Levels:           44  (CARRY4=39 LUT2=1 LUT3=1 LUT4=3)
  Clock Path Skew:        -0.026ns (DCD - SCD + CPR)
    Destination Clock Delay (DCD):    2.646ns = ( 12.646 - 10.000 ) 
    Source Clock Delay      (SCD):    2.934ns
    Clock Pessimism Removal (CPR):    0.262ns
  Clock Uncertainty:      0.154ns  ((TSJ^2 + TIJ^2)^1/2 + DJ) / 2 + PE
    Total System Jitter     (TSJ):    0.071ns
    Total Input Jitter      (TIJ):    0.300ns
    Discrete Jitter          (DJ):    0.000ns
    Phase Error              (PE):    0.000ns

    Location             Delay type                Incr(ns)  Path(ns)    Netlist Resource(s)
  -------------------------------------------------------------------    -------------------
                         (clock clk_fpga_0 rise edge)
                                                      0.000     0.000 r  
    PS7_X0Y0             PS7                          0.000     0.000 r  matvecmul_design_i/ps7/inst/PS7_i/FCLKCLK[0]
                         net (fo=1, routed)           1.193     1.193    matvecmul_design_i/ps7/inst/FCLK_CLK_unbuffered[0]
    BUFGCTRL_X0Y16       BUFG (Prop_bufg_I_O)         0.101     1.294 r  matvecmul_design_i/ps7/inst/buffer_fclk_clk_0.FCLK_CLK_0_BUFG/O
                         net (fo=5456, routed)        1.640     2.934    matvecmul_design_i/matVecMul_0/inst/grp_matVecMul_Pipeline_matmul_inner_loop_fu_278/ap_clk
    SLICE_X42Y68         FDRE                                         r  matvecmul_design_i/matVecMul_0/inst/grp_matVecMul_Pipeline_matmul_inner_loop_fu_278/acc_V_0_fu_110_reg[5]/C
  -------------------------------------------------------------------    -------------------
    SLICE_X42Y68         FDRE (Prop_fdre_C_Q)         0.518     3.452 r  matvecmul_design_i/matVecMul_0/inst/grp_matVecMul_Pipeline_matmul_inner_loop_fu_278/acc_V_0_fu_110_reg[5]/Q
                         net (fo=4, routed)           0.883     4.335    matvecmul_design_i/matVecMul_0/inst/grp_matVecMul_Pipeline_matmul_inner_loop_fu_278/acc_V_0_fu_110[5]
    SLICE_X45Y65         LUT2 (Prop_lut2_I0_O)        0.124     4.459 r  matvecmul_design_i/matVecMul_0/inst/grp_matVecMul_Pipeline_matmul_inner_loop_fu_278/select_ln340_reg_910[7]_i_5/O
                         net (fo=1, routed)           0.000     4.459    matvecmul_design_i/matVecMul_0/inst/grp_matVecMul_Pipeline_matmul_inner_loop_fu_278/select_ln340_reg_910[7]_i_5_n_0
    SLICE_X45Y65         CARRY4 (Prop_carry4_S[1]_CO[3])
                                                      0.550     5.009 r  matvecmul_design_i/matVecMul_0/inst/grp_matVecMul_Pipeline_matmul_inner_loop_fu_278/select_ln340_reg_910_reg[7]_i_2/CO[3]
                         net (fo=1, routed)           0.000     5.009    matvecmul_design_i/matVecMul_0/inst/grp_matVecMul_Pipeline_matmul_inner_loop_fu_278/select_ln340_reg_910_reg[7]_i_2_n_0
    SLICE_X45Y66         CARRY4 (Prop_carry4_CI_CO[3])
                                                      0.114     5.123 r  matvecmul_design_i/matVecMul_0/inst/grp_matVecMul_Pipeline_matmul_inner_loop_fu_278/select_ln340_reg_910_reg[11]_i_2/CO[3]
                         net (fo=1, routed)           0.000     5.123    matvecmul_design_i/matVecMul_0/inst/grp_matVecMul_Pipeline_matmul_inner_loop_fu_278/select_ln340_reg_910_reg[11]_i_2_n_0
    SLICE_X45Y67         CARRY4 (Prop_carry4_CI_CO[3])
                                                      0.114     5.237 r  matvecmul_design_i/matVecMul_0/inst/grp_matVecMul_Pipeline_matmul_inner_loop_fu_278/select_ln340_reg_910_reg[15]_i_2/CO[3]
                         net (fo=1, routed)           0.000     5.237    matvecmul_design_i/matVecMul_0/inst/grp_matVecMul_Pipeline_matmul_inner_loop_fu_278/select_ln340_reg_910_reg[15]_i_2_n_0
    SLICE_X45Y68         CARRY4 (Prop_carry4_CI_CO[3])
                                                      0.114     5.351 r  matvecmul_design_i/matVecMul_0/inst/grp_matVecMul_Pipeline_matmul_inner_loop_fu_278/select_ln340_reg_910_reg[19]_i_2/CO[3]
                         net (fo=1, routed)           0.000     5.351    matvecmul_design_i/matVecMul_0/inst/grp_matVecMul_Pipeline_matmul_inner_loop_fu_278/select_ln340_reg_910_reg[19]_i_2_n_0
    SLICE_X45Y69         CARRY4 (Prop_carry4_CI_CO[3])
                                                      0.114     5.465 r  matvecmul_design_i/matVecMul_0/inst/grp_matVecMul_Pipeline_matmul_inner_loop_fu_278/select_ln340_reg_910_reg[23]_i_2/CO[3]
                         net (fo=1, routed)           0.000     5.465    matvecmul_design_i/matVecMul_0/inst/grp_matVecMul_Pipeline_matmul_inner_loop_fu_278/select_ln340_reg_910_reg[23]_i_2_n_0
    SLICE_X45Y70         CARRY4 (Prop_carry4_CI_CO[3])
                                                      0.114     5.579 r  matvecmul_design_i/matVecMul_0/inst/grp_matVecMul_Pipeline_matmul_inner_loop_fu_278/select_ln340_reg_910_reg[27]_i_2/CO[3]
                         net (fo=1, routed)           0.000     5.579    matvecmul_design_i/matVecMul_0/inst/grp_matVecMul_Pipeline_matmul_inner_loop_fu_278/select_ln340_reg_910_reg[27]_i_2_n_0
    SLICE_X45Y71         CARRY4 (Prop_carry4_CI_CO[3])
                                                      0.114     5.693 r  matvecmul_design_i/matVecMul_0/inst/grp_matVecMul_Pipeline_matmul_inner_loop_fu_278/select_ln340_reg_910_reg[31]_i_2/CO[3]
                         net (fo=1, routed)           0.000     5.693    matvecmul_design_i/matVecMul_0/inst/grp_matVecMul_Pipeline_matmul_inner_loop_fu_278/select_ln340_reg_910_reg[31]_i_2_n_0
    SLICE_X45Y72         CARRY4 (Prop_carry4_CI_CO[3])
                                                      0.114     5.807 r  matvecmul_design_i/matVecMul_0/inst/grp_matVecMul_Pipeline_matmul_inner_loop_fu_278/select_ln340_reg_910_reg[35]_i_2/CO[3]
                         net (fo=1, routed)           0.000     5.807    matvecmul_design_i/matVecMul_0/inst/grp_matVecMul_Pipeline_matmul_inner_loop_fu_278/select_ln340_reg_910_reg[35]_i_2_n_0
    SLICE_X45Y73         CARRY4 (Prop_carry4_CI_O[1])
                                                      0.334     6.141 r  matvecmul_design_i/matVecMul_0/inst/grp_matVecMul_Pipeline_matmul_inner_loop_fu_278/select_ln340_reg_910_reg[36]_i_3/O[1]
                         net (fo=116, routed)         1.088     7.229    matvecmul_design_i/matVecMul_0/inst/grp_matVecMul_Pipeline_matmul_inner_loop_fu_278/tmp_1_fu_471_p3
    SLICE_X43Y64         LUT4 (Prop_lut4_I1_O)        0.303     7.532 r  matvecmul_design_i/matVecMul_0/inst/grp_matVecMul_Pipeline_matmul_inner_loop_fu_278/add_ln1245_1_fu_523_p2_carry_i_3/O
                         net (fo=1, routed)           0.000     7.532    matvecmul_design_i/matVecMul_0/inst/grp_matVecMul_Pipeline_matmul_inner_loop_fu_278/add_ln1245_1_fu_523_p2_carry_i_3_n_0
    SLICE_X43Y64         CARRY4 (Prop_carry4_S[1]_CO[3])
                                                      0.550     8.082 r  matvecmul_design_i/matVecMul_0/inst/grp_matVecMul_Pipeline_matmul_inner_loop_fu_278/add_ln1245_1_fu_523_p2_carry/CO[3]
                         net (fo=1, routed)           0.000     8.082    matvecmul_design_i/matVecMul_0/inst/grp_matVecMul_Pipeline_matmul_inner_loop_fu_278/add_ln1245_1_fu_523_p2_carry_n_0
    SLICE_X43Y65         CARRY4 (Prop_carry4_CI_CO[3])
                                                      0.114     8.196 r  matvecmul_design_i/matVecMul_0/inst/grp_matVecMul_Pipeline_matmul_inner_loop_fu_278/add_ln1245_1_fu_523_p2_carry__0/CO[3]
                         net (fo=1, routed)           0.000     8.196    matvecmul_design_i/matVecMul_0/inst/grp_matVecMul_Pipeline_matmul_inner_loop_fu_278/add_ln1245_1_fu_523_p2_carry__0_n_0
    SLICE_X43Y66         CARRY4 (Prop_carry4_CI_CO[3])
                                                      0.114     8.310 r  matvecmul_design_i/matVecMul_0/inst/grp_matVecMul_Pipeline_matmul_inner_loop_fu_278/add_ln1245_1_fu_523_p2_carry__1/CO[3]
                         net (fo=1, routed)           0.000     8.310    matvecmul_design_i/matVecMul_0/inst/grp_matVecMul_Pipeline_matmul_inner_loop_fu_278/add_ln1245_1_fu_523_p2_carry__1_n_0
    SLICE_X43Y67         CARRY4 (Prop_carry4_CI_CO[3])
                                                      0.114     8.424 r  matvecmul_design_i/matVecMul_0/inst/grp_matVecMul_Pipeline_matmul_inner_loop_fu_278/add_ln1245_1_fu_523_p2_carry__2/CO[3]
                         net (fo=1, routed)           0.000     8.424    matvecmul_design_i/matVecMul_0/inst/grp_matVecMul_Pipeline_matmul_inner_loop_fu_278/add_ln1245_1_fu_523_p2_carry__2_n_0
    SLICE_X43Y68         CARRY4 (Prop_carry4_CI_CO[3])
                                                      0.114     8.538 r  matvecmul_design_i/matVecMul_0/inst/grp_matVecMul_Pipeline_matmul_inner_loop_fu_278/add_ln1245_1_fu_523_p2_carry__3/CO[3]
                         net (fo=1, routed)           0.000     8.538    matvecmul_design_i/matVecMul_0/inst/grp_matVecMul_Pipeline_matmul_inner_loop_fu_278/add_ln1245_1_fu_523_p2_carry__3_n_0
    SLICE_X43Y69         CARRY4 (Prop_carry4_CI_CO[3])
                                                      0.114     8.652 r  matvecmul_design_i/matVecMul_0/inst/grp_matVecMul_Pipeline_matmul_inner_loop_fu_278/add_ln1245_1_fu_523_p2_carry__4/CO[3]
                         net (fo=1, routed)           0.000     8.652    matvecmul_design_i/matVecMul_0/inst/grp_matVecMul_Pipeline_matmul_inner_loop_fu_278/add_ln1245_1_fu_523_p2_carry__4_n_0
    SLICE_X43Y70         CARRY4 (Prop_carry4_CI_CO[3])
                                                      0.114     8.766 r  matvecmul_design_i/matVecMul_0/inst/grp_matVecMul_Pipeline_matmul_inner_loop_fu_278/add_ln1245_1_fu_523_p2_carry__5/CO[3]
                         net (fo=1, routed)           0.000     8.766    matvecmul_design_i/matVecMul_0/inst/grp_matVecMul_Pipeline_matmul_inner_loop_fu_278/add_ln1245_1_fu_523_p2_carry__5_n_0
    SLICE_X43Y71         CARRY4 (Prop_carry4_CI_CO[3])
                                                      0.114     8.880 r  matvecmul_design_i/matVecMul_0/inst/grp_matVecMul_Pipeline_matmul_inner_loop_fu_278/add_ln1245_1_fu_523_p2_carry__6/CO[3]
                         net (fo=1, routed)           0.000     8.880    matvecmul_design_i/matVecMul_0/inst/grp_matVecMul_Pipeline_matmul_inner_loop_fu_278/add_ln1245_1_fu_523_p2_carry__6_n_0
    SLICE_X43Y72         CARRY4 (Prop_carry4_CI_CO[3])
                                                      0.114     8.994 r  matvecmul_design_i/matVecMul_0/inst/grp_matVecMul_Pipeline_matmul_inner_loop_fu_278/add_ln1245_1_fu_523_p2_carry__7/CO[3]
                         net (fo=1, routed)           0.000     8.994    matvecmul_design_i/matVecMul_0/inst/grp_matVecMul_Pipeline_matmul_inner_loop_fu_278/add_ln1245_1_fu_523_p2_carry__7_n_0
    SLICE_X43Y73         CARRY4 (Prop_carry4_CI_CO[1])
                                                      0.157     9.151 r  matvecmul_design_i/matVecMul_0/inst/grp_matVecMul_Pipeline_matmul_inner_loop_fu_278/add_ln1245_1_fu_523_p2_carry__8/CO[1]
                         net (fo=117, routed)         1.253    10.404    matvecmul_design_i/matVecMul_0/inst/grp_matVecMul_Pipeline_matmul_inner_loop_fu_278/add_ln1245_1_fu_523_p2_carry__8_n_2
    SLICE_X44Y65         LUT4 (Prop_lut4_I1_O)        0.329    10.733 r  matvecmul_design_i/matVecMul_0/inst/grp_matVecMul_Pipeline_matmul_inner_loop_fu_278/add_ln1245_3_fu_667_p2_carry_i_9/O
                         net (fo=1, routed)           0.000    10.733    matvecmul_design_i/matVecMul_0/inst/grp_matVecMul_Pipeline_matmul_inner_loop_fu_278/add_ln1245_3_fu_667_p2_carry_i_9_n_0
    SLICE_X44Y65         CARRY4 (Prop_carry4_S[0]_CO[3])
                                                      0.532    11.265 r  matvecmul_design_i/matVecMul_0/inst/grp_matVecMul_Pipeline_matmul_inner_loop_fu_278/add_ln1245_3_fu_667_p2_carry_i_5/CO[3]
                         net (fo=1, routed)           0.000    11.265    matvecmul_design_i/matVecMul_0/inst/grp_matVecMul_Pipeline_matmul_inner_loop_fu_278/add_ln1245_3_fu_667_p2_carry_i_5_n_0
    SLICE_X44Y66         CARRY4 (Prop_carry4_CI_CO[3])
                                                      0.114    11.379 r  matvecmul_design_i/matVecMul_0/inst/grp_matVecMul_Pipeline_matmul_inner_loop_fu_278/select_ln340_2_reg_920_reg[7]_i_2/CO[3]
                         net (fo=1, routed)           0.000    11.379    matvecmul_design_i/matVecMul_0/inst/grp_matVecMul_Pipeline_matmul_inner_loop_fu_278/select_ln340_2_reg_920_reg[7]_i_2_n_0
    SLICE_X44Y67         CARRY4 (Prop_carry4_CI_CO[3])
                                                      0.114    11.493 r  matvecmul_design_i/matVecMul_0/inst/grp_matVecMul_Pipeline_matmul_inner_loop_fu_278/select_ln340_2_reg_920_reg[11]_i_2/CO[3]
                         net (fo=1, routed)           0.000    11.493    matvecmul_design_i/matVecMul_0/inst/grp_matVecMul_Pipeline_matmul_inner_loop_fu_278/select_ln340_2_reg_920_reg[11]_i_2_n_0
    SLICE_X44Y68         CARRY4 (Prop_carry4_CI_CO[3])
                                                      0.114    11.607 r  matvecmul_design_i/matVecMul_0/inst/grp_matVecMul_Pipeline_matmul_inner_loop_fu_278/select_ln340_2_reg_920_reg[15]_i_2/CO[3]
                         net (fo=1, routed)           0.000    11.607    matvecmul_design_i/matVecMul_0/inst/grp_matVecMul_Pipeline_matmul_inner_loop_fu_278/select_ln340_2_reg_920_reg[15]_i_2_n_0
    SLICE_X44Y69         CARRY4 (Prop_carry4_CI_CO[3])
                                                      0.114    11.721 r  matvecmul_design_i/matVecMul_0/inst/grp_matVecMul_Pipeline_matmul_inner_loop_fu_278/select_ln340_2_reg_920_reg[19]_i_2/CO[3]
                         net (fo=1, routed)           0.000    11.721    matvecmul_design_i/matVecMul_0/inst/grp_matVecMul_Pipeline_matmul_inner_loop_fu_278/select_ln340_2_reg_920_reg[19]_i_2_n_0
    SLICE_X44Y70         CARRY4 (Prop_carry4_CI_CO[3])
                                                      0.114    11.835 r  matvecmul_design_i/matVecMul_0/inst/grp_matVecMul_Pipeline_matmul_inner_loop_fu_278/select_ln340_2_reg_920_reg[23]_i_2/CO[3]
                         net (fo=1, routed)           0.000    11.835    matvecmul_design_i/matVecMul_0/inst/grp_matVecMul_Pipeline_matmul_inner_loop_fu_278/select_ln340_2_reg_920_reg[23]_i_2_n_0
    SLICE_X44Y71         CARRY4 (Prop_carry4_CI_CO[3])
                                                      0.114    11.949 r  matvecmul_design_i/matVecMul_0/inst/grp_matVecMul_Pipeline_matmul_inner_loop_fu_278/select_ln340_2_reg_920_reg[27]_i_2/CO[3]
                         net (fo=1, routed)           0.000    11.949    matvecmul_design_i/matVecMul_0/inst/grp_matVecMul_Pipeline_matmul_inner_loop_fu_278/select_ln340_2_reg_920_reg[27]_i_2_n_0
    SLICE_X44Y72         CARRY4 (Prop_carry4_CI_CO[3])
                                                      0.114    12.063 r  matvecmul_design_i/matVecMul_0/inst/grp_matVecMul_Pipeline_matmul_inner_loop_fu_278/select_ln340_2_reg_920_reg[31]_i_2/CO[3]
                         net (fo=1, routed)           0.000    12.063    matvecmul_design_i/matVecMul_0/inst/grp_matVecMul_Pipeline_matmul_inner_loop_fu_278/select_ln340_2_reg_920_reg[31]_i_2_n_0
    SLICE_X44Y73         CARRY4 (Prop_carry4_CI_CO[3])
                                                      0.114    12.177 r  matvecmul_design_i/matVecMul_0/inst/grp_matVecMul_Pipeline_matmul_inner_loop_fu_278/select_ln340_2_reg_920_reg[35]_i_2/CO[3]
                         net (fo=1, routed)           0.000    12.177    matvecmul_design_i/matVecMul_0/inst/grp_matVecMul_Pipeline_matmul_inner_loop_fu_278/select_ln340_2_reg_920_reg[35]_i_2_n_0
    SLICE_X44Y74         CARRY4 (Prop_carry4_CI_O[1])
                                                      0.334    12.511 r  matvecmul_design_i/matVecMul_0/inst/grp_matVecMul_Pipeline_matmul_inner_loop_fu_278/select_ln340_2_reg_920_reg[36]_i_4/O[1]
                         net (fo=116, routed)         1.175    13.686    matvecmul_design_i/matVecMul_0/inst/grp_matVecMul_Pipeline_matmul_inner_loop_fu_278/tmp_5_fu_615_p3
    SLICE_X41Y66         LUT4 (Prop_lut4_I0_O)        0.303    13.989 r  matvecmul_design_i/matVecMul_0/inst/grp_matVecMul_Pipeline_matmul_inner_loop_fu_278/add_ln1245_3_fu_667_p2_carry_i_3/O
                         net (fo=1, routed)           0.000    13.989    matvecmul_design_i/matVecMul_0/inst/grp_matVecMul_Pipeline_matmul_inner_loop_fu_278/add_ln1245_3_fu_667_p2_carry_i_3_n_0
    SLICE_X41Y66         CARRY4 (Prop_carry4_S[1]_CO[3])
                                                      0.550    14.539 r  matvecmul_design_i/matVecMul_0/inst/grp_matVecMul_Pipeline_matmul_inner_loop_fu_278/add_ln1245_3_fu_667_p2_carry/CO[3]
                         net (fo=1, routed)           0.000    14.539    matvecmul_design_i/matVecMul_0/inst/grp_matVecMul_Pipeline_matmul_inner_loop_fu_278/add_ln1245_3_fu_667_p2_carry_n_0
    SLICE_X41Y67         CARRY4 (Prop_carry4_CI_CO[3])
                                                      0.114    14.653 r  matvecmul_design_i/matVecMul_0/inst/grp_matVecMul_Pipeline_matmul_inner_loop_fu_278/add_ln1245_3_fu_667_p2_carry__0/CO[3]
                         net (fo=1, routed)           0.000    14.653    matvecmul_design_i/matVecMul_0/inst/grp_matVecMul_Pipeline_matmul_inner_loop_fu_278/add_ln1245_3_fu_667_p2_carry__0_n_0
    SLICE_X41Y68         CARRY4 (Prop_carry4_CI_CO[3])
                                                      0.114    14.767 r  matvecmul_design_i/matVecMul_0/inst/grp_matVecMul_Pipeline_matmul_inner_loop_fu_278/add_ln1245_3_fu_667_p2_carry__1/CO[3]
                         net (fo=1, routed)           0.000    14.767    matvecmul_design_i/matVecMul_0/inst/grp_matVecMul_Pipeline_matmul_inner_loop_fu_278/add_ln1245_3_fu_667_p2_carry__1_n_0
    SLICE_X41Y69         CARRY4 (Prop_carry4_CI_CO[3])
                                                      0.114    14.881 r  matvecmul_design_i/matVecMul_0/inst/grp_matVecMul_Pipeline_matmul_inner_loop_fu_278/add_ln1245_3_fu_667_p2_carry__2/CO[3]
                         net (fo=1, routed)           0.000    14.881    matvecmul_design_i/matVecMul_0/inst/grp_matVecMul_Pipeline_matmul_inner_loop_fu_278/add_ln1245_3_fu_667_p2_carry__2_n_0
    SLICE_X41Y70         CARRY4 (Prop_carry4_CI_CO[3])
                                                      0.114    14.995 r  matvecmul_design_i/matVecMul_0/inst/grp_matVecMul_Pipeline_matmul_inner_loop_fu_278/add_ln1245_3_fu_667_p2_carry__3/CO[3]
                         net (fo=1, routed)           0.000    14.995    matvecmul_design_i/matVecMul_0/inst/grp_matVecMul_Pipeline_matmul_inner_loop_fu_278/add_ln1245_3_fu_667_p2_carry__3_n_0
    SLICE_X41Y71         CARRY4 (Prop_carry4_CI_CO[3])
                                                      0.114    15.109 r  matvecmul_design_i/matVecMul_0/inst/grp_matVecMul_Pipeline_matmul_inner_loop_fu_278/add_ln1245_3_fu_667_p2_carry__4/CO[3]
                         net (fo=1, routed)           0.000    15.109    matvecmul_design_i/matVecMul_0/inst/grp_matVecMul_Pipeline_matmul_inner_loop_fu_278/add_ln1245_3_fu_667_p2_carry__4_n_0
    SLICE_X41Y72         CARRY4 (Prop_carry4_CI_CO[3])
                                                      0.114    15.223 r  matvecmul_design_i/matVecMul_0/inst/grp_matVecMul_Pipeline_matmul_inner_loop_fu_278/add_ln1245_3_fu_667_p2_carry__5/CO[3]
                         net (fo=1, routed)           0.000    15.223    matvecmul_design_i/matVecMul_0/inst/grp_matVecMul_Pipeline_matmul_inner_loop_fu_278/add_ln1245_3_fu_667_p2_carry__5_n_0
    SLICE_X41Y73         CARRY4 (Prop_carry4_CI_CO[3])
                                                      0.114    15.337 r  matvecmul_design_i/matVecMul_0/inst/grp_matVecMul_Pipeline_matmul_inner_loop_fu_278/add_ln1245_3_fu_667_p2_carry__6/CO[3]
                         net (fo=1, routed)           0.000    15.337    matvecmul_design_i/matVecMul_0/inst/grp_matVecMul_Pipeline_matmul_inner_loop_fu_278/add_ln1245_3_fu_667_p2_carry__6_n_0
    SLICE_X41Y74         CARRY4 (Prop_carry4_CI_CO[3])
                                                      0.114    15.451 r  matvecmul_design_i/matVecMul_0/inst/grp_matVecMul_Pipeline_matmul_inner_loop_fu_278/add_ln1245_3_fu_667_p2_carry__7/CO[3]
                         net (fo=1, routed)           0.009    15.460    matvecmul_design_i/matVecMul_0/inst/grp_matVecMul_Pipeline_matmul_inner_loop_fu_278/add_ln1245_3_fu_667_p2_carry__7_n_0
    SLICE_X41Y75         CARRY4 (Prop_carry4_CI_CO[1])
                                                      0.157    15.617 r  matvecmul_design_i/matVecMul_0/inst/grp_matVecMul_Pipeline_matmul_inner_loop_fu_278/add_ln1245_3_fu_667_p2_carry__8/CO[1]
                         net (fo=38, routed)          0.941    16.558    matvecmul_design_i/matVecMul_0/inst/grp_matVecMul_Pipeline_matmul_inner_loop_fu_278/add_ln1245_3_fu_667_p2_carry__8_n_2
    SLICE_X40Y71         LUT3 (Prop_lut3_I0_O)        0.329    16.887 r  matvecmul_design_i/matVecMul_0/inst/grp_matVecMul_Pipeline_matmul_inner_loop_fu_278/acc_V_0_fu_110[4]_i_1/O
                         net (fo=1, routed)           0.000    16.887    matvecmul_design_i/matVecMul_0/inst/grp_matVecMul_Pipeline_matmul_inner_loop_fu_278/select_ln340_3_fu_721_p3[4]
    SLICE_X40Y71         FDRE                                         r  matvecmul_design_i/matVecMul_0/inst/grp_matVecMul_Pipeline_matmul_inner_loop_fu_278/acc_V_0_fu_110_reg[4]/D
  -------------------------------------------------------------------    -------------------

                         (clock clk_fpga_0 rise edge)
                                                     10.000    10.000 r  
    PS7_X0Y0             PS7                          0.000    10.000 r  matvecmul_design_i/ps7/inst/PS7_i/FCLKCLK[0]
                         net (fo=1, routed)           1.088    11.088    matvecmul_design_i/ps7/inst/FCLK_CLK_unbuffered[0]
    BUFGCTRL_X0Y16       BUFG (Prop_bufg_I_O)         0.091    11.179 r  matvecmul_design_i/ps7/inst/buffer_fclk_clk_0.FCLK_CLK_0_BUFG/O
                         net (fo=5456, routed)        1.467    12.646    matvecmul_design_i/matVecMul_0/inst/grp_matVecMul_Pipeline_matmul_inner_loop_fu_278/ap_clk
    SLICE_X40Y71         FDRE                                         r  matvecmul_design_i/matVecMul_0/inst/grp_matVecMul_Pipeline_matmul_inner_loop_fu_278/acc_V_0_fu_110_reg[4]/C
                         clock pessimism              0.262    12.908    
                         clock uncertainty           -0.154    12.754    
    SLICE_X40Y71         FDRE (Setup_fdre_C_D)        0.031    12.785    matvecmul_design_i/matVecMul_0/inst/grp_matVecMul_Pipeline_matmul_inner_loop_fu_278/acc_V_0_fu_110_reg[4]
  -------------------------------------------------------------------
                         required time                         12.785    
                         arrival time                         -16.887    
  -------------------------------------------------------------------
                         slack                                 -4.102    

Slack (VIOLATED) :        -4.083ns  (required time - arrival time)
  Source:                 matvecmul_design_i/matVecMul_0/inst/grp_matVecMul_Pipeline_matmul_inner_loop_fu_278/acc_V_0_fu_110_reg[5]/C
                            (rising edge-triggered cell FDRE clocked by clk_fpga_0  {rise@0.000ns fall@5.000ns period=10.000ns})
  Destination:            matvecmul_design_i/matVecMul_0/inst/grp_matVecMul_Pipeline_matmul_inner_loop_fu_278/acc_V_0_fu_110_reg[0]/D
                            (rising edge-triggered cell FDRE clocked by clk_fpga_0  {rise@0.000ns fall@5.000ns period=10.000ns})
  Path Group:             clk_fpga_0
  Path Type:              Setup (Max at Slow Process Corner)
  Requirement:            10.000ns  (clk_fpga_0 rise@10.000ns - clk_fpga_0 rise@0.000ns)
  Data Path Delay:        14.008ns  (logic 8.754ns (62.494%)  route 5.254ns (37.506%))
  Logic Levels:           44  (CARRY4=39 LUT2=1 LUT3=1 LUT4=3)
  Clock Path Skew:        0.000ns (DCD - SCD + CPR)
    Destination Clock Delay (DCD):    2.648ns = ( 12.648 - 10.000 ) 
    Source Clock Delay      (SCD):    2.934ns
    Clock Pessimism Removal (CPR):    0.286ns
  Clock Uncertainty:      0.154ns  ((TSJ^2 + TIJ^2)^1/2 + DJ) / 2 + PE
    Total System Jitter     (TSJ):    0.071ns
    Total Input Jitter      (TIJ):    0.300ns
    Discrete Jitter          (DJ):    0.000ns
    Phase Error              (PE):    0.000ns

    Location             Delay type                Incr(ns)  Path(ns)    Netlist Resource(s)
  -------------------------------------------------------------------    -------------------
                         (clock clk_fpga_0 rise edge)
                                                      0.000     0.000 r  
    PS7_X0Y0             PS7                          0.000     0.000 r  matvecmul_design_i/ps7/inst/PS7_i/FCLKCLK[0]
                         net (fo=1, routed)           1.193     1.193    matvecmul_design_i/ps7/inst/FCLK_CLK_unbuffered[0]
    BUFGCTRL_X0Y16       BUFG (Prop_bufg_I_O)         0.101     1.294 r  matvecmul_design_i/ps7/inst/buffer_fclk_clk_0.FCLK_CLK_0_BUFG/O
                         net (fo=5456, routed)        1.640     2.934    matvecmul_design_i/matVecMul_0/inst/grp_matVecMul_Pipeline_matmul_inner_loop_fu_278/ap_clk
    SLICE_X42Y68         FDRE                                         r  matvecmul_design_i/matVecMul_0/inst/grp_matVecMul_Pipeline_matmul_inner_loop_fu_278/acc_V_0_fu_110_reg[5]/C
  -------------------------------------------------------------------    -------------------
    SLICE_X42Y68         FDRE (Prop_fdre_C_Q)         0.518     3.452 r  matvecmul_design_i/matVecMul_0/inst/grp_matVecMul_Pipeline_matmul_inner_loop_fu_278/acc_V_0_fu_110_reg[5]/Q
                         net (fo=4, routed)           0.883     4.335    matvecmul_design_i/matVecMul_0/inst/grp_matVecMul_Pipeline_matmul_inner_loop_fu_278/acc_V_0_fu_110[5]
    SLICE_X45Y65         LUT2 (Prop_lut2_I0_O)        0.124     4.459 r  matvecmul_design_i/matVecMul_0/inst/grp_matVecMul_Pipeline_matmul_inner_loop_fu_278/select_ln340_reg_910[7]_i_5/O
                         net (fo=1, routed)           0.000     4.459    matvecmul_design_i/matVecMul_0/inst/grp_matVecMul_Pipeline_matmul_inner_loop_fu_278/select_ln340_reg_910[7]_i_5_n_0
    SLICE_X45Y65         CARRY4 (Prop_carry4_S[1]_CO[3])
                                                      0.550     5.009 r  matvecmul_design_i/matVecMul_0/inst/grp_matVecMul_Pipeline_matmul_inner_loop_fu_278/select_ln340_reg_910_reg[7]_i_2/CO[3]
                         net (fo=1, routed)           0.000     5.009    matvecmul_design_i/matVecMul_0/inst/grp_matVecMul_Pipeline_matmul_inner_loop_fu_278/select_ln340_reg_910_reg[7]_i_2_n_0
    SLICE_X45Y66         CARRY4 (Prop_carry4_CI_CO[3])
                                                      0.114     5.123 r  matvecmul_design_i/matVecMul_0/inst/grp_matVecMul_Pipeline_matmul_inner_loop_fu_278/select_ln340_reg_910_reg[11]_i_2/CO[3]
                         net (fo=1, routed)           0.000     5.123    matvecmul_design_i/matVecMul_0/inst/grp_matVecMul_Pipeline_matmul_inner_loop_fu_278/select_ln340_reg_910_reg[11]_i_2_n_0
    SLICE_X45Y67         CARRY4 (Prop_carry4_CI_CO[3])
                                                      0.114     5.237 r  matvecmul_design_i/matVecMul_0/inst/grp_matVecMul_Pipeline_matmul_inner_loop_fu_278/select_ln340_reg_910_reg[15]_i_2/CO[3]
                         net (fo=1, routed)           0.000     5.237    matvecmul_design_i/matVecMul_0/inst/grp_matVecMul_Pipeline_matmul_inner_loop_fu_278/select_ln340_reg_910_reg[15]_i_2_n_0
    SLICE_X45Y68         CARRY4 (Prop_carry4_CI_CO[3])
                                                      0.114     5.351 r  matvecmul_design_i/matVecMul_0/inst/grp_matVecMul_Pipeline_matmul_inner_loop_fu_278/select_ln340_reg_910_reg[19]_i_2/CO[3]
                         net (fo=1, routed)           0.000     5.351    matvecmul_design_i/matVecMul_0/inst/grp_matVecMul_Pipeline_matmul_inner_loop_fu_278/select_ln340_reg_910_reg[19]_i_2_n_0
    SLICE_X45Y69         CARRY4 (Prop_carry4_CI_CO[3])
                                                      0.114     5.465 r  matvecmul_design_i/matVecMul_0/inst/grp_matVecMul_Pipeline_matmul_inner_loop_fu_278/select_ln340_reg_910_reg[23]_i_2/CO[3]
                         net (fo=1, routed)           0.000     5.465    matvecmul_design_i/matVecMul_0/inst/grp_matVecMul_Pipeline_matmul_inner_loop_fu_278/select_ln340_reg_910_reg[23]_i_2_n_0
    SLICE_X45Y70         CARRY4 (Prop_carry4_CI_CO[3])
                                                      0.114     5.579 r  matvecmul_design_i/matVecMul_0/inst/grp_matVecMul_Pipeline_matmul_inner_loop_fu_278/select_ln340_reg_910_reg[27]_i_2/CO[3]
                         net (fo=1, routed)           0.000     5.579    matvecmul_design_i/matVecMul_0/inst/grp_matVecMul_Pipeline_matmul_inner_loop_fu_278/select_ln340_reg_910_reg[27]_i_2_n_0
    SLICE_X45Y71         CARRY4 (Prop_carry4_CI_CO[3])
                                                      0.114     5.693 r  matvecmul_design_i/matVecMul_0/inst/grp_matVecMul_Pipeline_matmul_inner_loop_fu_278/select_ln340_reg_910_reg[31]_i_2/CO[3]
                         net (fo=1, routed)           0.000     5.693    matvecmul_design_i/matVecMul_0/inst/grp_matVecMul_Pipeline_matmul_inner_loop_fu_278/select_ln340_reg_910_reg[31]_i_2_n_0
    SLICE_X45Y72         CARRY4 (Prop_carry4_CI_CO[3])
                                                      0.114     5.807 r  matvecmul_design_i/matVecMul_0/inst/grp_matVecMul_Pipeline_matmul_inner_loop_fu_278/select_ln340_reg_910_reg[35]_i_2/CO[3]
                         net (fo=1, routed)           0.000     5.807    matvecmul_design_i/matVecMul_0/inst/grp_matVecMul_Pipeline_matmul_inner_loop_fu_278/select_ln340_reg_910_reg[35]_i_2_n_0
    SLICE_X45Y73         CARRY4 (Prop_carry4_CI_O[1])
                                                      0.334     6.141 r  matvecmul_design_i/matVecMul_0/inst/grp_matVecMul_Pipeline_matmul_inner_loop_fu_278/select_ln340_reg_910_reg[36]_i_3/O[1]
                         net (fo=116, routed)         1.088     7.229    matvecmul_design_i/matVecMul_0/inst/grp_matVecMul_Pipeline_matmul_inner_loop_fu_278/tmp_1_fu_471_p3
    SLICE_X43Y64         LUT4 (Prop_lut4_I1_O)        0.303     7.532 r  matvecmul_design_i/matVecMul_0/inst/grp_matVecMul_Pipeline_matmul_inner_loop_fu_278/add_ln1245_1_fu_523_p2_carry_i_3/O
                         net (fo=1, routed)           0.000     7.532    matvecmul_design_i/matVecMul_0/inst/grp_matVecMul_Pipeline_matmul_inner_loop_fu_278/add_ln1245_1_fu_523_p2_carry_i_3_n_0
    SLICE_X43Y64         CARRY4 (Prop_carry4_S[1]_CO[3])
                                                      0.550     8.082 r  matvecmul_design_i/matVecMul_0/inst/grp_matVecMul_Pipeline_matmul_inner_loop_fu_278/add_ln1245_1_fu_523_p2_carry/CO[3]
                         net (fo=1, routed)           0.000     8.082    matvecmul_design_i/matVecMul_0/inst/grp_matVecMul_Pipeline_matmul_inner_loop_fu_278/add_ln1245_1_fu_523_p2_carry_n_0
    SLICE_X43Y65         CARRY4 (Prop_carry4_CI_CO[3])
                                                      0.114     8.196 r  matvecmul_design_i/matVecMul_0/inst/grp_matVecMul_Pipeline_matmul_inner_loop_fu_278/add_ln1245_1_fu_523_p2_carry__0/CO[3]
                         net (fo=1, routed)           0.000     8.196    matvecmul_design_i/matVecMul_0/inst/grp_matVecMul_Pipeline_matmul_inner_loop_fu_278/add_ln1245_1_fu_523_p2_carry__0_n_0
    SLICE_X43Y66         CARRY4 (Prop_carry4_CI_CO[3])
                                                      0.114     8.310 r  matvecmul_design_i/matVecMul_0/inst/grp_matVecMul_Pipeline_matmul_inner_loop_fu_278/add_ln1245_1_fu_523_p2_carry__1/CO[3]
                         net (fo=1, routed)           0.000     8.310    matvecmul_design_i/matVecMul_0/inst/grp_matVecMul_Pipeline_matmul_inner_loop_fu_278/add_ln1245_1_fu_523_p2_carry__1_n_0
    SLICE_X43Y67         CARRY4 (Prop_carry4_CI_CO[3])
                                                      0.114     8.424 r  matvecmul_design_i/matVecMul_0/inst/grp_matVecMul_Pipeline_matmul_inner_loop_fu_278/add_ln1245_1_fu_523_p2_carry__2/CO[3]
                         net (fo=1, routed)           0.000     8.424    matvecmul_design_i/matVecMul_0/inst/grp_matVecMul_Pipeline_matmul_inner_loop_fu_278/add_ln1245_1_fu_523_p2_carry__2_n_0
    SLICE_X43Y68         CARRY4 (Prop_carry4_CI_CO[3])
                                                      0.114     8.538 r  matvecmul_design_i/matVecMul_0/inst/grp_matVecMul_Pipeline_matmul_inner_loop_fu_278/add_ln1245_1_fu_523_p2_carry__3/CO[3]
                         net (fo=1, routed)           0.000     8.538    matvecmul_design_i/matVecMul_0/inst/grp_matVecMul_Pipeline_matmul_inner_loop_fu_278/add_ln1245_1_fu_523_p2_carry__3_n_0
    SLICE_X43Y69         CARRY4 (Prop_carry4_CI_CO[3])
                                                      0.114     8.652 r  matvecmul_design_i/matVecMul_0/inst/grp_matVecMul_Pipeline_matmul_inner_loop_fu_278/add_ln1245_1_fu_523_p2_carry__4/CO[3]
                         net (fo=1, routed)           0.000     8.652    matvecmul_design_i/matVecMul_0/inst/grp_matVecMul_Pipeline_matmul_inner_loop_fu_278/add_ln1245_1_fu_523_p2_carry__4_n_0
    SLICE_X43Y70         CARRY4 (Prop_carry4_CI_CO[3])
                                                      0.114     8.766 r  matvecmul_design_i/matVecMul_0/inst/grp_matVecMul_Pipeline_matmul_inner_loop_fu_278/add_ln1245_1_fu_523_p2_carry__5/CO[3]
                         net (fo=1, routed)           0.000     8.766    matvecmul_design_i/matVecMul_0/inst/grp_matVecMul_Pipeline_matmul_inner_loop_fu_278/add_ln1245_1_fu_523_p2_carry__5_n_0
    SLICE_X43Y71         CARRY4 (Prop_carry4_CI_CO[3])
                                                      0.114     8.880 r  matvecmul_design_i/matVecMul_0/inst/grp_matVecMul_Pipeline_matmul_inner_loop_fu_278/add_ln1245_1_fu_523_p2_carry__6/CO[3]
                         net (fo=1, routed)           0.000     8.880    matvecmul_design_i/matVecMul_0/inst/grp_matVecMul_Pipeline_matmul_inner_loop_fu_278/add_ln1245_1_fu_523_p2_carry__6_n_0
    SLICE_X43Y72         CARRY4 (Prop_carry4_CI_CO[3])
                                                      0.114     8.994 r  matvecmul_design_i/matVecMul_0/inst/grp_matVecMul_Pipeline_matmul_inner_loop_fu_278/add_ln1245_1_fu_523_p2_carry__7/CO[3]
                         net (fo=1, routed)           0.000     8.994    matvecmul_design_i/matVecMul_0/inst/grp_matVecMul_Pipeline_matmul_inner_loop_fu_278/add_ln1245_1_fu_523_p2_carry__7_n_0
    SLICE_X43Y73         CARRY4 (Prop_carry4_CI_CO[1])
                                                      0.157     9.151 r  matvecmul_design_i/matVecMul_0/inst/grp_matVecMul_Pipeline_matmul_inner_loop_fu_278/add_ln1245_1_fu_523_p2_carry__8/CO[1]
                         net (fo=117, routed)         1.253    10.404    matvecmul_design_i/matVecMul_0/inst/grp_matVecMul_Pipeline_matmul_inner_loop_fu_278/add_ln1245_1_fu_523_p2_carry__8_n_2
    SLICE_X44Y65         LUT4 (Prop_lut4_I1_O)        0.329    10.733 r  matvecmul_design_i/matVecMul_0/inst/grp_matVecMul_Pipeline_matmul_inner_loop_fu_278/add_ln1245_3_fu_667_p2_carry_i_9/O
                         net (fo=1, routed)           0.000    10.733    matvecmul_design_i/matVecMul_0/inst/grp_matVecMul_Pipeline_matmul_inner_loop_fu_278/add_ln1245_3_fu_667_p2_carry_i_9_n_0
    SLICE_X44Y65         CARRY4 (Prop_carry4_S[0]_CO[3])
                                                      0.532    11.265 r  matvecmul_design_i/matVecMul_0/inst/grp_matVecMul_Pipeline_matmul_inner_loop_fu_278/add_ln1245_3_fu_667_p2_carry_i_5/CO[3]
                         net (fo=1, routed)           0.000    11.265    matvecmul_design_i/matVecMul_0/inst/grp_matVecMul_Pipeline_matmul_inner_loop_fu_278/add_ln1245_3_fu_667_p2_carry_i_5_n_0
    SLICE_X44Y66         CARRY4 (Prop_carry4_CI_CO[3])
                                                      0.114    11.379 r  matvecmul_design_i/matVecMul_0/inst/grp_matVecMul_Pipeline_matmul_inner_loop_fu_278/select_ln340_2_reg_920_reg[7]_i_2/CO[3]
                         net (fo=1, routed)           0.000    11.379    matvecmul_design_i/matVecMul_0/inst/grp_matVecMul_Pipeline_matmul_inner_loop_fu_278/select_ln340_2_reg_920_reg[7]_i_2_n_0
    SLICE_X44Y67         CARRY4 (Prop_carry4_CI_CO[3])
                                                      0.114    11.493 r  matvecmul_design_i/matVecMul_0/inst/grp_matVecMul_Pipeline_matmul_inner_loop_fu_278/select_ln340_2_reg_920_reg[11]_i_2/CO[3]
                         net (fo=1, routed)           0.000    11.493    matvecmul_design_i/matVecMul_0/inst/grp_matVecMul_Pipeline_matmul_inner_loop_fu_278/select_ln340_2_reg_920_reg[11]_i_2_n_0
    SLICE_X44Y68         CARRY4 (Prop_carry4_CI_CO[3])
                                                      0.114    11.607 r  matvecmul_design_i/matVecMul_0/inst/grp_matVecMul_Pipeline_matmul_inner_loop_fu_278/select_ln340_2_reg_920_reg[15]_i_2/CO[3]
                         net (fo=1, routed)           0.000    11.607    matvecmul_design_i/matVecMul_0/inst/grp_matVecMul_Pipeline_matmul_inner_loop_fu_278/select_ln340_2_reg_920_reg[15]_i_2_n_0
    SLICE_X44Y69         CARRY4 (Prop_carry4_CI_CO[3])
                                                      0.114    11.721 r  matvecmul_design_i/matVecMul_0/inst/grp_matVecMul_Pipeline_matmul_inner_loop_fu_278/select_ln340_2_reg_920_reg[19]_i_2/CO[3]
                         net (fo=1, routed)           0.000    11.721    matvecmul_design_i/matVecMul_0/inst/grp_matVecMul_Pipeline_matmul_inner_loop_fu_278/select_ln340_2_reg_920_reg[19]_i_2_n_0
    SLICE_X44Y70         CARRY4 (Prop_carry4_CI_CO[3])
                                                      0.114    11.835 r  matvecmul_design_i/matVecMul_0/inst/grp_matVecMul_Pipeline_matmul_inner_loop_fu_278/select_ln340_2_reg_920_reg[23]_i_2/CO[3]
                         net (fo=1, routed)           0.000    11.835    matvecmul_design_i/matVecMul_0/inst/grp_matVecMul_Pipeline_matmul_inner_loop_fu_278/select_ln340_2_reg_920_reg[23]_i_2_n_0
    SLICE_X44Y71         CARRY4 (Prop_carry4_CI_CO[3])
                                                      0.114    11.949 r  matvecmul_design_i/matVecMul_0/inst/grp_matVecMul_Pipeline_matmul_inner_loop_fu_278/select_ln340_2_reg_920_reg[27]_i_2/CO[3]
                         net (fo=1, routed)           0.000    11.949    matvecmul_design_i/matVecMul_0/inst/grp_matVecMul_Pipeline_matmul_inner_loop_fu_278/select_ln340_2_reg_920_reg[27]_i_2_n_0
    SLICE_X44Y72         CARRY4 (Prop_carry4_CI_CO[3])
                                                      0.114    12.063 r  matvecmul_design_i/matVecMul_0/inst/grp_matVecMul_Pipeline_matmul_inner_loop_fu_278/select_ln340_2_reg_920_reg[31]_i_2/CO[3]
                         net (fo=1, routed)           0.000    12.063    matvecmul_design_i/matVecMul_0/inst/grp_matVecMul_Pipeline_matmul_inner_loop_fu_278/select_ln340_2_reg_920_reg[31]_i_2_n_0
    SLICE_X44Y73         CARRY4 (Prop_carry4_CI_CO[3])
                                                      0.114    12.177 r  matvecmul_design_i/matVecMul_0/inst/grp_matVecMul_Pipeline_matmul_inner_loop_fu_278/select_ln340_2_reg_920_reg[35]_i_2/CO[3]
                         net (fo=1, routed)           0.000    12.177    matvecmul_design_i/matVecMul_0/inst/grp_matVecMul_Pipeline_matmul_inner_loop_fu_278/select_ln340_2_reg_920_reg[35]_i_2_n_0
    SLICE_X44Y74         CARRY4 (Prop_carry4_CI_O[1])
                                                      0.334    12.511 r  matvecmul_design_i/matVecMul_0/inst/grp_matVecMul_Pipeline_matmul_inner_loop_fu_278/select_ln340_2_reg_920_reg[36]_i_4/O[1]
                         net (fo=116, routed)         1.009    13.520    matvecmul_design_i/matVecMul_0/inst/grp_matVecMul_Pipeline_matmul_inner_loop_fu_278/tmp_5_fu_615_p3
    SLICE_X42Y70         LUT4 (Prop_lut4_I0_O)        0.303    13.823 r  matvecmul_design_i/matVecMul_0/inst/grp_matVecMul_Pipeline_matmul_inner_loop_fu_278/acc_V_0_fu_110[3]_i_5/O
                         net (fo=1, routed)           0.000    13.823    matvecmul_design_i/matVecMul_0/inst/grp_matVecMul_Pipeline_matmul_inner_loop_fu_278/acc_V_0_fu_110[3]_i_5_n_0
    SLICE_X42Y70         CARRY4 (Prop_carry4_S[1]_CO[3])
                                                      0.533    14.356 r  matvecmul_design_i/matVecMul_0/inst/grp_matVecMul_Pipeline_matmul_inner_loop_fu_278/acc_V_0_fu_110_reg[3]_i_2/CO[3]
                         net (fo=1, routed)           0.000    14.356    matvecmul_design_i/matVecMul_0/inst/grp_matVecMul_Pipeline_matmul_inner_loop_fu_278/acc_V_0_fu_110_reg[3]_i_2_n_0
    SLICE_X42Y71         CARRY4 (Prop_carry4_CI_CO[3])
                                                      0.117    14.473 r  matvecmul_design_i/matVecMul_0/inst/grp_matVecMul_Pipeline_matmul_inner_loop_fu_278/acc_V_0_fu_110_reg[7]_i_2/CO[3]
                         net (fo=1, routed)           0.000    14.473    matvecmul_design_i/matVecMul_0/inst/grp_matVecMul_Pipeline_matmul_inner_loop_fu_278/acc_V_0_fu_110_reg[7]_i_2_n_0
    SLICE_X42Y72         CARRY4 (Prop_carry4_CI_CO[3])
                                                      0.117    14.590 r  matvecmul_design_i/matVecMul_0/inst/grp_matVecMul_Pipeline_matmul_inner_loop_fu_278/acc_V_0_fu_110_reg[11]_i_2/CO[3]
                         net (fo=1, routed)           0.000    14.590    matvecmul_design_i/matVecMul_0/inst/grp_matVecMul_Pipeline_matmul_inner_loop_fu_278/acc_V_0_fu_110_reg[11]_i_2_n_0
    SLICE_X42Y73         CARRY4 (Prop_carry4_CI_CO[3])
                                                      0.117    14.707 r  matvecmul_design_i/matVecMul_0/inst/grp_matVecMul_Pipeline_matmul_inner_loop_fu_278/acc_V_0_fu_110_reg[15]_i_2/CO[3]
                         net (fo=1, routed)           0.000    14.707    matvecmul_design_i/matVecMul_0/inst/grp_matVecMul_Pipeline_matmul_inner_loop_fu_278/acc_V_0_fu_110_reg[15]_i_2_n_0
    SLICE_X42Y74         CARRY4 (Prop_carry4_CI_CO[3])
                                                      0.117    14.824 r  matvecmul_design_i/matVecMul_0/inst/grp_matVecMul_Pipeline_matmul_inner_loop_fu_278/acc_V_0_fu_110_reg[19]_i_2/CO[3]
                         net (fo=1, routed)           0.009    14.833    matvecmul_design_i/matVecMul_0/inst/grp_matVecMul_Pipeline_matmul_inner_loop_fu_278/acc_V_0_fu_110_reg[19]_i_2_n_0
    SLICE_X42Y75         CARRY4 (Prop_carry4_CI_CO[3])
                                                      0.117    14.950 r  matvecmul_design_i/matVecMul_0/inst/grp_matVecMul_Pipeline_matmul_inner_loop_fu_278/acc_V_0_fu_110_reg[23]_i_2/CO[3]
                         net (fo=1, routed)           0.000    14.950    matvecmul_design_i/matVecMul_0/inst/grp_matVecMul_Pipeline_matmul_inner_loop_fu_278/acc_V_0_fu_110_reg[23]_i_2_n_0
    SLICE_X42Y76         CARRY4 (Prop_carry4_CI_CO[3])
                                                      0.117    15.067 r  matvecmul_design_i/matVecMul_0/inst/grp_matVecMul_Pipeline_matmul_inner_loop_fu_278/acc_V_0_fu_110_reg[27]_i_2/CO[3]
                         net (fo=1, routed)           0.000    15.067    matvecmul_design_i/matVecMul_0/inst/grp_matVecMul_Pipeline_matmul_inner_loop_fu_278/acc_V_0_fu_110_reg[27]_i_2_n_0
    SLICE_X42Y77         CARRY4 (Prop_carry4_CI_CO[3])
                                                      0.117    15.184 r  matvecmul_design_i/matVecMul_0/inst/grp_matVecMul_Pipeline_matmul_inner_loop_fu_278/acc_V_0_fu_110_reg[31]_i_2/CO[3]
                         net (fo=1, routed)           0.000    15.184    matvecmul_design_i/matVecMul_0/inst/grp_matVecMul_Pipeline_matmul_inner_loop_fu_278/acc_V_0_fu_110_reg[31]_i_2_n_0
    SLICE_X42Y78         CARRY4 (Prop_carry4_CI_CO[3])
                                                      0.117    15.301 r  matvecmul_design_i/matVecMul_0/inst/grp_matVecMul_Pipeline_matmul_inner_loop_fu_278/acc_V_0_fu_110_reg[35]_i_2/CO[3]
                         net (fo=1, routed)           0.000    15.301    matvecmul_design_i/matVecMul_0/inst/grp_matVecMul_Pipeline_matmul_inner_loop_fu_278/acc_V_0_fu_110_reg[35]_i_2_n_0
    SLICE_X42Y79         CARRY4 (Prop_carry4_CI_O[1])
                                                      0.323    15.624 r  matvecmul_design_i/matVecMul_0/inst/grp_matVecMul_Pipeline_matmul_inner_loop_fu_278/acc_V_0_fu_110_reg[36]_i_2/O[1]
                         net (fo=37, routed)          1.012    16.636    matvecmul_design_i/matVecMul_0/inst/grp_matVecMul_Pipeline_matmul_inner_loop_fu_278/tmp_8_fu_687_p3
    SLICE_X42Y68         LUT3 (Prop_lut3_I1_O)        0.306    16.942 r  matvecmul_design_i/matVecMul_0/inst/grp_matVecMul_Pipeline_matmul_inner_loop_fu_278/acc_V_0_fu_110[0]_i_1/O
                         net (fo=1, routed)           0.000    16.942    matvecmul_design_i/matVecMul_0/inst/grp_matVecMul_Pipeline_matmul_inner_loop_fu_278/select_ln340_3_fu_721_p3[0]
    SLICE_X42Y68         FDRE                                         r  matvecmul_design_i/matVecMul_0/inst/grp_matVecMul_Pipeline_matmul_inner_loop_fu_278/acc_V_0_fu_110_reg[0]/D
  -------------------------------------------------------------------    -------------------

                         (clock clk_fpga_0 rise edge)
                                                     10.000    10.000 r  
    PS7_X0Y0             PS7                          0.000    10.000 r  matvecmul_design_i/ps7/inst/PS7_i/FCLKCLK[0]
                         net (fo=1, routed)           1.088    11.088    matvecmul_design_i/ps7/inst/FCLK_CLK_unbuffered[0]
    BUFGCTRL_X0Y16       BUFG (Prop_bufg_I_O)         0.091    11.179 r  matvecmul_design_i/ps7/inst/buffer_fclk_clk_0.FCLK_CLK_0_BUFG/O
                         net (fo=5456, routed)        1.469    12.648    matvecmul_design_i/matVecMul_0/inst/grp_matVecMul_Pipeline_matmul_inner_loop_fu_278/ap_clk
    SLICE_X42Y68         FDRE                                         r  matvecmul_design_i/matVecMul_0/inst/grp_matVecMul_Pipeline_matmul_inner_loop_fu_278/acc_V_0_fu_110_reg[0]/C
                         clock pessimism              0.286    12.934    
                         clock uncertainty           -0.154    12.780    
    SLICE_X42Y68         FDRE (Setup_fdre_C_D)        0.079    12.859    matvecmul_design_i/matVecMul_0/inst/grp_matVecMul_Pipeline_matmul_inner_loop_fu_278/acc_V_0_fu_110_reg[0]
  -------------------------------------------------------------------
                         required time                         12.859    
                         arrival time                         -16.942    
  -------------------------------------------------------------------
                         slack                                 -4.083    

Slack (VIOLATED) :        -4.083ns  (required time - arrival time)
  Source:                 matvecmul_design_i/matVecMul_0/inst/grp_matVecMul_Pipeline_matmul_inner_loop_fu_278/acc_V_0_fu_110_reg[5]/C
                            (rising edge-triggered cell FDRE clocked by clk_fpga_0  {rise@0.000ns fall@5.000ns period=10.000ns})
  Destination:            matvecmul_design_i/matVecMul_0/inst/grp_matVecMul_Pipeline_matmul_inner_loop_fu_278/acc_V_0_fu_110_reg[7]/D
                            (rising edge-triggered cell FDRE clocked by clk_fpga_0  {rise@0.000ns fall@5.000ns period=10.000ns})
  Path Group:             clk_fpga_0
  Path Type:              Setup (Max at Slow Process Corner)
  Requirement:            10.000ns  (clk_fpga_0 rise@10.000ns - clk_fpga_0 rise@0.000ns)
  Data Path Delay:        13.983ns  (logic 8.754ns (62.606%)  route 5.229ns (37.394%))
  Logic Levels:           44  (CARRY4=39 LUT2=1 LUT3=1 LUT4=3)
  Clock Path Skew:        -0.025ns (DCD - SCD + CPR)
    Destination Clock Delay (DCD):    2.647ns = ( 12.647 - 10.000 ) 
    Source Clock Delay      (SCD):    2.934ns
    Clock Pessimism Removal (CPR):    0.262ns
  Clock Uncertainty:      0.154ns  ((TSJ^2 + TIJ^2)^1/2 + DJ) / 2 + PE
    Total System Jitter     (TSJ):    0.071ns
    Total Input Jitter      (TIJ):    0.300ns
    Discrete Jitter          (DJ):    0.000ns
    Phase Error              (PE):    0.000ns

    Location             Delay type                Incr(ns)  Path(ns)    Netlist Resource(s)
  -------------------------------------------------------------------    -------------------
                         (clock clk_fpga_0 rise edge)
                                                      0.000     0.000 r  
    PS7_X0Y0             PS7                          0.000     0.000 r  matvecmul_design_i/ps7/inst/PS7_i/FCLKCLK[0]
                         net (fo=1, routed)           1.193     1.193    matvecmul_design_i/ps7/inst/FCLK_CLK_unbuffered[0]
    BUFGCTRL_X0Y16       BUFG (Prop_bufg_I_O)         0.101     1.294 r  matvecmul_design_i/ps7/inst/buffer_fclk_clk_0.FCLK_CLK_0_BUFG/O
                         net (fo=5456, routed)        1.640     2.934    matvecmul_design_i/matVecMul_0/inst/grp_matVecMul_Pipeline_matmul_inner_loop_fu_278/ap_clk
    SLICE_X42Y68         FDRE                                         r  matvecmul_design_i/matVecMul_0/inst/grp_matVecMul_Pipeline_matmul_inner_loop_fu_278/acc_V_0_fu_110_reg[5]/C
  -------------------------------------------------------------------    -------------------
    SLICE_X42Y68         FDRE (Prop_fdre_C_Q)         0.518     3.452 r  matvecmul_design_i/matVecMul_0/inst/grp_matVecMul_Pipeline_matmul_inner_loop_fu_278/acc_V_0_fu_110_reg[5]/Q
                         net (fo=4, routed)           0.883     4.335    matvecmul_design_i/matVecMul_0/inst/grp_matVecMul_Pipeline_matmul_inner_loop_fu_278/acc_V_0_fu_110[5]
    SLICE_X45Y65         LUT2 (Prop_lut2_I0_O)        0.124     4.459 r  matvecmul_design_i/matVecMul_0/inst/grp_matVecMul_Pipeline_matmul_inner_loop_fu_278/select_ln340_reg_910[7]_i_5/O
                         net (fo=1, routed)           0.000     4.459    matvecmul_design_i/matVecMul_0/inst/grp_matVecMul_Pipeline_matmul_inner_loop_fu_278/select_ln340_reg_910[7]_i_5_n_0
    SLICE_X45Y65         CARRY4 (Prop_carry4_S[1]_CO[3])
                                                      0.550     5.009 r  matvecmul_design_i/matVecMul_0/inst/grp_matVecMul_Pipeline_matmul_inner_loop_fu_278/select_ln340_reg_910_reg[7]_i_2/CO[3]
                         net (fo=1, routed)           0.000     5.009    matvecmul_design_i/matVecMul_0/inst/grp_matVecMul_Pipeline_matmul_inner_loop_fu_278/select_ln340_reg_910_reg[7]_i_2_n_0
    SLICE_X45Y66         CARRY4 (Prop_carry4_CI_CO[3])
                                                      0.114     5.123 r  matvecmul_design_i/matVecMul_0/inst/grp_matVecMul_Pipeline_matmul_inner_loop_fu_278/select_ln340_reg_910_reg[11]_i_2/CO[3]
                         net (fo=1, routed)           0.000     5.123    matvecmul_design_i/matVecMul_0/inst/grp_matVecMul_Pipeline_matmul_inner_loop_fu_278/select_ln340_reg_910_reg[11]_i_2_n_0
    SLICE_X45Y67         CARRY4 (Prop_carry4_CI_CO[3])
                                                      0.114     5.237 r  matvecmul_design_i/matVecMul_0/inst/grp_matVecMul_Pipeline_matmul_inner_loop_fu_278/select_ln340_reg_910_reg[15]_i_2/CO[3]
                         net (fo=1, routed)           0.000     5.237    matvecmul_design_i/matVecMul_0/inst/grp_matVecMul_Pipeline_matmul_inner_loop_fu_278/select_ln340_reg_910_reg[15]_i_2_n_0
    SLICE_X45Y68         CARRY4 (Prop_carry4_CI_CO[3])
                                                      0.114     5.351 r  matvecmul_design_i/matVecMul_0/inst/grp_matVecMul_Pipeline_matmul_inner_loop_fu_278/select_ln340_reg_910_reg[19]_i_2/CO[3]
                         net (fo=1, routed)           0.000     5.351    matvecmul_design_i/matVecMul_0/inst/grp_matVecMul_Pipeline_matmul_inner_loop_fu_278/select_ln340_reg_910_reg[19]_i_2_n_0
    SLICE_X45Y69         CARRY4 (Prop_carry4_CI_CO[3])
                                                      0.114     5.465 r  matvecmul_design_i/matVecMul_0/inst/grp_matVecMul_Pipeline_matmul_inner_loop_fu_278/select_ln340_reg_910_reg[23]_i_2/CO[3]
                         net (fo=1, routed)           0.000     5.465    matvecmul_design_i/matVecMul_0/inst/grp_matVecMul_Pipeline_matmul_inner_loop_fu_278/select_ln340_reg_910_reg[23]_i_2_n_0
    SLICE_X45Y70         CARRY4 (Prop_carry4_CI_CO[3])
                                                      0.114     5.579 r  matvecmul_design_i/matVecMul_0/inst/grp_matVecMul_Pipeline_matmul_inner_loop_fu_278/select_ln340_reg_910_reg[27]_i_2/CO[3]
                         net (fo=1, routed)           0.000     5.579    matvecmul_design_i/matVecMul_0/inst/grp_matVecMul_Pipeline_matmul_inner_loop_fu_278/select_ln340_reg_910_reg[27]_i_2_n_0
    SLICE_X45Y71         CARRY4 (Prop_carry4_CI_CO[3])
                                                      0.114     5.693 r  matvecmul_design_i/matVecMul_0/inst/grp_matVecMul_Pipeline_matmul_inner_loop_fu_278/select_ln340_reg_910_reg[31]_i_2/CO[3]
                         net (fo=1, routed)           0.000     5.693    matvecmul_design_i/matVecMul_0/inst/grp_matVecMul_Pipeline_matmul_inner_loop_fu_278/select_ln340_reg_910_reg[31]_i_2_n_0
    SLICE_X45Y72         CARRY4 (Prop_carry4_CI_CO[3])
                                                      0.114     5.807 r  matvecmul_design_i/matVecMul_0/inst/grp_matVecMul_Pipeline_matmul_inner_loop_fu_278/select_ln340_reg_910_reg[35]_i_2/CO[3]
                         net (fo=1, routed)           0.000     5.807    matvecmul_design_i/matVecMul_0/inst/grp_matVecMul_Pipeline_matmul_inner_loop_fu_278/select_ln340_reg_910_reg[35]_i_2_n_0
    SLICE_X45Y73         CARRY4 (Prop_carry4_CI_O[1])
                                                      0.334     6.141 r  matvecmul_design_i/matVecMul_0/inst/grp_matVecMul_Pipeline_matmul_inner_loop_fu_278/select_ln340_reg_910_reg[36]_i_3/O[1]
                         net (fo=116, routed)         1.088     7.229    matvecmul_design_i/matVecMul_0/inst/grp_matVecMul_Pipeline_matmul_inner_loop_fu_278/tmp_1_fu_471_p3
    SLICE_X43Y64         LUT4 (Prop_lut4_I1_O)        0.303     7.532 r  matvecmul_design_i/matVecMul_0/inst/grp_matVecMul_Pipeline_matmul_inner_loop_fu_278/add_ln1245_1_fu_523_p2_carry_i_3/O
                         net (fo=1, routed)           0.000     7.532    matvecmul_design_i/matVecMul_0/inst/grp_matVecMul_Pipeline_matmul_inner_loop_fu_278/add_ln1245_1_fu_523_p2_carry_i_3_n_0
    SLICE_X43Y64         CARRY4 (Prop_carry4_S[1]_CO[3])
                                                      0.550     8.082 r  matvecmul_design_i/matVecMul_0/inst/grp_matVecMul_Pipeline_matmul_inner_loop_fu_278/add_ln1245_1_fu_523_p2_carry/CO[3]
                         net (fo=1, routed)           0.000     8.082    matvecmul_design_i/matVecMul_0/inst/grp_matVecMul_Pipeline_matmul_inner_loop_fu_278/add_ln1245_1_fu_523_p2_carry_n_0
    SLICE_X43Y65         CARRY4 (Prop_carry4_CI_CO[3])
                                                      0.114     8.196 r  matvecmul_design_i/matVecMul_0/inst/grp_matVecMul_Pipeline_matmul_inner_loop_fu_278/add_ln1245_1_fu_523_p2_carry__0/CO[3]
                         net (fo=1, routed)           0.000     8.196    matvecmul_design_i/matVecMul_0/inst/grp_matVecMul_Pipeline_matmul_inner_loop_fu_278/add_ln1245_1_fu_523_p2_carry__0_n_0
    SLICE_X43Y66         CARRY4 (Prop_carry4_CI_CO[3])
                                                      0.114     8.310 r  matvecmul_design_i/matVecMul_0/inst/grp_matVecMul_Pipeline_matmul_inner_loop_fu_278/add_ln1245_1_fu_523_p2_carry__1/CO[3]
                         net (fo=1, routed)           0.000     8.310    matvecmul_design_i/matVecMul_0/inst/grp_matVecMul_Pipeline_matmul_inner_loop_fu_278/add_ln1245_1_fu_523_p2_carry__1_n_0
    SLICE_X43Y67         CARRY4 (Prop_carry4_CI_CO[3])
                                                      0.114     8.424 r  matvecmul_design_i/matVecMul_0/inst/grp_matVecMul_Pipeline_matmul_inner_loop_fu_278/add_ln1245_1_fu_523_p2_carry__2/CO[3]
                         net (fo=1, routed)           0.000     8.424    matvecmul_design_i/matVecMul_0/inst/grp_matVecMul_Pipeline_matmul_inner_loop_fu_278/add_ln1245_1_fu_523_p2_carry__2_n_0
    SLICE_X43Y68         CARRY4 (Prop_carry4_CI_CO[3])
                                                      0.114     8.538 r  matvecmul_design_i/matVecMul_0/inst/grp_matVecMul_Pipeline_matmul_inner_loop_fu_278/add_ln1245_1_fu_523_p2_carry__3/CO[3]
                         net (fo=1, routed)           0.000     8.538    matvecmul_design_i/matVecMul_0/inst/grp_matVecMul_Pipeline_matmul_inner_loop_fu_278/add_ln1245_1_fu_523_p2_carry__3_n_0
    SLICE_X43Y69         CARRY4 (Prop_carry4_CI_CO[3])
                                                      0.114     8.652 r  matvecmul_design_i/matVecMul_0/inst/grp_matVecMul_Pipeline_matmul_inner_loop_fu_278/add_ln1245_1_fu_523_p2_carry__4/CO[3]
                         net (fo=1, routed)           0.000     8.652    matvecmul_design_i/matVecMul_0/inst/grp_matVecMul_Pipeline_matmul_inner_loop_fu_278/add_ln1245_1_fu_523_p2_carry__4_n_0
    SLICE_X43Y70         CARRY4 (Prop_carry4_CI_CO[3])
                                                      0.114     8.766 r  matvecmul_design_i/matVecMul_0/inst/grp_matVecMul_Pipeline_matmul_inner_loop_fu_278/add_ln1245_1_fu_523_p2_carry__5/CO[3]
                         net (fo=1, routed)           0.000     8.766    matvecmul_design_i/matVecMul_0/inst/grp_matVecMul_Pipeline_matmul_inner_loop_fu_278/add_ln1245_1_fu_523_p2_carry__5_n_0
    SLICE_X43Y71         CARRY4 (Prop_carry4_CI_CO[3])
                                                      0.114     8.880 r  matvecmul_design_i/matVecMul_0/inst/grp_matVecMul_Pipeline_matmul_inner_loop_fu_278/add_ln1245_1_fu_523_p2_carry__6/CO[3]
                         net (fo=1, routed)           0.000     8.880    matvecmul_design_i/matVecMul_0/inst/grp_matVecMul_Pipeline_matmul_inner_loop_fu_278/add_ln1245_1_fu_523_p2_carry__6_n_0
    SLICE_X43Y72         CARRY4 (Prop_carry4_CI_CO[3])
                                                      0.114     8.994 r  matvecmul_design_i/matVecMul_0/inst/grp_matVecMul_Pipeline_matmul_inner_loop_fu_278/add_ln1245_1_fu_523_p2_carry__7/CO[3]
                         net (fo=1, routed)           0.000     8.994    matvecmul_design_i/matVecMul_0/inst/grp_matVecMul_Pipeline_matmul_inner_loop_fu_278/add_ln1245_1_fu_523_p2_carry__7_n_0
    SLICE_X43Y73         CARRY4 (Prop_carry4_CI_CO[1])
                                                      0.157     9.151 r  matvecmul_design_i/matVecMul_0/inst/grp_matVecMul_Pipeline_matmul_inner_loop_fu_278/add_ln1245_1_fu_523_p2_carry__8/CO[1]
                         net (fo=117, routed)         1.253    10.404    matvecmul_design_i/matVecMul_0/inst/grp_matVecMul_Pipeline_matmul_inner_loop_fu_278/add_ln1245_1_fu_523_p2_carry__8_n_2
    SLICE_X44Y65         LUT4 (Prop_lut4_I1_O)        0.329    10.733 r  matvecmul_design_i/matVecMul_0/inst/grp_matVecMul_Pipeline_matmul_inner_loop_fu_278/add_ln1245_3_fu_667_p2_carry_i_9/O
                         net (fo=1, routed)           0.000    10.733    matvecmul_design_i/matVecMul_0/inst/grp_matVecMul_Pipeline_matmul_inner_loop_fu_278/add_ln1245_3_fu_667_p2_carry_i_9_n_0
    SLICE_X44Y65         CARRY4 (Prop_carry4_S[0]_CO[3])
                                                      0.532    11.265 r  matvecmul_design_i/matVecMul_0/inst/grp_matVecMul_Pipeline_matmul_inner_loop_fu_278/add_ln1245_3_fu_667_p2_carry_i_5/CO[3]
                         net (fo=1, routed)           0.000    11.265    matvecmul_design_i/matVecMul_0/inst/grp_matVecMul_Pipeline_matmul_inner_loop_fu_278/add_ln1245_3_fu_667_p2_carry_i_5_n_0
    SLICE_X44Y66         CARRY4 (Prop_carry4_CI_CO[3])
                                                      0.114    11.379 r  matvecmul_design_i/matVecMul_0/inst/grp_matVecMul_Pipeline_matmul_inner_loop_fu_278/select_ln340_2_reg_920_reg[7]_i_2/CO[3]
                         net (fo=1, routed)           0.000    11.379    matvecmul_design_i/matVecMul_0/inst/grp_matVecMul_Pipeline_matmul_inner_loop_fu_278/select_ln340_2_reg_920_reg[7]_i_2_n_0
    SLICE_X44Y67         CARRY4 (Prop_carry4_CI_CO[3])
                                                      0.114    11.493 r  matvecmul_design_i/matVecMul_0/inst/grp_matVecMul_Pipeline_matmul_inner_loop_fu_278/select_ln340_2_reg_920_reg[11]_i_2/CO[3]
                         net (fo=1, routed)           0.000    11.493    matvecmul_design_i/matVecMul_0/inst/grp_matVecMul_Pipeline_matmul_inner_loop_fu_278/select_ln340_2_reg_920_reg[11]_i_2_n_0
    SLICE_X44Y68         CARRY4 (Prop_carry4_CI_CO[3])
                                                      0.114    11.607 r  matvecmul_design_i/matVecMul_0/inst/grp_matVecMul_Pipeline_matmul_inner_loop_fu_278/select_ln340_2_reg_920_reg[15]_i_2/CO[3]
                         net (fo=1, routed)           0.000    11.607    matvecmul_design_i/matVecMul_0/inst/grp_matVecMul_Pipeline_matmul_inner_loop_fu_278/select_ln340_2_reg_920_reg[15]_i_2_n_0
    SLICE_X44Y69         CARRY4 (Prop_carry4_CI_CO[3])
                                                      0.114    11.721 r  matvecmul_design_i/matVecMul_0/inst/grp_matVecMul_Pipeline_matmul_inner_loop_fu_278/select_ln340_2_reg_920_reg[19]_i_2/CO[3]
                         net (fo=1, routed)           0.000    11.721    matvecmul_design_i/matVecMul_0/inst/grp_matVecMul_Pipeline_matmul_inner_loop_fu_278/select_ln340_2_reg_920_reg[19]_i_2_n_0
    SLICE_X44Y70         CARRY4 (Prop_carry4_CI_CO[3])
                                                      0.114    11.835 r  matvecmul_design_i/matVecMul_0/inst/grp_matVecMul_Pipeline_matmul_inner_loop_fu_278/select_ln340_2_reg_920_reg[23]_i_2/CO[3]
                         net (fo=1, routed)           0.000    11.835    matvecmul_design_i/matVecMul_0/inst/grp_matVecMul_Pipeline_matmul_inner_loop_fu_278/select_ln340_2_reg_920_reg[23]_i_2_n_0
    SLICE_X44Y71         CARRY4 (Prop_carry4_CI_CO[3])
                                                      0.114    11.949 r  matvecmul_design_i/matVecMul_0/inst/grp_matVecMul_Pipeline_matmul_inner_loop_fu_278/select_ln340_2_reg_920_reg[27]_i_2/CO[3]
                         net (fo=1, routed)           0.000    11.949    matvecmul_design_i/matVecMul_0/inst/grp_matVecMul_Pipeline_matmul_inner_loop_fu_278/select_ln340_2_reg_920_reg[27]_i_2_n_0
    SLICE_X44Y72         CARRY4 (Prop_carry4_CI_CO[3])
                                                      0.114    12.063 r  matvecmul_design_i/matVecMul_0/inst/grp_matVecMul_Pipeline_matmul_inner_loop_fu_278/select_ln340_2_reg_920_reg[31]_i_2/CO[3]
                         net (fo=1, routed)           0.000    12.063    matvecmul_design_i/matVecMul_0/inst/grp_matVecMul_Pipeline_matmul_inner_loop_fu_278/select_ln340_2_reg_920_reg[31]_i_2_n_0
    SLICE_X44Y73         CARRY4 (Prop_carry4_CI_CO[3])
                                                      0.114    12.177 r  matvecmul_design_i/matVecMul_0/inst/grp_matVecMul_Pipeline_matmul_inner_loop_fu_278/select_ln340_2_reg_920_reg[35]_i_2/CO[3]
                         net (fo=1, routed)           0.000    12.177    matvecmul_design_i/matVecMul_0/inst/grp_matVecMul_Pipeline_matmul_inner_loop_fu_278/select_ln340_2_reg_920_reg[35]_i_2_n_0
    SLICE_X44Y74         CARRY4 (Prop_carry4_CI_O[1])
                                                      0.334    12.511 r  matvecmul_design_i/matVecMul_0/inst/grp_matVecMul_Pipeline_matmul_inner_loop_fu_278/select_ln340_2_reg_920_reg[36]_i_4/O[1]
                         net (fo=116, routed)         1.009    13.520    matvecmul_design_i/matVecMul_0/inst/grp_matVecMul_Pipeline_matmul_inner_loop_fu_278/tmp_5_fu_615_p3
    SLICE_X42Y70         LUT4 (Prop_lut4_I0_O)        0.303    13.823 r  matvecmul_design_i/matVecMul_0/inst/grp_matVecMul_Pipeline_matmul_inner_loop_fu_278/acc_V_0_fu_110[3]_i_5/O
                         net (fo=1, routed)           0.000    13.823    matvecmul_design_i/matVecMul_0/inst/grp_matVecMul_Pipeline_matmul_inner_loop_fu_278/acc_V_0_fu_110[3]_i_5_n_0
    SLICE_X42Y70         CARRY4 (Prop_carry4_S[1]_CO[3])
                                                      0.533    14.356 r  matvecmul_design_i/matVecMul_0/inst/grp_matVecMul_Pipeline_matmul_inner_loop_fu_278/acc_V_0_fu_110_reg[3]_i_2/CO[3]
                         net (fo=1, routed)           0.000    14.356    matvecmul_design_i/matVecMul_0/inst/grp_matVecMul_Pipeline_matmul_inner_loop_fu_278/acc_V_0_fu_110_reg[3]_i_2_n_0
    SLICE_X42Y71         CARRY4 (Prop_carry4_CI_CO[3])
                                                      0.117    14.473 r  matvecmul_design_i/matVecMul_0/inst/grp_matVecMul_Pipeline_matmul_inner_loop_fu_278/acc_V_0_fu_110_reg[7]_i_2/CO[3]
                         net (fo=1, routed)           0.000    14.473    matvecmul_design_i/matVecMul_0/inst/grp_matVecMul_Pipeline_matmul_inner_loop_fu_278/acc_V_0_fu_110_reg[7]_i_2_n_0
    SLICE_X42Y72         CARRY4 (Prop_carry4_CI_CO[3])
                                                      0.117    14.590 r  matvecmul_design_i/matVecMul_0/inst/grp_matVecMul_Pipeline_matmul_inner_loop_fu_278/acc_V_0_fu_110_reg[11]_i_2/CO[3]
                         net (fo=1, routed)           0.000    14.590    matvecmul_design_i/matVecMul_0/inst/grp_matVecMul_Pipeline_matmul_inner_loop_fu_278/acc_V_0_fu_110_reg[11]_i_2_n_0
    SLICE_X42Y73         CARRY4 (Prop_carry4_CI_CO[3])
                                                      0.117    14.707 r  matvecmul_design_i/matVecMul_0/inst/grp_matVecMul_Pipeline_matmul_inner_loop_fu_278/acc_V_0_fu_110_reg[15]_i_2/CO[3]
                         net (fo=1, routed)           0.000    14.707    matvecmul_design_i/matVecMul_0/inst/grp_matVecMul_Pipeline_matmul_inner_loop_fu_278/acc_V_0_fu_110_reg[15]_i_2_n_0
    SLICE_X42Y74         CARRY4 (Prop_carry4_CI_CO[3])
                                                      0.117    14.824 r  matvecmul_design_i/matVecMul_0/inst/grp_matVecMul_Pipeline_matmul_inner_loop_fu_278/acc_V_0_fu_110_reg[19]_i_2/CO[3]
                         net (fo=1, routed)           0.009    14.833    matvecmul_design_i/matVecMul_0/inst/grp_matVecMul_Pipeline_matmul_inner_loop_fu_278/acc_V_0_fu_110_reg[19]_i_2_n_0
    SLICE_X42Y75         CARRY4 (Prop_carry4_CI_CO[3])
                                                      0.117    14.950 r  matvecmul_design_i/matVecMul_0/inst/grp_matVecMul_Pipeline_matmul_inner_loop_fu_278/acc_V_0_fu_110_reg[23]_i_2/CO[3]
                         net (fo=1, routed)           0.000    14.950    matvecmul_design_i/matVecMul_0/inst/grp_matVecMul_Pipeline_matmul_inner_loop_fu_278/acc_V_0_fu_110_reg[23]_i_2_n_0
    SLICE_X42Y76         CARRY4 (Prop_carry4_CI_CO[3])
                                                      0.117    15.067 r  matvecmul_design_i/matVecMul_0/inst/grp_matVecMul_Pipeline_matmul_inner_loop_fu_278/acc_V_0_fu_110_reg[27]_i_2/CO[3]
                         net (fo=1, routed)           0.000    15.067    matvecmul_design_i/matVecMul_0/inst/grp_matVecMul_Pipeline_matmul_inner_loop_fu_278/acc_V_0_fu_110_reg[27]_i_2_n_0
    SLICE_X42Y77         CARRY4 (Prop_carry4_CI_CO[3])
                                                      0.117    15.184 r  matvecmul_design_i/matVecMul_0/inst/grp_matVecMul_Pipeline_matmul_inner_loop_fu_278/acc_V_0_fu_110_reg[31]_i_2/CO[3]
                         net (fo=1, routed)           0.000    15.184    matvecmul_design_i/matVecMul_0/inst/grp_matVecMul_Pipeline_matmul_inner_loop_fu_278/acc_V_0_fu_110_reg[31]_i_2_n_0
    SLICE_X42Y78         CARRY4 (Prop_carry4_CI_CO[3])
                                                      0.117    15.301 r  matvecmul_design_i/matVecMul_0/inst/grp_matVecMul_Pipeline_matmul_inner_loop_fu_278/acc_V_0_fu_110_reg[35]_i_2/CO[3]
                         net (fo=1, routed)           0.000    15.301    matvecmul_design_i/matVecMul_0/inst/grp_matVecMul_Pipeline_matmul_inner_loop_fu_278/acc_V_0_fu_110_reg[35]_i_2_n_0
    SLICE_X42Y79         CARRY4 (Prop_carry4_CI_O[1])
                                                      0.323    15.624 r  matvecmul_design_i/matVecMul_0/inst/grp_matVecMul_Pipeline_matmul_inner_loop_fu_278/acc_V_0_fu_110_reg[36]_i_2/O[1]
                         net (fo=37, routed)          0.987    16.611    matvecmul_design_i/matVecMul_0/inst/grp_matVecMul_Pipeline_matmul_inner_loop_fu_278/tmp_8_fu_687_p3
    SLICE_X42Y69         LUT3 (Prop_lut3_I1_O)        0.306    16.917 r  matvecmul_design_i/matVecMul_0/inst/grp_matVecMul_Pipeline_matmul_inner_loop_fu_278/acc_V_0_fu_110[7]_i_1/O
                         net (fo=1, routed)           0.000    16.917    matvecmul_design_i/matVecMul_0/inst/grp_matVecMul_Pipeline_matmul_inner_loop_fu_278/select_ln340_3_fu_721_p3[7]
    SLICE_X42Y69         FDRE                                         r  matvecmul_design_i/matVecMul_0/inst/grp_matVecMul_Pipeline_matmul_inner_loop_fu_278/acc_V_0_fu_110_reg[7]/D
  -------------------------------------------------------------------    -------------------

                         (clock clk_fpga_0 rise edge)
                                                     10.000    10.000 r  
    PS7_X0Y0             PS7                          0.000    10.000 r  matvecmul_design_i/ps7/inst/PS7_i/FCLKCLK[0]
                         net (fo=1, routed)           1.088    11.088    matvecmul_design_i/ps7/inst/FCLK_CLK_unbuffered[0]
    BUFGCTRL_X0Y16       BUFG (Prop_bufg_I_O)         0.091    11.179 r  matvecmul_design_i/ps7/inst/buffer_fclk_clk_0.FCLK_CLK_0_BUFG/O
                         net (fo=5456, routed)        1.468    12.647    matvecmul_design_i/matVecMul_0/inst/grp_matVecMul_Pipeline_matmul_inner_loop_fu_278/ap_clk
    SLICE_X42Y69         FDRE                                         r  matvecmul_design_i/matVecMul_0/inst/grp_matVecMul_Pipeline_matmul_inner_loop_fu_278/acc_V_0_fu_110_reg[7]/C
                         clock pessimism              0.262    12.909    
                         clock uncertainty           -0.154    12.755    
    SLICE_X42Y69         FDRE (Setup_fdre_C_D)        0.079    12.834    matvecmul_design_i/matVecMul_0/inst/grp_matVecMul_Pipeline_matmul_inner_loop_fu_278/acc_V_0_fu_110_reg[7]
  -------------------------------------------------------------------
                         required time                         12.834    
                         arrival time                         -16.917    
  -------------------------------------------------------------------
                         slack                                 -4.083    

Slack (VIOLATED) :        -4.079ns  (required time - arrival time)
  Source:                 matvecmul_design_i/matVecMul_0/inst/grp_matVecMul_Pipeline_matmul_inner_loop_fu_278/acc_V_0_fu_110_reg[5]/C
                            (rising edge-triggered cell FDRE clocked by clk_fpga_0  {rise@0.000ns fall@5.000ns period=10.000ns})
  Destination:            matvecmul_design_i/matVecMul_0/inst/grp_matVecMul_Pipeline_matmul_inner_loop_fu_278/acc_V_0_fu_110_reg[36]/D
                            (rising edge-triggered cell FDRE clocked by clk_fpga_0  {rise@0.000ns fall@5.000ns period=10.000ns})
  Path Group:             clk_fpga_0
  Path Type:              Setup (Max at Slow Process Corner)
  Requirement:            10.000ns  (clk_fpga_0 rise@10.000ns - clk_fpga_0 rise@0.000ns)
  Data Path Delay:        13.895ns  (logic 8.754ns (63.002%)  route 5.141ns (36.998%))
  Logic Levels:           44  (CARRY4=39 LUT2=1 LUT3=1 LUT4=3)
  Clock Path Skew:        -0.061ns (DCD - SCD + CPR)
    Destination Clock Delay (DCD):    2.644ns = ( 12.644 - 10.000 ) 
    Source Clock Delay      (SCD):    2.934ns
    Clock Pessimism Removal (CPR):    0.229ns
  Clock Uncertainty:      0.154ns  ((TSJ^2 + TIJ^2)^1/2 + DJ) / 2 + PE
    Total System Jitter     (TSJ):    0.071ns
    Total Input Jitter      (TIJ):    0.300ns
    Discrete Jitter          (DJ):    0.000ns
    Phase Error              (PE):    0.000ns

    Location             Delay type                Incr(ns)  Path(ns)    Netlist Resource(s)
  -------------------------------------------------------------------    -------------------
                         (clock clk_fpga_0 rise edge)
                                                      0.000     0.000 r  
    PS7_X0Y0             PS7                          0.000     0.000 r  matvecmul_design_i/ps7/inst/PS7_i/FCLKCLK[0]
                         net (fo=1, routed)           1.193     1.193    matvecmul_design_i/ps7/inst/FCLK_CLK_unbuffered[0]
    BUFGCTRL_X0Y16       BUFG (Prop_bufg_I_O)         0.101     1.294 r  matvecmul_design_i/ps7/inst/buffer_fclk_clk_0.FCLK_CLK_0_BUFG/O
                         net (fo=5456, routed)        1.640     2.934    matvecmul_design_i/matVecMul_0/inst/grp_matVecMul_Pipeline_matmul_inner_loop_fu_278/ap_clk
    SLICE_X42Y68         FDRE                                         r  matvecmul_design_i/matVecMul_0/inst/grp_matVecMul_Pipeline_matmul_inner_loop_fu_278/acc_V_0_fu_110_reg[5]/C
  -------------------------------------------------------------------    -------------------
    SLICE_X42Y68         FDRE (Prop_fdre_C_Q)         0.518     3.452 r  matvecmul_design_i/matVecMul_0/inst/grp_matVecMul_Pipeline_matmul_inner_loop_fu_278/acc_V_0_fu_110_reg[5]/Q
                         net (fo=4, routed)           0.883     4.335    matvecmul_design_i/matVecMul_0/inst/grp_matVecMul_Pipeline_matmul_inner_loop_fu_278/acc_V_0_fu_110[5]
    SLICE_X45Y65         LUT2 (Prop_lut2_I0_O)        0.124     4.459 r  matvecmul_design_i/matVecMul_0/inst/grp_matVecMul_Pipeline_matmul_inner_loop_fu_278/select_ln340_reg_910[7]_i_5/O
                         net (fo=1, routed)           0.000     4.459    matvecmul_design_i/matVecMul_0/inst/grp_matVecMul_Pipeline_matmul_inner_loop_fu_278/select_ln340_reg_910[7]_i_5_n_0
    SLICE_X45Y65         CARRY4 (Prop_carry4_S[1]_CO[3])
                                                      0.550     5.009 r  matvecmul_design_i/matVecMul_0/inst/grp_matVecMul_Pipeline_matmul_inner_loop_fu_278/select_ln340_reg_910_reg[7]_i_2/CO[3]
                         net (fo=1, routed)           0.000     5.009    matvecmul_design_i/matVecMul_0/inst/grp_matVecMul_Pipeline_matmul_inner_loop_fu_278/select_ln340_reg_910_reg[7]_i_2_n_0
    SLICE_X45Y66         CARRY4 (Prop_carry4_CI_CO[3])
                                                      0.114     5.123 r  matvecmul_design_i/matVecMul_0/inst/grp_matVecMul_Pipeline_matmul_inner_loop_fu_278/select_ln340_reg_910_reg[11]_i_2/CO[3]
                         net (fo=1, routed)           0.000     5.123    matvecmul_design_i/matVecMul_0/inst/grp_matVecMul_Pipeline_matmul_inner_loop_fu_278/select_ln340_reg_910_reg[11]_i_2_n_0
    SLICE_X45Y67         CARRY4 (Prop_carry4_CI_CO[3])
                                                      0.114     5.237 r  matvecmul_design_i/matVecMul_0/inst/grp_matVecMul_Pipeline_matmul_inner_loop_fu_278/select_ln340_reg_910_reg[15]_i_2/CO[3]
                         net (fo=1, routed)           0.000     5.237    matvecmul_design_i/matVecMul_0/inst/grp_matVecMul_Pipeline_matmul_inner_loop_fu_278/select_ln340_reg_910_reg[15]_i_2_n_0
    SLICE_X45Y68         CARRY4 (Prop_carry4_CI_CO[3])
                                                      0.114     5.351 r  matvecmul_design_i/matVecMul_0/inst/grp_matVecMul_Pipeline_matmul_inner_loop_fu_278/select_ln340_reg_910_reg[19]_i_2/CO[3]
                         net (fo=1, routed)           0.000     5.351    matvecmul_design_i/matVecMul_0/inst/grp_matVecMul_Pipeline_matmul_inner_loop_fu_278/select_ln340_reg_910_reg[19]_i_2_n_0
    SLICE_X45Y69         CARRY4 (Prop_carry4_CI_CO[3])
                                                      0.114     5.465 r  matvecmul_design_i/matVecMul_0/inst/grp_matVecMul_Pipeline_matmul_inner_loop_fu_278/select_ln340_reg_910_reg[23]_i_2/CO[3]
                         net (fo=1, routed)           0.000     5.465    matvecmul_design_i/matVecMul_0/inst/grp_matVecMul_Pipeline_matmul_inner_loop_fu_278/select_ln340_reg_910_reg[23]_i_2_n_0
    SLICE_X45Y70         CARRY4 (Prop_carry4_CI_CO[3])
                                                      0.114     5.579 r  matvecmul_design_i/matVecMul_0/inst/grp_matVecMul_Pipeline_matmul_inner_loop_fu_278/select_ln340_reg_910_reg[27]_i_2/CO[3]
                         net (fo=1, routed)           0.000     5.579    matvecmul_design_i/matVecMul_0/inst/grp_matVecMul_Pipeline_matmul_inner_loop_fu_278/select_ln340_reg_910_reg[27]_i_2_n_0
    SLICE_X45Y71         CARRY4 (Prop_carry4_CI_CO[3])
                                                      0.114     5.693 r  matvecmul_design_i/matVecMul_0/inst/grp_matVecMul_Pipeline_matmul_inner_loop_fu_278/select_ln340_reg_910_reg[31]_i_2/CO[3]
                         net (fo=1, routed)           0.000     5.693    matvecmul_design_i/matVecMul_0/inst/grp_matVecMul_Pipeline_matmul_inner_loop_fu_278/select_ln340_reg_910_reg[31]_i_2_n_0
    SLICE_X45Y72         CARRY4 (Prop_carry4_CI_CO[3])
                                                      0.114     5.807 r  matvecmul_design_i/matVecMul_0/inst/grp_matVecMul_Pipeline_matmul_inner_loop_fu_278/select_ln340_reg_910_reg[35]_i_2/CO[3]
                         net (fo=1, routed)           0.000     5.807    matvecmul_design_i/matVecMul_0/inst/grp_matVecMul_Pipeline_matmul_inner_loop_fu_278/select_ln340_reg_910_reg[35]_i_2_n_0
    SLICE_X45Y73         CARRY4 (Prop_carry4_CI_O[1])
                                                      0.334     6.141 r  matvecmul_design_i/matVecMul_0/inst/grp_matVecMul_Pipeline_matmul_inner_loop_fu_278/select_ln340_reg_910_reg[36]_i_3/O[1]
                         net (fo=116, routed)         1.088     7.229    matvecmul_design_i/matVecMul_0/inst/grp_matVecMul_Pipeline_matmul_inner_loop_fu_278/tmp_1_fu_471_p3
    SLICE_X43Y64         LUT4 (Prop_lut4_I1_O)        0.303     7.532 r  matvecmul_design_i/matVecMul_0/inst/grp_matVecMul_Pipeline_matmul_inner_loop_fu_278/add_ln1245_1_fu_523_p2_carry_i_3/O
                         net (fo=1, routed)           0.000     7.532    matvecmul_design_i/matVecMul_0/inst/grp_matVecMul_Pipeline_matmul_inner_loop_fu_278/add_ln1245_1_fu_523_p2_carry_i_3_n_0
    SLICE_X43Y64         CARRY4 (Prop_carry4_S[1]_CO[3])
                                                      0.550     8.082 r  matvecmul_design_i/matVecMul_0/inst/grp_matVecMul_Pipeline_matmul_inner_loop_fu_278/add_ln1245_1_fu_523_p2_carry/CO[3]
                         net (fo=1, routed)           0.000     8.082    matvecmul_design_i/matVecMul_0/inst/grp_matVecMul_Pipeline_matmul_inner_loop_fu_278/add_ln1245_1_fu_523_p2_carry_n_0
    SLICE_X43Y65         CARRY4 (Prop_carry4_CI_CO[3])
                                                      0.114     8.196 r  matvecmul_design_i/matVecMul_0/inst/grp_matVecMul_Pipeline_matmul_inner_loop_fu_278/add_ln1245_1_fu_523_p2_carry__0/CO[3]
                         net (fo=1, routed)           0.000     8.196    matvecmul_design_i/matVecMul_0/inst/grp_matVecMul_Pipeline_matmul_inner_loop_fu_278/add_ln1245_1_fu_523_p2_carry__0_n_0
    SLICE_X43Y66         CARRY4 (Prop_carry4_CI_CO[3])
                                                      0.114     8.310 r  matvecmul_design_i/matVecMul_0/inst/grp_matVecMul_Pipeline_matmul_inner_loop_fu_278/add_ln1245_1_fu_523_p2_carry__1/CO[3]
                         net (fo=1, routed)           0.000     8.310    matvecmul_design_i/matVecMul_0/inst/grp_matVecMul_Pipeline_matmul_inner_loop_fu_278/add_ln1245_1_fu_523_p2_carry__1_n_0
    SLICE_X43Y67         CARRY4 (Prop_carry4_CI_CO[3])
                                                      0.114     8.424 r  matvecmul_design_i/matVecMul_0/inst/grp_matVecMul_Pipeline_matmul_inner_loop_fu_278/add_ln1245_1_fu_523_p2_carry__2/CO[3]
                         net (fo=1, routed)           0.000     8.424    matvecmul_design_i/matVecMul_0/inst/grp_matVecMul_Pipeline_matmul_inner_loop_fu_278/add_ln1245_1_fu_523_p2_carry__2_n_0
    SLICE_X43Y68         CARRY4 (Prop_carry4_CI_CO[3])
                                                      0.114     8.538 r  matvecmul_design_i/matVecMul_0/inst/grp_matVecMul_Pipeline_matmul_inner_loop_fu_278/add_ln1245_1_fu_523_p2_carry__3/CO[3]
                         net (fo=1, routed)           0.000     8.538    matvecmul_design_i/matVecMul_0/inst/grp_matVecMul_Pipeline_matmul_inner_loop_fu_278/add_ln1245_1_fu_523_p2_carry__3_n_0
    SLICE_X43Y69         CARRY4 (Prop_carry4_CI_CO[3])
                                                      0.114     8.652 r  matvecmul_design_i/matVecMul_0/inst/grp_matVecMul_Pipeline_matmul_inner_loop_fu_278/add_ln1245_1_fu_523_p2_carry__4/CO[3]
                         net (fo=1, routed)           0.000     8.652    matvecmul_design_i/matVecMul_0/inst/grp_matVecMul_Pipeline_matmul_inner_loop_fu_278/add_ln1245_1_fu_523_p2_carry__4_n_0
    SLICE_X43Y70         CARRY4 (Prop_carry4_CI_CO[3])
                                                      0.114     8.766 r  matvecmul_design_i/matVecMul_0/inst/grp_matVecMul_Pipeline_matmul_inner_loop_fu_278/add_ln1245_1_fu_523_p2_carry__5/CO[3]
                         net (fo=1, routed)           0.000     8.766    matvecmul_design_i/matVecMul_0/inst/grp_matVecMul_Pipeline_matmul_inner_loop_fu_278/add_ln1245_1_fu_523_p2_carry__5_n_0
    SLICE_X43Y71         CARRY4 (Prop_carry4_CI_CO[3])
                                                      0.114     8.880 r  matvecmul_design_i/matVecMul_0/inst/grp_matVecMul_Pipeline_matmul_inner_loop_fu_278/add_ln1245_1_fu_523_p2_carry__6/CO[3]
                         net (fo=1, routed)           0.000     8.880    matvecmul_design_i/matVecMul_0/inst/grp_matVecMul_Pipeline_matmul_inner_loop_fu_278/add_ln1245_1_fu_523_p2_carry__6_n_0
    SLICE_X43Y72         CARRY4 (Prop_carry4_CI_CO[3])
                                                      0.114     8.994 r  matvecmul_design_i/matVecMul_0/inst/grp_matVecMul_Pipeline_matmul_inner_loop_fu_278/add_ln1245_1_fu_523_p2_carry__7/CO[3]
                         net (fo=1, routed)           0.000     8.994    matvecmul_design_i/matVecMul_0/inst/grp_matVecMul_Pipeline_matmul_inner_loop_fu_278/add_ln1245_1_fu_523_p2_carry__7_n_0
    SLICE_X43Y73         CARRY4 (Prop_carry4_CI_CO[1])
                                                      0.157     9.151 r  matvecmul_design_i/matVecMul_0/inst/grp_matVecMul_Pipeline_matmul_inner_loop_fu_278/add_ln1245_1_fu_523_p2_carry__8/CO[1]
                         net (fo=117, routed)         1.253    10.404    matvecmul_design_i/matVecMul_0/inst/grp_matVecMul_Pipeline_matmul_inner_loop_fu_278/add_ln1245_1_fu_523_p2_carry__8_n_2
    SLICE_X44Y65         LUT4 (Prop_lut4_I1_O)        0.329    10.733 r  matvecmul_design_i/matVecMul_0/inst/grp_matVecMul_Pipeline_matmul_inner_loop_fu_278/add_ln1245_3_fu_667_p2_carry_i_9/O
                         net (fo=1, routed)           0.000    10.733    matvecmul_design_i/matVecMul_0/inst/grp_matVecMul_Pipeline_matmul_inner_loop_fu_278/add_ln1245_3_fu_667_p2_carry_i_9_n_0
    SLICE_X44Y65         CARRY4 (Prop_carry4_S[0]_CO[3])
                                                      0.532    11.265 r  matvecmul_design_i/matVecMul_0/inst/grp_matVecMul_Pipeline_matmul_inner_loop_fu_278/add_ln1245_3_fu_667_p2_carry_i_5/CO[3]
                         net (fo=1, routed)           0.000    11.265    matvecmul_design_i/matVecMul_0/inst/grp_matVecMul_Pipeline_matmul_inner_loop_fu_278/add_ln1245_3_fu_667_p2_carry_i_5_n_0
    SLICE_X44Y66         CARRY4 (Prop_carry4_CI_CO[3])
                                                      0.114    11.379 r  matvecmul_design_i/matVecMul_0/inst/grp_matVecMul_Pipeline_matmul_inner_loop_fu_278/select_ln340_2_reg_920_reg[7]_i_2/CO[3]
                         net (fo=1, routed)           0.000    11.379    matvecmul_design_i/matVecMul_0/inst/grp_matVecMul_Pipeline_matmul_inner_loop_fu_278/select_ln340_2_reg_920_reg[7]_i_2_n_0
    SLICE_X44Y67         CARRY4 (Prop_carry4_CI_CO[3])
                                                      0.114    11.493 r  matvecmul_design_i/matVecMul_0/inst/grp_matVecMul_Pipeline_matmul_inner_loop_fu_278/select_ln340_2_reg_920_reg[11]_i_2/CO[3]
                         net (fo=1, routed)           0.000    11.493    matvecmul_design_i/matVecMul_0/inst/grp_matVecMul_Pipeline_matmul_inner_loop_fu_278/select_ln340_2_reg_920_reg[11]_i_2_n_0
    SLICE_X44Y68         CARRY4 (Prop_carry4_CI_CO[3])
                                                      0.114    11.607 r  matvecmul_design_i/matVecMul_0/inst/grp_matVecMul_Pipeline_matmul_inner_loop_fu_278/select_ln340_2_reg_920_reg[15]_i_2/CO[3]
                         net (fo=1, routed)           0.000    11.607    matvecmul_design_i/matVecMul_0/inst/grp_matVecMul_Pipeline_matmul_inner_loop_fu_278/select_ln340_2_reg_920_reg[15]_i_2_n_0
    SLICE_X44Y69         CARRY4 (Prop_carry4_CI_CO[3])
                                                      0.114    11.721 r  matvecmul_design_i/matVecMul_0/inst/grp_matVecMul_Pipeline_matmul_inner_loop_fu_278/select_ln340_2_reg_920_reg[19]_i_2/CO[3]
                         net (fo=1, routed)           0.000    11.721    matvecmul_design_i/matVecMul_0/inst/grp_matVecMul_Pipeline_matmul_inner_loop_fu_278/select_ln340_2_reg_920_reg[19]_i_2_n_0
    SLICE_X44Y70         CARRY4 (Prop_carry4_CI_CO[3])
                                                      0.114    11.835 r  matvecmul_design_i/matVecMul_0/inst/grp_matVecMul_Pipeline_matmul_inner_loop_fu_278/select_ln340_2_reg_920_reg[23]_i_2/CO[3]
                         net (fo=1, routed)           0.000    11.835    matvecmul_design_i/matVecMul_0/inst/grp_matVecMul_Pipeline_matmul_inner_loop_fu_278/select_ln340_2_reg_920_reg[23]_i_2_n_0
    SLICE_X44Y71         CARRY4 (Prop_carry4_CI_CO[3])
                                                      0.114    11.949 r  matvecmul_design_i/matVecMul_0/inst/grp_matVecMul_Pipeline_matmul_inner_loop_fu_278/select_ln340_2_reg_920_reg[27]_i_2/CO[3]
                         net (fo=1, routed)           0.000    11.949    matvecmul_design_i/matVecMul_0/inst/grp_matVecMul_Pipeline_matmul_inner_loop_fu_278/select_ln340_2_reg_920_reg[27]_i_2_n_0
    SLICE_X44Y72         CARRY4 (Prop_carry4_CI_CO[3])
                                                      0.114    12.063 r  matvecmul_design_i/matVecMul_0/inst/grp_matVecMul_Pipeline_matmul_inner_loop_fu_278/select_ln340_2_reg_920_reg[31]_i_2/CO[3]
                         net (fo=1, routed)           0.000    12.063    matvecmul_design_i/matVecMul_0/inst/grp_matVecMul_Pipeline_matmul_inner_loop_fu_278/select_ln340_2_reg_920_reg[31]_i_2_n_0
    SLICE_X44Y73         CARRY4 (Prop_carry4_CI_CO[3])
                                                      0.114    12.177 r  matvecmul_design_i/matVecMul_0/inst/grp_matVecMul_Pipeline_matmul_inner_loop_fu_278/select_ln340_2_reg_920_reg[35]_i_2/CO[3]
                         net (fo=1, routed)           0.000    12.177    matvecmul_design_i/matVecMul_0/inst/grp_matVecMul_Pipeline_matmul_inner_loop_fu_278/select_ln340_2_reg_920_reg[35]_i_2_n_0
    SLICE_X44Y74         CARRY4 (Prop_carry4_CI_O[1])
                                                      0.334    12.511 r  matvecmul_design_i/matVecMul_0/inst/grp_matVecMul_Pipeline_matmul_inner_loop_fu_278/select_ln340_2_reg_920_reg[36]_i_4/O[1]
                         net (fo=116, routed)         1.009    13.520    matvecmul_design_i/matVecMul_0/inst/grp_matVecMul_Pipeline_matmul_inner_loop_fu_278/tmp_5_fu_615_p3
    SLICE_X42Y70         LUT4 (Prop_lut4_I0_O)        0.303    13.823 r  matvecmul_design_i/matVecMul_0/inst/grp_matVecMul_Pipeline_matmul_inner_loop_fu_278/acc_V_0_fu_110[3]_i_5/O
                         net (fo=1, routed)           0.000    13.823    matvecmul_design_i/matVecMul_0/inst/grp_matVecMul_Pipeline_matmul_inner_loop_fu_278/acc_V_0_fu_110[3]_i_5_n_0
    SLICE_X42Y70         CARRY4 (Prop_carry4_S[1]_CO[3])
                                                      0.533    14.356 r  matvecmul_design_i/matVecMul_0/inst/grp_matVecMul_Pipeline_matmul_inner_loop_fu_278/acc_V_0_fu_110_reg[3]_i_2/CO[3]
                         net (fo=1, routed)           0.000    14.356    matvecmul_design_i/matVecMul_0/inst/grp_matVecMul_Pipeline_matmul_inner_loop_fu_278/acc_V_0_fu_110_reg[3]_i_2_n_0
    SLICE_X42Y71         CARRY4 (Prop_carry4_CI_CO[3])
                                                      0.117    14.473 r  matvecmul_design_i/matVecMul_0/inst/grp_matVecMul_Pipeline_matmul_inner_loop_fu_278/acc_V_0_fu_110_reg[7]_i_2/CO[3]
                         net (fo=1, routed)           0.000    14.473    matvecmul_design_i/matVecMul_0/inst/grp_matVecMul_Pipeline_matmul_inner_loop_fu_278/acc_V_0_fu_110_reg[7]_i_2_n_0
    SLICE_X42Y72         CARRY4 (Prop_carry4_CI_CO[3])
                                                      0.117    14.590 r  matvecmul_design_i/matVecMul_0/inst/grp_matVecMul_Pipeline_matmul_inner_loop_fu_278/acc_V_0_fu_110_reg[11]_i_2/CO[3]
                         net (fo=1, routed)           0.000    14.590    matvecmul_design_i/matVecMul_0/inst/grp_matVecMul_Pipeline_matmul_inner_loop_fu_278/acc_V_0_fu_110_reg[11]_i_2_n_0
    SLICE_X42Y73         CARRY4 (Prop_carry4_CI_CO[3])
                                                      0.117    14.707 r  matvecmul_design_i/matVecMul_0/inst/grp_matVecMul_Pipeline_matmul_inner_loop_fu_278/acc_V_0_fu_110_reg[15]_i_2/CO[3]
                         net (fo=1, routed)           0.000    14.707    matvecmul_design_i/matVecMul_0/inst/grp_matVecMul_Pipeline_matmul_inner_loop_fu_278/acc_V_0_fu_110_reg[15]_i_2_n_0
    SLICE_X42Y74         CARRY4 (Prop_carry4_CI_CO[3])
                                                      0.117    14.824 r  matvecmul_design_i/matVecMul_0/inst/grp_matVecMul_Pipeline_matmul_inner_loop_fu_278/acc_V_0_fu_110_reg[19]_i_2/CO[3]
                         net (fo=1, routed)           0.009    14.833    matvecmul_design_i/matVecMul_0/inst/grp_matVecMul_Pipeline_matmul_inner_loop_fu_278/acc_V_0_fu_110_reg[19]_i_2_n_0
    SLICE_X42Y75         CARRY4 (Prop_carry4_CI_CO[3])
                                                      0.117    14.950 r  matvecmul_design_i/matVecMul_0/inst/grp_matVecMul_Pipeline_matmul_inner_loop_fu_278/acc_V_0_fu_110_reg[23]_i_2/CO[3]
                         net (fo=1, routed)           0.000    14.950    matvecmul_design_i/matVecMul_0/inst/grp_matVecMul_Pipeline_matmul_inner_loop_fu_278/acc_V_0_fu_110_reg[23]_i_2_n_0
    SLICE_X42Y76         CARRY4 (Prop_carry4_CI_CO[3])
                                                      0.117    15.067 r  matvecmul_design_i/matVecMul_0/inst/grp_matVecMul_Pipeline_matmul_inner_loop_fu_278/acc_V_0_fu_110_reg[27]_i_2/CO[3]
                         net (fo=1, routed)           0.000    15.067    matvecmul_design_i/matVecMul_0/inst/grp_matVecMul_Pipeline_matmul_inner_loop_fu_278/acc_V_0_fu_110_reg[27]_i_2_n_0
    SLICE_X42Y77         CARRY4 (Prop_carry4_CI_CO[3])
                                                      0.117    15.184 r  matvecmul_design_i/matVecMul_0/inst/grp_matVecMul_Pipeline_matmul_inner_loop_fu_278/acc_V_0_fu_110_reg[31]_i_2/CO[3]
                         net (fo=1, routed)           0.000    15.184    matvecmul_design_i/matVecMul_0/inst/grp_matVecMul_Pipeline_matmul_inner_loop_fu_278/acc_V_0_fu_110_reg[31]_i_2_n_0
    SLICE_X42Y78         CARRY4 (Prop_carry4_CI_CO[3])
                                                      0.117    15.301 r  matvecmul_design_i/matVecMul_0/inst/grp_matVecMul_Pipeline_matmul_inner_loop_fu_278/acc_V_0_fu_110_reg[35]_i_2/CO[3]
                         net (fo=1, routed)           0.000    15.301    matvecmul_design_i/matVecMul_0/inst/grp_matVecMul_Pipeline_matmul_inner_loop_fu_278/acc_V_0_fu_110_reg[35]_i_2_n_0
    SLICE_X42Y79         CARRY4 (Prop_carry4_CI_O[1])
                                                      0.323    15.624 r  matvecmul_design_i/matVecMul_0/inst/grp_matVecMul_Pipeline_matmul_inner_loop_fu_278/acc_V_0_fu_110_reg[36]_i_2/O[1]
                         net (fo=37, routed)          0.899    16.523    matvecmul_design_i/matVecMul_0/inst/grp_matVecMul_Pipeline_matmul_inner_loop_fu_278/tmp_8_fu_687_p3
    SLICE_X41Y77         LUT3 (Prop_lut3_I1_O)        0.306    16.829 r  matvecmul_design_i/matVecMul_0/inst/grp_matVecMul_Pipeline_matmul_inner_loop_fu_278/acc_V_0_fu_110[36]_i_1/O
                         net (fo=1, routed)           0.000    16.829    matvecmul_design_i/matVecMul_0/inst/grp_matVecMul_Pipeline_matmul_inner_loop_fu_278/select_ln340_3_fu_721_p3[36]
    SLICE_X41Y77         FDRE                                         r  matvecmul_design_i/matVecMul_0/inst/grp_matVecMul_Pipeline_matmul_inner_loop_fu_278/acc_V_0_fu_110_reg[36]/D
  -------------------------------------------------------------------    -------------------

                         (clock clk_fpga_0 rise edge)
                                                     10.000    10.000 r  
    PS7_X0Y0             PS7                          0.000    10.000 r  matvecmul_design_i/ps7/inst/PS7_i/FCLKCLK[0]
                         net (fo=1, routed)           1.088    11.088    matvecmul_design_i/ps7/inst/FCLK_CLK_unbuffered[0]
    BUFGCTRL_X0Y16       BUFG (Prop_bufg_I_O)         0.091    11.179 r  matvecmul_design_i/ps7/inst/buffer_fclk_clk_0.FCLK_CLK_0_BUFG/O
                         net (fo=5456, routed)        1.465    12.644    matvecmul_design_i/matVecMul_0/inst/grp_matVecMul_Pipeline_matmul_inner_loop_fu_278/ap_clk
    SLICE_X41Y77         FDRE                                         r  matvecmul_design_i/matVecMul_0/inst/grp_matVecMul_Pipeline_matmul_inner_loop_fu_278/acc_V_0_fu_110_reg[36]/C
                         clock pessimism              0.229    12.873    
                         clock uncertainty           -0.154    12.719    
    SLICE_X41Y77         FDRE (Setup_fdre_C_D)        0.031    12.750    matvecmul_design_i/matVecMul_0/inst/grp_matVecMul_Pipeline_matmul_inner_loop_fu_278/acc_V_0_fu_110_reg[36]
  -------------------------------------------------------------------
                         required time                         12.750    
                         arrival time                         -16.829    
  -------------------------------------------------------------------
                         slack                                 -4.079    





Min Delay Paths
--------------------------------------------------------------------------------------
Slack (MET) :             0.051ns  (arrival time - required time)
  Source:                 matvecmul_design_i/axi_dma_0/U0/I_PRMRY_DATAMOVER/GEN_S2MM_FULL.I_S2MM_FULL_WRAPPER/I_ADDR_CNTL/sig_next_addr_reg_reg[10]/C
                            (rising edge-triggered cell FDRE clocked by clk_fpga_0  {rise@0.000ns fall@5.000ns period=10.000ns})
  Destination:            matvecmul_design_i/axi_mem_intercon/s01_couplers/auto_us/inst/gen_upsizer.gen_full_upsizer.axi_upsizer_inst/si_register_slice_inst/aw.aw_pipe/m_payload_i_reg[10]/D
                            (rising edge-triggered cell FDRE clocked by clk_fpga_0  {rise@0.000ns fall@5.000ns period=10.000ns})
  Path Group:             clk_fpga_0
  Path Type:              Hold (Min at Fast Process Corner)
  Requirement:            0.000ns  (clk_fpga_0 rise@0.000ns - clk_fpga_0 rise@0.000ns)
  Data Path Delay:        0.389ns  (logic 0.164ns (42.196%)  route 0.225ns (57.804%))
  Logic Levels:           0  
  Clock Path Skew:        0.262ns (DCD - SCD - CPR)
    Destination Clock Delay (DCD):    1.191ns
    Source Clock Delay      (SCD):    0.899ns
    Clock Pessimism Removal (CPR):    0.030ns

    Location             Delay type                Incr(ns)  Path(ns)    Netlist Resource(s)
  -------------------------------------------------------------------    -------------------
                         (clock clk_fpga_0 rise edge)
                                                      0.000     0.000 r  
    PS7_X0Y0             PS7                          0.000     0.000 r  matvecmul_design_i/ps7/inst/PS7_i/FCLKCLK[0]
                         net (fo=1, routed)           0.310     0.310    matvecmul_design_i/ps7/inst/FCLK_CLK_unbuffered[0]
    BUFGCTRL_X0Y16       BUFG (Prop_bufg_I_O)         0.026     0.336 r  matvecmul_design_i/ps7/inst/buffer_fclk_clk_0.FCLK_CLK_0_BUFG/O
                         net (fo=5456, routed)        0.563     0.899    matvecmul_design_i/axi_dma_0/U0/I_PRMRY_DATAMOVER/GEN_S2MM_FULL.I_S2MM_FULL_WRAPPER/I_ADDR_CNTL/m_axi_s2mm_aclk
    SLICE_X42Y49         FDRE                                         r  matvecmul_design_i/axi_dma_0/U0/I_PRMRY_DATAMOVER/GEN_S2MM_FULL.I_S2MM_FULL_WRAPPER/I_ADDR_CNTL/sig_next_addr_reg_reg[10]/C
  -------------------------------------------------------------------    -------------------
    SLICE_X42Y49         FDRE (Prop_fdre_C_Q)         0.164     1.063 r  matvecmul_design_i/axi_dma_0/U0/I_PRMRY_DATAMOVER/GEN_S2MM_FULL.I_S2MM_FULL_WRAPPER/I_ADDR_CNTL/sig_next_addr_reg_reg[10]/Q
                         net (fo=1, routed)           0.225     1.287    matvecmul_design_i/axi_mem_intercon/s01_couplers/auto_us/inst/gen_upsizer.gen_full_upsizer.axi_upsizer_inst/si_register_slice_inst/aw.aw_pipe/D[10]
    SLICE_X36Y51         FDRE                                         r  matvecmul_design_i/axi_mem_intercon/s01_couplers/auto_us/inst/gen_upsizer.gen_full_upsizer.axi_upsizer_inst/si_register_slice_inst/aw.aw_pipe/m_payload_i_reg[10]/D
  -------------------------------------------------------------------    -------------------

                         (clock clk_fpga_0 rise edge)
                                                      0.000     0.000 r  
    PS7_X0Y0             PS7                          0.000     0.000 r  matvecmul_design_i/ps7/inst/PS7_i/FCLKCLK[0]
                         net (fo=1, routed)           0.337     0.337    matvecmul_design_i/ps7/inst/FCLK_CLK_unbuffered[0]
    BUFGCTRL_X0Y16       BUFG (Prop_bufg_I_O)         0.029     0.366 r  matvecmul_design_i/ps7/inst/buffer_fclk_clk_0.FCLK_CLK_0_BUFG/O
                         net (fo=5456, routed)        0.825     1.191    matvecmul_design_i/axi_mem_intercon/s01_couplers/auto_us/inst/gen_upsizer.gen_full_upsizer.axi_upsizer_inst/si_register_slice_inst/aw.aw_pipe/out
    SLICE_X36Y51         FDRE                                         r  matvecmul_design_i/axi_mem_intercon/s01_couplers/auto_us/inst/gen_upsizer.gen_full_upsizer.axi_upsizer_inst/si_register_slice_inst/aw.aw_pipe/m_payload_i_reg[10]/C
                         clock pessimism             -0.030     1.161    
    SLICE_X36Y51         FDRE (Hold_fdre_C_D)         0.075     1.236    matvecmul_design_i/axi_mem_intercon/s01_couplers/auto_us/inst/gen_upsizer.gen_full_upsizer.axi_upsizer_inst/si_register_slice_inst/aw.aw_pipe/m_payload_i_reg[10]
  -------------------------------------------------------------------
                         required time                         -1.236    
                         arrival time                           1.287    
  -------------------------------------------------------------------
                         slack                                  0.051    

Slack (MET) :             0.053ns  (arrival time - required time)
  Source:                 matvecmul_design_i/axi_dma_0/U0/I_PRMRY_DATAMOVER/GEN_S2MM_FULL.I_S2MM_FULL_WRAPPER/GEN_INCLUDE_IBTTCC.I_S2MM_MSTR_IBTTCC/sig_xfer_len_reg_reg[3]/C
                            (rising edge-triggered cell FDRE clocked by clk_fpga_0  {rise@0.000ns fall@5.000ns period=10.000ns})
  Destination:            matvecmul_design_i/axi_dma_0/U0/I_PRMRY_DATAMOVER/GEN_S2MM_FULL.I_S2MM_FULL_WRAPPER/I_ADDR_CNTL/GEN_ADDR_FIFO.I_ADDR_QUAL_FIFO/USE_SRL_FIFO.I_SYNC_FIFO/I_SRL_FIFO_RBU_F/DYNSHREG_F_I/INFERRED_GEN.data_reg[3][19]_srl4/D
                            (rising edge-triggered cell SRL16E clocked by clk_fpga_0  {rise@0.000ns fall@5.000ns period=10.000ns})
  Path Group:             clk_fpga_0
  Path Type:              Hold (Min at Fast Process Corner)
  Requirement:            0.000ns  (clk_fpga_0 rise@0.000ns - clk_fpga_0 rise@0.000ns)
  Data Path Delay:        0.270ns  (logic 0.141ns (52.318%)  route 0.129ns (47.682%))
  Logic Levels:           0  
  Clock Path Skew:        0.034ns (DCD - SCD - CPR)
    Destination Clock Delay (DCD):    1.195ns
    Source Clock Delay      (SCD):    0.898ns
    Clock Pessimism Removal (CPR):    0.263ns

    Location             Delay type                Incr(ns)  Path(ns)    Netlist Resource(s)
  -------------------------------------------------------------------    -------------------
                         (clock clk_fpga_0 rise edge)
                                                      0.000     0.000 r  
    PS7_X0Y0             PS7                          0.000     0.000 r  matvecmul_design_i/ps7/inst/PS7_i/FCLKCLK[0]
                         net (fo=1, routed)           0.310     0.310    matvecmul_design_i/ps7/inst/FCLK_CLK_unbuffered[0]
    BUFGCTRL_X0Y16       BUFG (Prop_bufg_I_O)         0.026     0.336 r  matvecmul_design_i/ps7/inst/buffer_fclk_clk_0.FCLK_CLK_0_BUFG/O
                         net (fo=5456, routed)        0.562     0.898    matvecmul_design_i/axi_dma_0/U0/I_PRMRY_DATAMOVER/GEN_S2MM_FULL.I_S2MM_FULL_WRAPPER/GEN_INCLUDE_IBTTCC.I_S2MM_MSTR_IBTTCC/m_axi_s2mm_aclk
    SLICE_X45Y46         FDRE                                         r  matvecmul_design_i/axi_dma_0/U0/I_PRMRY_DATAMOVER/GEN_S2MM_FULL.I_S2MM_FULL_WRAPPER/GEN_INCLUDE_IBTTCC.I_S2MM_MSTR_IBTTCC/sig_xfer_len_reg_reg[3]/C
  -------------------------------------------------------------------    -------------------
    SLICE_X45Y46         FDRE (Prop_fdre_C_Q)         0.141     1.039 r  matvecmul_design_i/axi_dma_0/U0/I_PRMRY_DATAMOVER/GEN_S2MM_FULL.I_S2MM_FULL_WRAPPER/GEN_INCLUDE_IBTTCC.I_S2MM_MSTR_IBTTCC/sig_xfer_len_reg_reg[3]/Q
                         net (fo=2, routed)           0.129     1.167    matvecmul_design_i/axi_dma_0/U0/I_PRMRY_DATAMOVER/GEN_S2MM_FULL.I_S2MM_FULL_WRAPPER/I_ADDR_CNTL/GEN_ADDR_FIFO.I_ADDR_QUAL_FIFO/USE_SRL_FIFO.I_SYNC_FIFO/I_SRL_FIFO_RBU_F/DYNSHREG_F_I/in[35]
    SLICE_X42Y46         SRL16E                                       r  matvecmul_design_i/axi_dma_0/U0/I_PRMRY_DATAMOVER/GEN_S2MM_FULL.I_S2MM_FULL_WRAPPER/I_ADDR_CNTL/GEN_ADDR_FIFO.I_ADDR_QUAL_FIFO/USE_SRL_FIFO.I_SYNC_FIFO/I_SRL_FIFO_RBU_F/DYNSHREG_F_I/INFERRED_GEN.data_reg[3][19]_srl4/D
  -------------------------------------------------------------------    -------------------

                         (clock clk_fpga_0 rise edge)
                                                      0.000     0.000 r  
    PS7_X0Y0             PS7                          0.000     0.000 r  matvecmul_design_i/ps7/inst/PS7_i/FCLKCLK[0]
                         net (fo=1, routed)           0.337     0.337    matvecmul_design_i/ps7/inst/FCLK_CLK_unbuffered[0]
    BUFGCTRL_X0Y16       BUFG (Prop_bufg_I_O)         0.029     0.366 r  matvecmul_design_i/ps7/inst/buffer_fclk_clk_0.FCLK_CLK_0_BUFG/O
                         net (fo=5456, routed)        0.829     1.195    matvecmul_design_i/axi_dma_0/U0/I_PRMRY_DATAMOVER/GEN_S2MM_FULL.I_S2MM_FULL_WRAPPER/I_ADDR_CNTL/GEN_ADDR_FIFO.I_ADDR_QUAL_FIFO/USE_SRL_FIFO.I_SYNC_FIFO/I_SRL_FIFO_RBU_F/DYNSHREG_F_I/m_axi_s2mm_aclk
    SLICE_X42Y46         SRL16E                                       r  matvecmul_design_i/axi_dma_0/U0/I_PRMRY_DATAMOVER/GEN_S2MM_FULL.I_S2MM_FULL_WRAPPER/I_ADDR_CNTL/GEN_ADDR_FIFO.I_ADDR_QUAL_FIFO/USE_SRL_FIFO.I_SYNC_FIFO/I_SRL_FIFO_RBU_F/DYNSHREG_F_I/INFERRED_GEN.data_reg[3][19]_srl4/CLK
                         clock pessimism             -0.263     0.932    
    SLICE_X42Y46         SRL16E (Hold_srl16e_CLK_D)
                                                      0.183     1.115    matvecmul_design_i/axi_dma_0/U0/I_PRMRY_DATAMOVER/GEN_S2MM_FULL.I_S2MM_FULL_WRAPPER/I_ADDR_CNTL/GEN_ADDR_FIFO.I_ADDR_QUAL_FIFO/USE_SRL_FIFO.I_SYNC_FIFO/I_SRL_FIFO_RBU_F/DYNSHREG_F_I/INFERRED_GEN.data_reg[3][19]_srl4
  -------------------------------------------------------------------
                         required time                         -1.115    
                         arrival time                           1.167    
  -------------------------------------------------------------------
                         slack                                  0.053    

Slack (MET) :             0.054ns  (arrival time - required time)
  Source:                 matvecmul_design_i/matVecMul_0/inst/grp_matVecMul_Pipeline_matmul_inner_loop_fu_278/select_ln340_2_reg_920_reg[33]/C
                            (rising edge-triggered cell FDSE clocked by clk_fpga_0  {rise@0.000ns fall@5.000ns period=10.000ns})
  Destination:            matvecmul_design_i/matVecMul_0/inst/select_ln340_2_loc_fu_184_reg[33]/D
                            (rising edge-triggered cell FDRE clocked by clk_fpga_0  {rise@0.000ns fall@5.000ns period=10.000ns})
  Path Group:             clk_fpga_0
  Path Type:              Hold (Min at Fast Process Corner)
  Requirement:            0.000ns  (clk_fpga_0 rise@0.000ns - clk_fpga_0 rise@0.000ns)
  Data Path Delay:        0.386ns  (logic 0.164ns (42.488%)  route 0.222ns (57.512%))
  Logic Levels:           0  
  Clock Path Skew:        0.257ns (DCD - SCD - CPR)
    Destination Clock Delay (DCD):    1.171ns
    Source Clock Delay      (SCD):    0.879ns
    Clock Pessimism Removal (CPR):    0.035ns

    Location             Delay type                Incr(ns)  Path(ns)    Netlist Resource(s)
  -------------------------------------------------------------------    -------------------
                         (clock clk_fpga_0 rise edge)
                                                      0.000     0.000 r  
    PS7_X0Y0             PS7                          0.000     0.000 r  matvecmul_design_i/ps7/inst/PS7_i/FCLKCLK[0]
                         net (fo=1, routed)           0.310     0.310    matvecmul_design_i/ps7/inst/FCLK_CLK_unbuffered[0]
    BUFGCTRL_X0Y16       BUFG (Prop_bufg_I_O)         0.026     0.336 r  matvecmul_design_i/ps7/inst/buffer_fclk_clk_0.FCLK_CLK_0_BUFG/O
                         net (fo=5456, routed)        0.543     0.879    matvecmul_design_i/matVecMul_0/inst/grp_matVecMul_Pipeline_matmul_inner_loop_fu_278/ap_clk
    SLICE_X46Y74         FDSE                                         r  matvecmul_design_i/matVecMul_0/inst/grp_matVecMul_Pipeline_matmul_inner_loop_fu_278/select_ln340_2_reg_920_reg[33]/C
  -------------------------------------------------------------------    -------------------
    SLICE_X46Y74         FDSE (Prop_fdse_C_Q)         0.164     1.043 r  matvecmul_design_i/matVecMul_0/inst/grp_matVecMul_Pipeline_matmul_inner_loop_fu_278/select_ln340_2_reg_920_reg[33]/Q
                         net (fo=1, routed)           0.222     1.265    matvecmul_design_i/matVecMul_0/inst/grp_matVecMul_Pipeline_matmul_inner_loop_fu_278_select_ln340_2_out[33]
    SLICE_X52Y73         FDRE                                         r  matvecmul_design_i/matVecMul_0/inst/select_ln340_2_loc_fu_184_reg[33]/D
  -------------------------------------------------------------------    -------------------

                         (clock clk_fpga_0 rise edge)
                                                      0.000     0.000 r  
    PS7_X0Y0             PS7                          0.000     0.000 r  matvecmul_design_i/ps7/inst/PS7_i/FCLKCLK[0]
                         net (fo=1, routed)           0.337     0.337    matvecmul_design_i/ps7/inst/FCLK_CLK_unbuffered[0]
    BUFGCTRL_X0Y16       BUFG (Prop_bufg_I_O)         0.029     0.366 r  matvecmul_design_i/ps7/inst/buffer_fclk_clk_0.FCLK_CLK_0_BUFG/O
                         net (fo=5456, routed)        0.805     1.171    matvecmul_design_i/matVecMul_0/inst/ap_clk
    SLICE_X52Y73         FDRE                                         r  matvecmul_design_i/matVecMul_0/inst/select_ln340_2_loc_fu_184_reg[33]/C
                         clock pessimism             -0.035     1.136    
    SLICE_X52Y73         FDRE (Hold_fdre_C_D)         0.075     1.211    matvecmul_design_i/matVecMul_0/inst/select_ln340_2_loc_fu_184_reg[33]
  -------------------------------------------------------------------
                         required time                         -1.211    
                         arrival time                           1.265    
  -------------------------------------------------------------------
                         slack                                  0.054    

Slack (MET) :             0.055ns  (arrival time - required time)
  Source:                 matvecmul_design_i/axi_dma_0/U0/I_PRMRY_DATAMOVER/GEN_MM2S_FULL.I_MM2S_FULL_WRAPPER/I_ADDR_CNTL/sig_next_len_reg_reg[0]/C
                            (rising edge-triggered cell FDRE clocked by clk_fpga_0  {rise@0.000ns fall@5.000ns period=10.000ns})
  Destination:            matvecmul_design_i/axi_mem_intercon/s00_couplers/auto_us/inst/gen_upsizer.gen_full_upsizer.axi_upsizer_inst/si_register_slice_inst/ar.ar_pipe/m_payload_i_reg[44]/D
                            (rising edge-triggered cell FDRE clocked by clk_fpga_0  {rise@0.000ns fall@5.000ns period=10.000ns})
  Path Group:             clk_fpga_0
  Path Type:              Hold (Min at Fast Process Corner)
  Requirement:            0.000ns  (clk_fpga_0 rise@0.000ns - clk_fpga_0 rise@0.000ns)
  Data Path Delay:        0.395ns  (logic 0.164ns (41.527%)  route 0.231ns (58.473%))
  Logic Levels:           0  
  Clock Path Skew:        0.274ns (DCD - SCD - CPR)
    Destination Clock Delay (DCD):    1.196ns
    Source Clock Delay      (SCD):    0.892ns
    Clock Pessimism Removal (CPR):    0.030ns

    Location             Delay type                Incr(ns)  Path(ns)    Netlist Resource(s)
  -------------------------------------------------------------------    -------------------
                         (clock clk_fpga_0 rise edge)
                                                      0.000     0.000 r  
    PS7_X0Y0             PS7                          0.000     0.000 r  matvecmul_design_i/ps7/inst/PS7_i/FCLKCLK[0]
                         net (fo=1, routed)           0.310     0.310    matvecmul_design_i/ps7/inst/FCLK_CLK_unbuffered[0]
    BUFGCTRL_X0Y16       BUFG (Prop_bufg_I_O)         0.026     0.336 r  matvecmul_design_i/ps7/inst/buffer_fclk_clk_0.FCLK_CLK_0_BUFG/O
                         net (fo=5456, routed)        0.556     0.892    matvecmul_design_i/axi_dma_0/U0/I_PRMRY_DATAMOVER/GEN_MM2S_FULL.I_MM2S_FULL_WRAPPER/I_ADDR_CNTL/m_axi_mm2s_aclk
    SLICE_X38Y55         FDRE                                         r  matvecmul_design_i/axi_dma_0/U0/I_PRMRY_DATAMOVER/GEN_MM2S_FULL.I_MM2S_FULL_WRAPPER/I_ADDR_CNTL/sig_next_len_reg_reg[0]/C
  -------------------------------------------------------------------    -------------------
    SLICE_X38Y55         FDRE (Prop_fdre_C_Q)         0.164     1.056 r  matvecmul_design_i/axi_dma_0/U0/I_PRMRY_DATAMOVER/GEN_MM2S_FULL.I_MM2S_FULL_WRAPPER/I_ADDR_CNTL/sig_next_len_reg_reg[0]/Q
                         net (fo=1, routed)           0.231     1.287    matvecmul_design_i/axi_mem_intercon/s00_couplers/auto_us/inst/gen_upsizer.gen_full_upsizer.axi_upsizer_inst/si_register_slice_inst/ar.ar_pipe/D[44]
    SLICE_X39Y49         FDRE                                         r  matvecmul_design_i/axi_mem_intercon/s00_couplers/auto_us/inst/gen_upsizer.gen_full_upsizer.axi_upsizer_inst/si_register_slice_inst/ar.ar_pipe/m_payload_i_reg[44]/D
  -------------------------------------------------------------------    -------------------

                         (clock clk_fpga_0 rise edge)
                                                      0.000     0.000 r  
    PS7_X0Y0             PS7                          0.000     0.000 r  matvecmul_design_i/ps7/inst/PS7_i/FCLKCLK[0]
                         net (fo=1, routed)           0.337     0.337    matvecmul_design_i/ps7/inst/FCLK_CLK_unbuffered[0]
    BUFGCTRL_X0Y16       BUFG (Prop_bufg_I_O)         0.029     0.366 r  matvecmul_design_i/ps7/inst/buffer_fclk_clk_0.FCLK_CLK_0_BUFG/O
                         net (fo=5456, routed)        0.830     1.196    matvecmul_design_i/axi_mem_intercon/s00_couplers/auto_us/inst/gen_upsizer.gen_full_upsizer.axi_upsizer_inst/si_register_slice_inst/ar.ar_pipe/out
    SLICE_X39Y49         FDRE                                         r  matvecmul_design_i/axi_mem_intercon/s00_couplers/auto_us/inst/gen_upsizer.gen_full_upsizer.axi_upsizer_inst/si_register_slice_inst/ar.ar_pipe/m_payload_i_reg[44]/C
                         clock pessimism             -0.030     1.166    
    SLICE_X39Y49         FDRE (Hold_fdre_C_D)         0.066     1.232    matvecmul_design_i/axi_mem_intercon/s00_couplers/auto_us/inst/gen_upsizer.gen_full_upsizer.axi_upsizer_inst/si_register_slice_inst/ar.ar_pipe/m_payload_i_reg[44]
  -------------------------------------------------------------------
                         required time                         -1.232    
                         arrival time                           1.287    
  -------------------------------------------------------------------
                         slack                                  0.055    

Slack (MET) :             0.055ns  (arrival time - required time)
  Source:                 matvecmul_design_i/axi_dma_0/U0/I_PRMRY_DATAMOVER/GEN_MM2S_FULL.I_MM2S_FULL_WRAPPER/I_MSTR_PCC/sig_calc_error_pushed_reg/C
                            (rising edge-triggered cell FDRE clocked by clk_fpga_0  {rise@0.000ns fall@5.000ns period=10.000ns})
  Destination:            matvecmul_design_i/axi_dma_0/U0/I_PRMRY_DATAMOVER/GEN_MM2S_FULL.I_MM2S_FULL_WRAPPER/I_CMD_STATUS/I_CMD_FIFO/USE_SINGLE_REG.sig_regfifo_full_reg_reg/D
                            (rising edge-triggered cell FDRE clocked by clk_fpga_0  {rise@0.000ns fall@5.000ns period=10.000ns})
  Path Group:             clk_fpga_0
  Path Type:              Hold (Min at Fast Process Corner)
  Requirement:            0.000ns  (clk_fpga_0 rise@0.000ns - clk_fpga_0 rise@0.000ns)
  Data Path Delay:        0.437ns  (logic 0.186ns (42.541%)  route 0.251ns (57.459%))
  Logic Levels:           1  (LUT6=1)
  Clock Path Skew:        0.262ns (DCD - SCD - CPR)
    Destination Clock Delay (DCD):    1.191ns
    Source Clock Delay      (SCD):    0.899ns
    Clock Pessimism Removal (CPR):    0.030ns

    Location             Delay type                Incr(ns)  Path(ns)    Netlist Resource(s)
  -------------------------------------------------------------------    -------------------
                         (clock clk_fpga_0 rise edge)
                                                      0.000     0.000 r  
    PS7_X0Y0             PS7                          0.000     0.000 r  matvecmul_design_i/ps7/inst/PS7_i/FCLKCLK[0]
                         net (fo=1, routed)           0.310     0.310    matvecmul_design_i/ps7/inst/FCLK_CLK_unbuffered[0]
    BUFGCTRL_X0Y16       BUFG (Prop_bufg_I_O)         0.026     0.336 r  matvecmul_design_i/ps7/inst/buffer_fclk_clk_0.FCLK_CLK_0_BUFG/O
                         net (fo=5456, routed)        0.563     0.899    matvecmul_design_i/axi_dma_0/U0/I_PRMRY_DATAMOVER/GEN_MM2S_FULL.I_MM2S_FULL_WRAPPER/I_MSTR_PCC/m_axi_mm2s_aclk
    SLICE_X43Y49         FDRE                                         r  matvecmul_design_i/axi_dma_0/U0/I_PRMRY_DATAMOVER/GEN_MM2S_FULL.I_MM2S_FULL_WRAPPER/I_MSTR_PCC/sig_calc_error_pushed_reg/C
  -------------------------------------------------------------------    -------------------
    SLICE_X43Y49         FDRE (Prop_fdre_C_Q)         0.141     1.040 r  matvecmul_design_i/axi_dma_0/U0/I_PRMRY_DATAMOVER/GEN_MM2S_FULL.I_MM2S_FULL_WRAPPER/I_MSTR_PCC/sig_calc_error_pushed_reg/Q
                         net (fo=11, routed)          0.251     1.291    matvecmul_design_i/axi_dma_0/U0/I_PRMRY_DATAMOVER/GEN_MM2S_FULL.I_MM2S_FULL_WRAPPER/I_MSTR_PCC/sig_calc_error_pushed
    SLICE_X46Y51         LUT6 (Prop_lut6_I2_O)        0.045     1.336 r  matvecmul_design_i/axi_dma_0/U0/I_PRMRY_DATAMOVER/GEN_MM2S_FULL.I_MM2S_FULL_WRAPPER/I_MSTR_PCC/USE_SINGLE_REG.sig_regfifo_full_reg_i_1__1/O
                         net (fo=1, routed)           0.000     1.336    matvecmul_design_i/axi_dma_0/U0/I_PRMRY_DATAMOVER/GEN_MM2S_FULL.I_MM2S_FULL_WRAPPER/I_CMD_STATUS/I_CMD_FIFO/USE_SINGLE_REG.sig_regfifo_full_reg_reg_0
    SLICE_X46Y51         FDRE                                         r  matvecmul_design_i/axi_dma_0/U0/I_PRMRY_DATAMOVER/GEN_MM2S_FULL.I_MM2S_FULL_WRAPPER/I_CMD_STATUS/I_CMD_FIFO/USE_SINGLE_REG.sig_regfifo_full_reg_reg/D
  -------------------------------------------------------------------    -------------------

                         (clock clk_fpga_0 rise edge)
                                                      0.000     0.000 r  
    PS7_X0Y0             PS7                          0.000     0.000 r  matvecmul_design_i/ps7/inst/PS7_i/FCLKCLK[0]
                         net (fo=1, routed)           0.337     0.337    matvecmul_design_i/ps7/inst/FCLK_CLK_unbuffered[0]
    BUFGCTRL_X0Y16       BUFG (Prop_bufg_I_O)         0.029     0.366 r  matvecmul_design_i/ps7/inst/buffer_fclk_clk_0.FCLK_CLK_0_BUFG/O
                         net (fo=5456, routed)        0.825     1.191    matvecmul_design_i/axi_dma_0/U0/I_PRMRY_DATAMOVER/GEN_MM2S_FULL.I_MM2S_FULL_WRAPPER/I_CMD_STATUS/I_CMD_FIFO/m_axi_mm2s_aclk
    SLICE_X46Y51         FDRE                                         r  matvecmul_design_i/axi_dma_0/U0/I_PRMRY_DATAMOVER/GEN_MM2S_FULL.I_MM2S_FULL_WRAPPER/I_CMD_STATUS/I_CMD_FIFO/USE_SINGLE_REG.sig_regfifo_full_reg_reg/C
                         clock pessimism             -0.030     1.161    
    SLICE_X46Y51         FDRE (Hold_fdre_C_D)         0.120     1.281    matvecmul_design_i/axi_dma_0/U0/I_PRMRY_DATAMOVER/GEN_MM2S_FULL.I_MM2S_FULL_WRAPPER/I_CMD_STATUS/I_CMD_FIFO/USE_SINGLE_REG.sig_regfifo_full_reg_reg
  -------------------------------------------------------------------
                         required time                         -1.281    
                         arrival time                           1.336    
  -------------------------------------------------------------------
                         slack                                  0.055    

Slack (MET) :             0.057ns  (arrival time - required time)
  Source:                 matvecmul_design_i/matVecMul_0/inst/grp_matVecMul_Pipeline_matmul_inner_loop_fu_278/select_ln340_2_reg_920_reg[11]/C
                            (rising edge-triggered cell FDSE clocked by clk_fpga_0  {rise@0.000ns fall@5.000ns period=10.000ns})
  Destination:            matvecmul_design_i/matVecMul_0/inst/select_ln340_2_loc_fu_184_reg[11]/D
                            (rising edge-triggered cell FDRE clocked by clk_fpga_0  {rise@0.000ns fall@5.000ns period=10.000ns})
  Path Group:             clk_fpga_0
  Path Type:              Hold (Min at Fast Process Corner)
  Requirement:            0.000ns  (clk_fpga_0 rise@0.000ns - clk_fpga_0 rise@0.000ns)
  Data Path Delay:        0.362ns  (logic 0.141ns (38.997%)  route 0.221ns (61.003%))
  Logic Levels:           0  
  Clock Path Skew:        0.258ns (DCD - SCD - CPR)
    Destination Clock Delay (DCD):    1.171ns
    Source Clock Delay      (SCD):    0.878ns
    Clock Pessimism Removal (CPR):    0.035ns

    Location             Delay type                Incr(ns)  Path(ns)    Netlist Resource(s)
  -------------------------------------------------------------------    -------------------
                         (clock clk_fpga_0 rise edge)
                                                      0.000     0.000 r  
    PS7_X0Y0             PS7                          0.000     0.000 r  matvecmul_design_i/ps7/inst/PS7_i/FCLKCLK[0]
                         net (fo=1, routed)           0.310     0.310    matvecmul_design_i/ps7/inst/FCLK_CLK_unbuffered[0]
    BUFGCTRL_X0Y16       BUFG (Prop_bufg_I_O)         0.026     0.336 r  matvecmul_design_i/ps7/inst/buffer_fclk_clk_0.FCLK_CLK_0_BUFG/O
                         net (fo=5456, routed)        0.542     0.878    matvecmul_design_i/matVecMul_0/inst/grp_matVecMul_Pipeline_matmul_inner_loop_fu_278/ap_clk
    SLICE_X49Y74         FDSE                                         r  matvecmul_design_i/matVecMul_0/inst/grp_matVecMul_Pipeline_matmul_inner_loop_fu_278/select_ln340_2_reg_920_reg[11]/C
  -------------------------------------------------------------------    -------------------
    SLICE_X49Y74         FDSE (Prop_fdse_C_Q)         0.141     1.019 r  matvecmul_design_i/matVecMul_0/inst/grp_matVecMul_Pipeline_matmul_inner_loop_fu_278/select_ln340_2_reg_920_reg[11]/Q
                         net (fo=1, routed)           0.221     1.239    matvecmul_design_i/matVecMul_0/inst/grp_matVecMul_Pipeline_matmul_inner_loop_fu_278_select_ln340_2_out[11]
    SLICE_X52Y73         FDRE                                         r  matvecmul_design_i/matVecMul_0/inst/select_ln340_2_loc_fu_184_reg[11]/D
  -------------------------------------------------------------------    -------------------

                         (clock clk_fpga_0 rise edge)
                                                      0.000     0.000 r  
    PS7_X0Y0             PS7                          0.000     0.000 r  matvecmul_design_i/ps7/inst/PS7_i/FCLKCLK[0]
                         net (fo=1, routed)           0.337     0.337    matvecmul_design_i/ps7/inst/FCLK_CLK_unbuffered[0]
    BUFGCTRL_X0Y16       BUFG (Prop_bufg_I_O)         0.029     0.366 r  matvecmul_design_i/ps7/inst/buffer_fclk_clk_0.FCLK_CLK_0_BUFG/O
                         net (fo=5456, routed)        0.805     1.171    matvecmul_design_i/matVecMul_0/inst/ap_clk
    SLICE_X52Y73         FDRE                                         r  matvecmul_design_i/matVecMul_0/inst/select_ln340_2_loc_fu_184_reg[11]/C
                         clock pessimism             -0.035     1.136    
    SLICE_X52Y73         FDRE (Hold_fdre_C_D)         0.046     1.182    matvecmul_design_i/matVecMul_0/inst/select_ln340_2_loc_fu_184_reg[11]
  -------------------------------------------------------------------
                         required time                         -1.182    
                         arrival time                           1.239    
  -------------------------------------------------------------------
                         slack                                  0.057    

Slack (MET) :             0.057ns  (arrival time - required time)
  Source:                 matvecmul_design_i/axi_mem_intercon/m00_couplers/auto_pc/inst/gen_axi4_axi3.axi3_conv_inst/USE_WRITE.write_addr_inst/S_AXI_ABURST_Q_reg[0]/C
                            (rising edge-triggered cell FDRE clocked by clk_fpga_0  {rise@0.000ns fall@5.000ns period=10.000ns})
  Destination:            matvecmul_design_i/ps7/inst/PS7_i/SAXIHP0AWBURST[0]
                            (rising edge-triggered cell PS7 clocked by clk_fpga_0  {rise@0.000ns fall@5.000ns period=10.000ns})
  Path Group:             clk_fpga_0
  Path Type:              Hold (Min at Fast Process Corner)
  Requirement:            0.000ns  (clk_fpga_0 rise@0.000ns - clk_fpga_0 rise@0.000ns)
  Data Path Delay:        0.434ns  (logic 0.141ns (32.483%)  route 0.293ns (67.517%))
  Logic Levels:           0  
  Clock Path Skew:        0.377ns (DCD - SCD - CPR)
    Destination Clock Delay (DCD):    1.334ns
    Source Clock Delay      (SCD):    0.928ns
    Clock Pessimism Removal (CPR):    0.030ns

    Location             Delay type                Incr(ns)  Path(ns)    Netlist Resource(s)
  -------------------------------------------------------------------    -------------------
                         (clock clk_fpga_0 rise edge)
                                                      0.000     0.000 r  
    PS7_X0Y0             PS7                          0.000     0.000 r  matvecmul_design_i/ps7/inst/PS7_i/FCLKCLK[0]
                         net (fo=1, routed)           0.310     0.310    matvecmul_design_i/ps7/inst/FCLK_CLK_unbuffered[0]
    BUFGCTRL_X0Y16       BUFG (Prop_bufg_I_O)         0.026     0.336 r  matvecmul_design_i/ps7/inst/buffer_fclk_clk_0.FCLK_CLK_0_BUFG/O
                         net (fo=5456, routed)        0.592     0.928    matvecmul_design_i/axi_mem_intercon/m00_couplers/auto_pc/inst/gen_axi4_axi3.axi3_conv_inst/USE_WRITE.write_addr_inst/aclk
    SLICE_X24Y49         FDRE                                         r  matvecmul_design_i/axi_mem_intercon/m00_couplers/auto_pc/inst/gen_axi4_axi3.axi3_conv_inst/USE_WRITE.write_addr_inst/S_AXI_ABURST_Q_reg[0]/C
  -------------------------------------------------------------------    -------------------
    SLICE_X24Y49         FDRE (Prop_fdre_C_Q)         0.141     1.069 r  matvecmul_design_i/axi_mem_intercon/m00_couplers/auto_pc/inst/gen_axi4_axi3.axi3_conv_inst/USE_WRITE.write_addr_inst/S_AXI_ABURST_Q_reg[0]/Q
                         net (fo=1, routed)           0.293     1.362    matvecmul_design_i/ps7/inst/S_AXI_HP0_AWBURST[0]
    PS7_X0Y0             PS7                                          r  matvecmul_design_i/ps7/inst/PS7_i/SAXIHP0AWBURST[0]
  -------------------------------------------------------------------    -------------------

                         (clock clk_fpga_0 rise edge)
                                                      0.000     0.000 r  
    PS7_X0Y0             PS7                          0.000     0.000 r  matvecmul_design_i/ps7/inst/PS7_i/FCLKCLK[0]
                         net (fo=1, routed)           0.337     0.337    matvecmul_design_i/ps7/inst/FCLK_CLK_unbuffered[0]
    BUFGCTRL_X0Y16       BUFG (Prop_bufg_I_O)         0.029     0.366 r  matvecmul_design_i/ps7/inst/buffer_fclk_clk_0.FCLK_CLK_0_BUFG/O
                         net (fo=5456, routed)        0.968     1.334    matvecmul_design_i/ps7/inst/S_AXI_HP0_ACLK
    PS7_X0Y0             PS7                                          r  matvecmul_design_i/ps7/inst/PS7_i/SAXIHP0ACLK
                         clock pessimism             -0.030     1.304    
    PS7_X0Y0             PS7 (Hold_ps7_SAXIHP0ACLK_SAXIHP0AWBURST[0])
                                                      0.000     1.304    matvecmul_design_i/ps7/inst/PS7_i
  -------------------------------------------------------------------
                         required time                         -1.304    
                         arrival time                           1.362    
  -------------------------------------------------------------------
                         slack                                  0.057    

Slack (MET) :             0.058ns  (arrival time - required time)
  Source:                 matvecmul_design_i/matVecMul_0/inst/grp_matVecMul_Pipeline_matmul_inner_loop_fu_278/icmp_ln52_1_reg_814_pp0_iter3_reg_reg[0]/C
                            (rising edge-triggered cell FDRE clocked by clk_fpga_0  {rise@0.000ns fall@5.000ns period=10.000ns})
  Destination:            matvecmul_design_i/matVecMul_0/inst/grp_matVecMul_Pipeline_matmul_inner_loop_fu_278/icmp_ln52_1_reg_814_pp0_iter4_reg_reg[0]/D
                            (rising edge-triggered cell FDRE clocked by clk_fpga_0  {rise@0.000ns fall@5.000ns period=10.000ns})
  Path Group:             clk_fpga_0
  Path Type:              Hold (Min at Fast Process Corner)
  Requirement:            0.000ns  (clk_fpga_0 rise@0.000ns - clk_fpga_0 rise@0.000ns)
  Data Path Delay:        0.374ns  (logic 0.141ns (37.666%)  route 0.233ns (62.334%))
  Logic Levels:           0  
  Clock Path Skew:        0.256ns (DCD - SCD - CPR)
    Destination Clock Delay (DCD):    1.173ns
    Source Clock Delay      (SCD):    0.882ns
    Clock Pessimism Removal (CPR):    0.035ns

    Location             Delay type                Incr(ns)  Path(ns)    Netlist Resource(s)
  -------------------------------------------------------------------    -------------------
                         (clock clk_fpga_0 rise edge)
                                                      0.000     0.000 r  
    PS7_X0Y0             PS7                          0.000     0.000 r  matvecmul_design_i/ps7/inst/PS7_i/FCLKCLK[0]
                         net (fo=1, routed)           0.310     0.310    matvecmul_design_i/ps7/inst/FCLK_CLK_unbuffered[0]
    BUFGCTRL_X0Y16       BUFG (Prop_bufg_I_O)         0.026     0.336 r  matvecmul_design_i/ps7/inst/buffer_fclk_clk_0.FCLK_CLK_0_BUFG/O
                         net (fo=5456, routed)        0.546     0.882    matvecmul_design_i/matVecMul_0/inst/grp_matVecMul_Pipeline_matmul_inner_loop_fu_278/ap_clk
    SLICE_X49Y79         FDRE                                         r  matvecmul_design_i/matVecMul_0/inst/grp_matVecMul_Pipeline_matmul_inner_loop_fu_278/icmp_ln52_1_reg_814_pp0_iter3_reg_reg[0]/C
  -------------------------------------------------------------------    -------------------
    SLICE_X49Y79         FDRE (Prop_fdre_C_Q)         0.141     1.023 r  matvecmul_design_i/matVecMul_0/inst/grp_matVecMul_Pipeline_matmul_inner_loop_fu_278/icmp_ln52_1_reg_814_pp0_iter3_reg_reg[0]/Q
                         net (fo=4, routed)           0.233     1.256    matvecmul_design_i/matVecMul_0/inst/grp_matVecMul_Pipeline_matmul_inner_loop_fu_278/icmp_ln52_1_reg_814_pp0_iter3_reg
    SLICE_X50Y77         FDRE                                         r  matvecmul_design_i/matVecMul_0/inst/grp_matVecMul_Pipeline_matmul_inner_loop_fu_278/icmp_ln52_1_reg_814_pp0_iter4_reg_reg[0]/D
  -------------------------------------------------------------------    -------------------

                         (clock clk_fpga_0 rise edge)
                                                      0.000     0.000 r  
    PS7_X0Y0             PS7                          0.000     0.000 r  matvecmul_design_i/ps7/inst/PS7_i/FCLKCLK[0]
                         net (fo=1, routed)           0.337     0.337    matvecmul_design_i/ps7/inst/FCLK_CLK_unbuffered[0]
    BUFGCTRL_X0Y16       BUFG (Prop_bufg_I_O)         0.029     0.366 r  matvecmul_design_i/ps7/inst/buffer_fclk_clk_0.FCLK_CLK_0_BUFG/O
                         net (fo=5456, routed)        0.807     1.173    matvecmul_design_i/matVecMul_0/inst/grp_matVecMul_Pipeline_matmul_inner_loop_fu_278/ap_clk
    SLICE_X50Y77         FDRE                                         r  matvecmul_design_i/matVecMul_0/inst/grp_matVecMul_Pipeline_matmul_inner_loop_fu_278/icmp_ln52_1_reg_814_pp0_iter4_reg_reg[0]/C
                         clock pessimism             -0.035     1.138    
    SLICE_X50Y77         FDRE (Hold_fdre_C_D)         0.060     1.198    matvecmul_design_i/matVecMul_0/inst/grp_matVecMul_Pipeline_matmul_inner_loop_fu_278/icmp_ln52_1_reg_814_pp0_iter4_reg_reg[0]
  -------------------------------------------------------------------
                         required time                         -1.198    
                         arrival time                           1.256    
  -------------------------------------------------------------------
                         slack                                  0.058    

Slack (MET) :             0.060ns  (arrival time - required time)
  Source:                 matvecmul_design_i/axi_mem_intercon/m00_couplers/auto_pc/inst/gen_axi4_axi3.axi3_conv_inst/USE_WRITE.write_addr_inst/first_step_q_reg[4]/C
                            (rising edge-triggered cell FDRE clocked by clk_fpga_0  {rise@0.000ns fall@5.000ns period=10.000ns})
  Destination:            matvecmul_design_i/axi_mem_intercon/m00_couplers/auto_pc/inst/gen_axi4_axi3.axi3_conv_inst/USE_WRITE.write_addr_inst/next_mi_addr_reg[4]/D
                            (rising edge-triggered cell FDRE clocked by clk_fpga_0  {rise@0.000ns fall@5.000ns period=10.000ns})
  Path Group:             clk_fpga_0
  Path Type:              Hold (Min at Fast Process Corner)
  Requirement:            0.000ns  (clk_fpga_0 rise@0.000ns - clk_fpga_0 rise@0.000ns)
  Data Path Delay:        0.419ns  (logic 0.256ns (61.072%)  route 0.163ns (38.928%))
  Logic Levels:           2  (CARRY4=1 LUT4=1)
  Clock Path Skew:        0.254ns (DCD - SCD - CPR)
    Destination Clock Delay (DCD):    1.211ns
    Source Clock Delay      (SCD):    0.927ns
    Clock Pessimism Removal (CPR):    0.030ns

    Location             Delay type                Incr(ns)  Path(ns)    Netlist Resource(s)
  -------------------------------------------------------------------    -------------------
                         (clock clk_fpga_0 rise edge)
                                                      0.000     0.000 r  
    PS7_X0Y0             PS7                          0.000     0.000 r  matvecmul_design_i/ps7/inst/PS7_i/FCLKCLK[0]
                         net (fo=1, routed)           0.310     0.310    matvecmul_design_i/ps7/inst/FCLK_CLK_unbuffered[0]
    BUFGCTRL_X0Y16       BUFG (Prop_bufg_I_O)         0.026     0.336 r  matvecmul_design_i/ps7/inst/buffer_fclk_clk_0.FCLK_CLK_0_BUFG/O
                         net (fo=5456, routed)        0.591     0.927    matvecmul_design_i/axi_mem_intercon/m00_couplers/auto_pc/inst/gen_axi4_axi3.axi3_conv_inst/USE_WRITE.write_addr_inst/aclk
    SLICE_X28Y48         FDRE                                         r  matvecmul_design_i/axi_mem_intercon/m00_couplers/auto_pc/inst/gen_axi4_axi3.axi3_conv_inst/USE_WRITE.write_addr_inst/first_step_q_reg[4]/C
  -------------------------------------------------------------------    -------------------
    SLICE_X28Y48         FDRE (Prop_fdre_C_Q)         0.141     1.068 r  matvecmul_design_i/axi_mem_intercon/m00_couplers/auto_pc/inst/gen_axi4_axi3.axi3_conv_inst/USE_WRITE.write_addr_inst/first_step_q_reg[4]/Q
                         net (fo=1, routed)           0.163     1.231    matvecmul_design_i/axi_mem_intercon/m00_couplers/auto_pc/inst/gen_axi4_axi3.axi3_conv_inst/USE_WRITE.write_addr_inst/first_step_q[4]
    SLICE_X28Y50         LUT4 (Prop_lut4_I3_O)        0.045     1.276 r  matvecmul_design_i/axi_mem_intercon/m00_couplers/auto_pc/inst/gen_axi4_axi3.axi3_conv_inst/USE_WRITE.write_addr_inst/next_mi_addr[7]_i_5/O
                         net (fo=1, routed)           0.000     1.276    matvecmul_design_i/axi_mem_intercon/m00_couplers/auto_pc/inst/gen_axi4_axi3.axi3_conv_inst/USE_WRITE.write_addr_inst/next_mi_addr[7]_i_5_n_0
    SLICE_X28Y50         CARRY4 (Prop_carry4_S[0]_O[0])
                                                      0.070     1.346 r  matvecmul_design_i/axi_mem_intercon/m00_couplers/auto_pc/inst/gen_axi4_axi3.axi3_conv_inst/USE_WRITE.write_addr_inst/next_mi_addr_reg[7]_i_1/O[0]
                         net (fo=1, routed)           0.000     1.346    matvecmul_design_i/axi_mem_intercon/m00_couplers/auto_pc/inst/gen_axi4_axi3.axi3_conv_inst/USE_WRITE.write_addr_inst/p_0_in[4]
    SLICE_X28Y50         FDRE                                         r  matvecmul_design_i/axi_mem_intercon/m00_couplers/auto_pc/inst/gen_axi4_axi3.axi3_conv_inst/USE_WRITE.write_addr_inst/next_mi_addr_reg[4]/D
  -------------------------------------------------------------------    -------------------

                         (clock clk_fpga_0 rise edge)
                                                      0.000     0.000 r  
    PS7_X0Y0             PS7                          0.000     0.000 r  matvecmul_design_i/ps7/inst/PS7_i/FCLKCLK[0]
                         net (fo=1, routed)           0.337     0.337    matvecmul_design_i/ps7/inst/FCLK_CLK_unbuffered[0]
    BUFGCTRL_X0Y16       BUFG (Prop_bufg_I_O)         0.029     0.366 r  matvecmul_design_i/ps7/inst/buffer_fclk_clk_0.FCLK_CLK_0_BUFG/O
                         net (fo=5456, routed)        0.845     1.211    matvecmul_design_i/axi_mem_intercon/m00_couplers/auto_pc/inst/gen_axi4_axi3.axi3_conv_inst/USE_WRITE.write_addr_inst/aclk
    SLICE_X28Y50         FDRE                                         r  matvecmul_design_i/axi_mem_intercon/m00_couplers/auto_pc/inst/gen_axi4_axi3.axi3_conv_inst/USE_WRITE.write_addr_inst/next_mi_addr_reg[4]/C
                         clock pessimism             -0.030     1.181    
    SLICE_X28Y50         FDRE (Hold_fdre_C_D)         0.105     1.286    matvecmul_design_i/axi_mem_intercon/m00_couplers/auto_pc/inst/gen_axi4_axi3.axi3_conv_inst/USE_WRITE.write_addr_inst/next_mi_addr_reg[4]
  -------------------------------------------------------------------
                         required time                         -1.286    
                         arrival time                           1.346    
  -------------------------------------------------------------------
                         slack                                  0.060    

Slack (MET) :             0.060ns  (arrival time - required time)
  Source:                 matvecmul_design_i/matVecMul_0/inst/grp_matVecMul_Pipeline_matmul_inner_loop_fu_278/select_ln340_2_reg_920_reg[29]/C
                            (rising edge-triggered cell FDSE clocked by clk_fpga_0  {rise@0.000ns fall@5.000ns period=10.000ns})
  Destination:            matvecmul_design_i/matVecMul_0/inst/select_ln340_2_loc_fu_184_reg[29]/D
                            (rising edge-triggered cell FDRE clocked by clk_fpga_0  {rise@0.000ns fall@5.000ns period=10.000ns})
  Path Group:             clk_fpga_0
  Path Type:              Hold (Min at Fast Process Corner)
  Requirement:            0.000ns  (clk_fpga_0 rise@0.000ns - clk_fpga_0 rise@0.000ns)
  Data Path Delay:        0.387ns  (logic 0.164ns (42.348%)  route 0.223ns (57.652%))
  Logic Levels:           0  
  Clock Path Skew:        0.257ns (DCD - SCD - CPR)
    Destination Clock Delay (DCD):    1.171ns
    Source Clock Delay      (SCD):    0.879ns
    Clock Pessimism Removal (CPR):    0.035ns

    Location             Delay type                Incr(ns)  Path(ns)    Netlist Resource(s)
  -------------------------------------------------------------------    -------------------
                         (clock clk_fpga_0 rise edge)
                                                      0.000     0.000 r  
    PS7_X0Y0             PS7                          0.000     0.000 r  matvecmul_design_i/ps7/inst/PS7_i/FCLKCLK[0]
                         net (fo=1, routed)           0.310     0.310    matvecmul_design_i/ps7/inst/FCLK_CLK_unbuffered[0]
    BUFGCTRL_X0Y16       BUFG (Prop_bufg_I_O)         0.026     0.336 r  matvecmul_design_i/ps7/inst/buffer_fclk_clk_0.FCLK_CLK_0_BUFG/O
                         net (fo=5456, routed)        0.543     0.879    matvecmul_design_i/matVecMul_0/inst/grp_matVecMul_Pipeline_matmul_inner_loop_fu_278/ap_clk
    SLICE_X46Y74         FDSE                                         r  matvecmul_design_i/matVecMul_0/inst/grp_matVecMul_Pipeline_matmul_inner_loop_fu_278/select_ln340_2_reg_920_reg[29]/C
  -------------------------------------------------------------------    -------------------
    SLICE_X46Y74         FDSE (Prop_fdse_C_Q)         0.164     1.043 r  matvecmul_design_i/matVecMul_0/inst/grp_matVecMul_Pipeline_matmul_inner_loop_fu_278/select_ln340_2_reg_920_reg[29]/Q
                         net (fo=1, routed)           0.223     1.266    matvecmul_design_i/matVecMul_0/inst/grp_matVecMul_Pipeline_matmul_inner_loop_fu_278_select_ln340_2_out[29]
    SLICE_X52Y73         FDRE                                         r  matvecmul_design_i/matVecMul_0/inst/select_ln340_2_loc_fu_184_reg[29]/D
  -------------------------------------------------------------------    -------------------

                         (clock clk_fpga_0 rise edge)
                                                      0.000     0.000 r  
    PS7_X0Y0             PS7                          0.000     0.000 r  matvecmul_design_i/ps7/inst/PS7_i/FCLKCLK[0]
                         net (fo=1, routed)           0.337     0.337    matvecmul_design_i/ps7/inst/FCLK_CLK_unbuffered[0]
    BUFGCTRL_X0Y16       BUFG (Prop_bufg_I_O)         0.029     0.366 r  matvecmul_design_i/ps7/inst/buffer_fclk_clk_0.FCLK_CLK_0_BUFG/O
                         net (fo=5456, routed)        0.805     1.171    matvecmul_design_i/matVecMul_0/inst/ap_clk
    SLICE_X52Y73         FDRE                                         r  matvecmul_design_i/matVecMul_0/inst/select_ln340_2_loc_fu_184_reg[29]/C
                         clock pessimism             -0.035     1.136    
    SLICE_X52Y73         FDRE (Hold_fdre_C_D)         0.070     1.206    matvecmul_design_i/matVecMul_0/inst/select_ln340_2_loc_fu_184_reg[29]
  -------------------------------------------------------------------
                         required time                         -1.206    
                         arrival time                           1.266    
  -------------------------------------------------------------------
                         slack                                  0.060    





Pulse Width Checks
--------------------------------------------------------------------------------------
Clock Name:         clk_fpga_0
Waveform(ns):       { 0.000 5.000 }
Period(ns):         10.000
Sources:            { matvecmul_design_i/ps7/inst/PS7_i/FCLKCLK[0] }

Check Type        Corner  Lib Pin             Reference Pin  Required(ns)  Actual(ns)  Slack(ns)  Location      Pin
Min Period        n/a     RAMB36E1/CLKARDCLK  n/a            2.944         10.000      7.056      RAMB36_X2Y14  matvecmul_design_i/matVecMul_0/inst/control_s_axi_U/int_A_0/mem_reg/CLKARDCLK
Min Period        n/a     RAMB36E1/CLKARDCLK  n/a            2.944         10.000      7.056      RAMB36_X2Y12  matvecmul_design_i/matVecMul_0/inst/control_s_axi_U/int_A_1/mem_reg/CLKARDCLK
Min Period        n/a     RAMB36E1/CLKARDCLK  n/a            2.944         10.000      7.056      RAMB36_X2Y13  matvecmul_design_i/matVecMul_0/inst/control_s_axi_U/int_A_2/mem_reg/CLKARDCLK
Min Period        n/a     RAMB36E1/CLKARDCLK  n/a            2.944         10.000      7.056      RAMB36_X2Y11  matvecmul_design_i/matVecMul_0/inst/control_s_axi_U/int_A_3/mem_reg/CLKARDCLK
Min Period        n/a     RAMB36E1/CLKARDCLK  n/a            2.576         10.000      7.424      RAMB36_X1Y8   matvecmul_design_i/axi_dma_0/U0/I_PRMRY_DATAMOVER/GEN_MM2S_FULL.I_MM2S_FULL_WRAPPER/GEN_INCLUDE_MM2S_SF.I_RD_SF/I_DATA_FIFO/BLK_MEM.I_SYNC_FIFOGEN_FIFO/xpm_fifo_instance.xpm_fifo_sync_inst/xpm_fifo_base_inst/gen_sdpram.xpm_memory_base_inst/gen_wr_a.gen_word_narrow.mem_reg_0/CLKARDCLK
Min Period        n/a     RAMB36E1/CLKBWRCLK  n/a            2.576         10.000      7.424      RAMB36_X1Y8   matvecmul_design_i/axi_dma_0/U0/I_PRMRY_DATAMOVER/GEN_MM2S_FULL.I_MM2S_FULL_WRAPPER/GEN_INCLUDE_MM2S_SF.I_RD_SF/I_DATA_FIFO/BLK_MEM.I_SYNC_FIFOGEN_FIFO/xpm_fifo_instance.xpm_fifo_sync_inst/xpm_fifo_base_inst/gen_sdpram.xpm_memory_base_inst/gen_wr_a.gen_word_narrow.mem_reg_0/CLKBWRCLK
Min Period        n/a     RAMB18E1/CLKARDCLK  n/a            2.576         10.000      7.424      RAMB18_X1Y14  matvecmul_design_i/axi_dma_0/U0/I_PRMRY_DATAMOVER/GEN_MM2S_FULL.I_MM2S_FULL_WRAPPER/GEN_INCLUDE_MM2S_SF.I_RD_SF/I_DATA_FIFO/BLK_MEM.I_SYNC_FIFOGEN_FIFO/xpm_fifo_instance.xpm_fifo_sync_inst/xpm_fifo_base_inst/gen_sdpram.xpm_memory_base_inst/gen_wr_a.gen_word_narrow.mem_reg_2/CLKARDCLK
Min Period        n/a     RAMB18E1/CLKBWRCLK  n/a            2.576         10.000      7.424      RAMB18_X1Y14  matvecmul_design_i/axi_dma_0/U0/I_PRMRY_DATAMOVER/GEN_MM2S_FULL.I_MM2S_FULL_WRAPPER/GEN_INCLUDE_MM2S_SF.I_RD_SF/I_DATA_FIFO/BLK_MEM.I_SYNC_FIFOGEN_FIFO/xpm_fifo_instance.xpm_fifo_sync_inst/xpm_fifo_base_inst/gen_sdpram.xpm_memory_base_inst/gen_wr_a.gen_word_narrow.mem_reg_2/CLKBWRCLK
Min Period        n/a     RAMB36E1/CLKARDCLK  n/a            2.576         10.000      7.424      RAMB36_X3Y7   matvecmul_design_i/axi_dma_0/U0/I_PRMRY_DATAMOVER/GEN_S2MM_FULL.I_S2MM_FULL_WRAPPER/GEN_ENABLE_INDET_BTT_SF.I_INDET_BTT/I_DATA_FIFO/BLK_MEM.I_SYNC_FIFOGEN_FIFO/xpm_fifo_instance.xpm_fifo_sync_inst/xpm_fifo_base_inst/gen_sdpram.xpm_memory_base_inst/gen_wr_a.gen_word_narrow.mem_reg_0/CLKARDCLK
Min Period        n/a     RAMB36E1/CLKBWRCLK  n/a            2.576         10.000      7.424      RAMB36_X3Y7   matvecmul_design_i/axi_dma_0/U0/I_PRMRY_DATAMOVER/GEN_S2MM_FULL.I_S2MM_FULL_WRAPPER/GEN_ENABLE_INDET_BTT_SF.I_INDET_BTT/I_DATA_FIFO/BLK_MEM.I_SYNC_FIFOGEN_FIFO/xpm_fifo_instance.xpm_fifo_sync_inst/xpm_fifo_base_inst/gen_sdpram.xpm_memory_base_inst/gen_wr_a.gen_word_narrow.mem_reg_0/CLKBWRCLK
Low Pulse Width   Slow    RAMD32/CLK          n/a            1.250         5.000       3.750      SLICE_X54Y43  matvecmul_design_i/axi_dma_0/U0/I_PRMRY_DATAMOVER/GEN_S2MM_FULL.I_S2MM_FULL_WRAPPER/GEN_ENABLE_INDET_BTT_SF.I_INDET_BTT/I_XD_FIFO/NON_BLK_MEM.I_SYNC_FIFOGEN_FIFO/xpm_fifo_instance.xpm_fifo_sync_inst/xpm_fifo_base_inst/gen_sdpram.xpm_memory_base_inst/gen_wr_a.gen_word_narrow.mem_reg_0_15_0_5/RAMA/CLK
Low Pulse Width   Fast    RAMD32/CLK          n/a            1.250         5.000       3.750      SLICE_X54Y43  matvecmul_design_i/axi_dma_0/U0/I_PRMRY_DATAMOVER/GEN_S2MM_FULL.I_S2MM_FULL_WRAPPER/GEN_ENABLE_INDET_BTT_SF.I_INDET_BTT/I_XD_FIFO/NON_BLK_MEM.I_SYNC_FIFOGEN_FIFO/xpm_fifo_instance.xpm_fifo_sync_inst/xpm_fifo_base_inst/gen_sdpram.xpm_memory_base_inst/gen_wr_a.gen_word_narrow.mem_reg_0_15_0_5/RAMA/CLK
Low Pulse Width   Slow    RAMD32/CLK          n/a            1.250         5.000       3.750      SLICE_X54Y43  matvecmul_design_i/axi_dma_0/U0/I_PRMRY_DATAMOVER/GEN_S2MM_FULL.I_S2MM_FULL_WRAPPER/GEN_ENABLE_INDET_BTT_SF.I_INDET_BTT/I_XD_FIFO/NON_BLK_MEM.I_SYNC_FIFOGEN_FIFO/xpm_fifo_instance.xpm_fifo_sync_inst/xpm_fifo_base_inst/gen_sdpram.xpm_memory_base_inst/gen_wr_a.gen_word_narrow.mem_reg_0_15_0_5/RAMA_D1/CLK
Low Pulse Width   Fast    RAMD32/CLK          n/a            1.250         5.000       3.750      SLICE_X54Y43  matvecmul_design_i/axi_dma_0/U0/I_PRMRY_DATAMOVER/GEN_S2MM_FULL.I_S2MM_FULL_WRAPPER/GEN_ENABLE_INDET_BTT_SF.I_INDET_BTT/I_XD_FIFO/NON_BLK_MEM.I_SYNC_FIFOGEN_FIFO/xpm_fifo_instance.xpm_fifo_sync_inst/xpm_fifo_base_inst/gen_sdpram.xpm_memory_base_inst/gen_wr_a.gen_word_narrow.mem_reg_0_15_0_5/RAMA_D1/CLK
Low Pulse Width   Slow    RAMD32/CLK          n/a            1.250         5.000       3.750      SLICE_X54Y43  matvecmul_design_i/axi_dma_0/U0/I_PRMRY_DATAMOVER/GEN_S2MM_FULL.I_S2MM_FULL_WRAPPER/GEN_ENABLE_INDET_BTT_SF.I_INDET_BTT/I_XD_FIFO/NON_BLK_MEM.I_SYNC_FIFOGEN_FIFO/xpm_fifo_instance.xpm_fifo_sync_inst/xpm_fifo_base_inst/gen_sdpram.xpm_memory_base_inst/gen_wr_a.gen_word_narrow.mem_reg_0_15_0_5/RAMB/CLK
Low Pulse Width   Fast    RAMD32/CLK          n/a            1.250         5.000       3.750      SLICE_X54Y43  matvecmul_design_i/axi_dma_0/U0/I_PRMRY_DATAMOVER/GEN_S2MM_FULL.I_S2MM_FULL_WRAPPER/GEN_ENABLE_INDET_BTT_SF.I_INDET_BTT/I_XD_FIFO/NON_BLK_MEM.I_SYNC_FIFOGEN_FIFO/xpm_fifo_instance.xpm_fifo_sync_inst/xpm_fifo_base_inst/gen_sdpram.xpm_memory_base_inst/gen_wr_a.gen_word_narrow.mem_reg_0_15_0_5/RAMB/CLK
Low Pulse Width   Slow    RAMD32/CLK          n/a            1.250         5.000       3.750      SLICE_X54Y43  matvecmul_design_i/axi_dma_0/U0/I_PRMRY_DATAMOVER/GEN_S2MM_FULL.I_S2MM_FULL_WRAPPER/GEN_ENABLE_INDET_BTT_SF.I_INDET_BTT/I_XD_FIFO/NON_BLK_MEM.I_SYNC_FIFOGEN_FIFO/xpm_fifo_instance.xpm_fifo_sync_inst/xpm_fifo_base_inst/gen_sdpram.xpm_memory_base_inst/gen_wr_a.gen_word_narrow.mem_reg_0_15_0_5/RAMB_D1/CLK
Low Pulse Width   Fast    RAMD32/CLK          n/a            1.250         5.000       3.750      SLICE_X54Y43  matvecmul_design_i/axi_dma_0/U0/I_PRMRY_DATAMOVER/GEN_S2MM_FULL.I_S2MM_FULL_WRAPPER/GEN_ENABLE_INDET_BTT_SF.I_INDET_BTT/I_XD_FIFO/NON_BLK_MEM.I_SYNC_FIFOGEN_FIFO/xpm_fifo_instance.xpm_fifo_sync_inst/xpm_fifo_base_inst/gen_sdpram.xpm_memory_base_inst/gen_wr_a.gen_word_narrow.mem_reg_0_15_0_5/RAMB_D1/CLK
Low Pulse Width   Slow    RAMD32/CLK          n/a            1.250         5.000       3.750      SLICE_X54Y43  matvecmul_design_i/axi_dma_0/U0/I_PRMRY_DATAMOVER/GEN_S2MM_FULL.I_S2MM_FULL_WRAPPER/GEN_ENABLE_INDET_BTT_SF.I_INDET_BTT/I_XD_FIFO/NON_BLK_MEM.I_SYNC_FIFOGEN_FIFO/xpm_fifo_instance.xpm_fifo_sync_inst/xpm_fifo_base_inst/gen_sdpram.xpm_memory_base_inst/gen_wr_a.gen_word_narrow.mem_reg_0_15_0_5/RAMC/CLK
Low Pulse Width   Fast    RAMD32/CLK          n/a            1.250         5.000       3.750      SLICE_X54Y43  matvecmul_design_i/axi_dma_0/U0/I_PRMRY_DATAMOVER/GEN_S2MM_FULL.I_S2MM_FULL_WRAPPER/GEN_ENABLE_INDET_BTT_SF.I_INDET_BTT/I_XD_FIFO/NON_BLK_MEM.I_SYNC_FIFOGEN_FIFO/xpm_fifo_instance.xpm_fifo_sync_inst/xpm_fifo_base_inst/gen_sdpram.xpm_memory_base_inst/gen_wr_a.gen_word_narrow.mem_reg_0_15_0_5/RAMC/CLK
High Pulse Width  Slow    RAMD32/CLK          n/a            1.250         5.000       3.750      SLICE_X54Y43  matvecmul_design_i/axi_dma_0/U0/I_PRMRY_DATAMOVER/GEN_S2MM_FULL.I_S2MM_FULL_WRAPPER/GEN_ENABLE_INDET_BTT_SF.I_INDET_BTT/I_XD_FIFO/NON_BLK_MEM.I_SYNC_FIFOGEN_FIFO/xpm_fifo_instance.xpm_fifo_sync_inst/xpm_fifo_base_inst/gen_sdpram.xpm_memory_base_inst/gen_wr_a.gen_word_narrow.mem_reg_0_15_0_5/RAMA/CLK
High Pulse Width  Fast    RAMD32/CLK          n/a            1.250         5.000       3.750      SLICE_X54Y43  matvecmul_design_i/axi_dma_0/U0/I_PRMRY_DATAMOVER/GEN_S2MM_FULL.I_S2MM_FULL_WRAPPER/GEN_ENABLE_INDET_BTT_SF.I_INDET_BTT/I_XD_FIFO/NON_BLK_MEM.I_SYNC_FIFOGEN_FIFO/xpm_fifo_instance.xpm_fifo_sync_inst/xpm_fifo_base_inst/gen_sdpram.xpm_memory_base_inst/gen_wr_a.gen_word_narrow.mem_reg_0_15_0_5/RAMA/CLK
High Pulse Width  Slow    RAMD32/CLK          n/a            1.250         5.000       3.750      SLICE_X54Y43  matvecmul_design_i/axi_dma_0/U0/I_PRMRY_DATAMOVER/GEN_S2MM_FULL.I_S2MM_FULL_WRAPPER/GEN_ENABLE_INDET_BTT_SF.I_INDET_BTT/I_XD_FIFO/NON_BLK_MEM.I_SYNC_FIFOGEN_FIFO/xpm_fifo_instance.xpm_fifo_sync_inst/xpm_fifo_base_inst/gen_sdpram.xpm_memory_base_inst/gen_wr_a.gen_word_narrow.mem_reg_0_15_0_5/RAMA_D1/CLK
High Pulse Width  Fast    RAMD32/CLK          n/a            1.250         5.000       3.750      SLICE_X54Y43  matvecmul_design_i/axi_dma_0/U0/I_PRMRY_DATAMOVER/GEN_S2MM_FULL.I_S2MM_FULL_WRAPPER/GEN_ENABLE_INDET_BTT_SF.I_INDET_BTT/I_XD_FIFO/NON_BLK_MEM.I_SYNC_FIFOGEN_FIFO/xpm_fifo_instance.xpm_fifo_sync_inst/xpm_fifo_base_inst/gen_sdpram.xpm_memory_base_inst/gen_wr_a.gen_word_narrow.mem_reg_0_15_0_5/RAMA_D1/CLK
High Pulse Width  Slow    RAMD32/CLK          n/a            1.250         5.000       3.750      SLICE_X54Y43  matvecmul_design_i/axi_dma_0/U0/I_PRMRY_DATAMOVER/GEN_S2MM_FULL.I_S2MM_FULL_WRAPPER/GEN_ENABLE_INDET_BTT_SF.I_INDET_BTT/I_XD_FIFO/NON_BLK_MEM.I_SYNC_FIFOGEN_FIFO/xpm_fifo_instance.xpm_fifo_sync_inst/xpm_fifo_base_inst/gen_sdpram.xpm_memory_base_inst/gen_wr_a.gen_word_narrow.mem_reg_0_15_0_5/RAMB/CLK
High Pulse Width  Fast    RAMD32/CLK          n/a            1.250         5.000       3.750      SLICE_X54Y43  matvecmul_design_i/axi_dma_0/U0/I_PRMRY_DATAMOVER/GEN_S2MM_FULL.I_S2MM_FULL_WRAPPER/GEN_ENABLE_INDET_BTT_SF.I_INDET_BTT/I_XD_FIFO/NON_BLK_MEM.I_SYNC_FIFOGEN_FIFO/xpm_fifo_instance.xpm_fifo_sync_inst/xpm_fifo_base_inst/gen_sdpram.xpm_memory_base_inst/gen_wr_a.gen_word_narrow.mem_reg_0_15_0_5/RAMB/CLK
High Pulse Width  Slow    RAMD32/CLK          n/a            1.250         5.000       3.750      SLICE_X54Y43  matvecmul_design_i/axi_dma_0/U0/I_PRMRY_DATAMOVER/GEN_S2MM_FULL.I_S2MM_FULL_WRAPPER/GEN_ENABLE_INDET_BTT_SF.I_INDET_BTT/I_XD_FIFO/NON_BLK_MEM.I_SYNC_FIFOGEN_FIFO/xpm_fifo_instance.xpm_fifo_sync_inst/xpm_fifo_base_inst/gen_sdpram.xpm_memory_base_inst/gen_wr_a.gen_word_narrow.mem_reg_0_15_0_5/RAMB_D1/CLK
High Pulse Width  Fast    RAMD32/CLK          n/a            1.250         5.000       3.750      SLICE_X54Y43  matvecmul_design_i/axi_dma_0/U0/I_PRMRY_DATAMOVER/GEN_S2MM_FULL.I_S2MM_FULL_WRAPPER/GEN_ENABLE_INDET_BTT_SF.I_INDET_BTT/I_XD_FIFO/NON_BLK_MEM.I_SYNC_FIFOGEN_FIFO/xpm_fifo_instance.xpm_fifo_sync_inst/xpm_fifo_base_inst/gen_sdpram.xpm_memory_base_inst/gen_wr_a.gen_word_narrow.mem_reg_0_15_0_5/RAMB_D1/CLK
High Pulse Width  Slow    RAMD32/CLK          n/a            1.250         5.000       3.750      SLICE_X54Y43  matvecmul_design_i/axi_dma_0/U0/I_PRMRY_DATAMOVER/GEN_S2MM_FULL.I_S2MM_FULL_WRAPPER/GEN_ENABLE_INDET_BTT_SF.I_INDET_BTT/I_XD_FIFO/NON_BLK_MEM.I_SYNC_FIFOGEN_FIFO/xpm_fifo_instance.xpm_fifo_sync_inst/xpm_fifo_base_inst/gen_sdpram.xpm_memory_base_inst/gen_wr_a.gen_word_narrow.mem_reg_0_15_0_5/RAMC/CLK
High Pulse Width  Fast    RAMD32/CLK          n/a            1.250         5.000       3.750      SLICE_X54Y43  matvecmul_design_i/axi_dma_0/U0/I_PRMRY_DATAMOVER/GEN_S2MM_FULL.I_S2MM_FULL_WRAPPER/GEN_ENABLE_INDET_BTT_SF.I_INDET_BTT/I_XD_FIFO/NON_BLK_MEM.I_SYNC_FIFOGEN_FIFO/xpm_fifo_instance.xpm_fifo_sync_inst/xpm_fifo_base_inst/gen_sdpram.xpm_memory_base_inst/gen_wr_a.gen_word_narrow.mem_reg_0_15_0_5/RAMC/CLK



---------------------------------------------------------------------------------------------------
Path Group:  **async_default**
From Clock:  clk_fpga_0
  To Clock:  clk_fpga_0

Setup :            0  Failing Endpoints,  Worst Slack        6.811ns,  Total Violation        0.000ns
Hold  :            0  Failing Endpoints,  Worst Slack        0.563ns,  Total Violation        0.000ns
---------------------------------------------------------------------------------------------------


Max Delay Paths
--------------------------------------------------------------------------------------
Slack (MET) :             6.811ns  (required time - arrival time)
  Source:                 matvecmul_design_i/axi_mem_intercon/m00_couplers/auto_pc/inst/gen_axi4_axi3.axi3_conv_inst/USE_READ.USE_SPLIT_R.read_addr_inst/USE_R_CHANNEL.cmd_queue/inst/fifo_gen_inst/inst_fifo_gen/gconvfifo.rf/grf.rf/rstblk/ngwrdrst.grst.g7serrst.gnsckt_wrst.rst_wr_reg2_inst/arststages_ff_reg[1]/C
                            (rising edge-triggered cell FDPE clocked by clk_fpga_0  {rise@0.000ns fall@5.000ns period=10.000ns})
  Destination:            matvecmul_design_i/axi_mem_intercon/m00_couplers/auto_pc/inst/gen_axi4_axi3.axi3_conv_inst/USE_READ.USE_SPLIT_R.read_addr_inst/USE_R_CHANNEL.cmd_queue/inst/fifo_gen_inst/inst_fifo_gen/gconvfifo.rf/grf.rf/gntv_or_sync_fifo.gl0.wr/gwss.wsts/ram_full_fb_i_reg/CLR
                            (recovery check against rising-edge clock clk_fpga_0  {rise@0.000ns fall@5.000ns period=10.000ns})
  Path Group:             **async_default**
  Path Type:              Recovery (Max at Slow Process Corner)
  Requirement:            10.000ns  (clk_fpga_0 rise@10.000ns - clk_fpga_0 rise@0.000ns)
  Data Path Delay:        2.607ns  (logic 0.718ns (27.536%)  route 1.889ns (72.464%))
  Logic Levels:           1  (LUT3=1)
  Clock Path Skew:        -0.022ns (DCD - SCD + CPR)
    Destination Clock Delay (DCD):    2.759ns = ( 12.759 - 10.000 ) 
    Source Clock Delay      (SCD):    3.048ns
    Clock Pessimism Removal (CPR):    0.267ns
  Clock Uncertainty:      0.154ns  ((TSJ^2 + TIJ^2)^1/2 + DJ) / 2 + PE
    Total System Jitter     (TSJ):    0.071ns
    Total Input Jitter      (TIJ):    0.300ns
    Discrete Jitter          (DJ):    0.000ns
    Phase Error              (PE):    0.000ns

    Location             Delay type                Incr(ns)  Path(ns)    Netlist Resource(s)
  -------------------------------------------------------------------    -------------------
                         (clock clk_fpga_0 rise edge)
                                                      0.000     0.000 r  
    PS7_X0Y0             PS7                          0.000     0.000 r  matvecmul_design_i/ps7/inst/PS7_i/FCLKCLK[0]
                         net (fo=1, routed)           1.193     1.193    matvecmul_design_i/ps7/inst/FCLK_CLK_unbuffered[0]
    BUFGCTRL_X0Y16       BUFG (Prop_bufg_I_O)         0.101     1.294 r  matvecmul_design_i/ps7/inst/buffer_fclk_clk_0.FCLK_CLK_0_BUFG/O
                         net (fo=5456, routed)        1.754     3.048    matvecmul_design_i/axi_mem_intercon/m00_couplers/auto_pc/inst/gen_axi4_axi3.axi3_conv_inst/USE_READ.USE_SPLIT_R.read_addr_inst/USE_R_CHANNEL.cmd_queue/inst/fifo_gen_inst/inst_fifo_gen/gconvfifo.rf/grf.rf/rstblk/ngwrdrst.grst.g7serrst.gnsckt_wrst.rst_wr_reg2_inst/dest_clk
    SLICE_X15Y38         FDPE                                         r  matvecmul_design_i/axi_mem_intercon/m00_couplers/auto_pc/inst/gen_axi4_axi3.axi3_conv_inst/USE_READ.USE_SPLIT_R.read_addr_inst/USE_R_CHANNEL.cmd_queue/inst/fifo_gen_inst/inst_fifo_gen/gconvfifo.rf/grf.rf/rstblk/ngwrdrst.grst.g7serrst.gnsckt_wrst.rst_wr_reg2_inst/arststages_ff_reg[1]/C
  -------------------------------------------------------------------    -------------------
    SLICE_X15Y38         FDPE (Prop_fdpe_C_Q)         0.419     3.467 f  matvecmul_design_i/axi_mem_intercon/m00_couplers/auto_pc/inst/gen_axi4_axi3.axi3_conv_inst/USE_READ.USE_SPLIT_R.read_addr_inst/USE_R_CHANNEL.cmd_queue/inst/fifo_gen_inst/inst_fifo_gen/gconvfifo.rf/grf.rf/rstblk/ngwrdrst.grst.g7serrst.gnsckt_wrst.rst_wr_reg2_inst/arststages_ff_reg[1]/Q
                         net (fo=2, routed)           0.887     4.354    matvecmul_design_i/axi_mem_intercon/m00_couplers/auto_pc/inst/gen_axi4_axi3.axi3_conv_inst/USE_READ.USE_SPLIT_R.read_addr_inst/USE_R_CHANNEL.cmd_queue/inst/fifo_gen_inst/inst_fifo_gen/gconvfifo.rf/grf.rf/rstblk/rst_wr_reg2
    SLICE_X14Y38         LUT3 (Prop_lut3_I2_O)        0.299     4.653 f  matvecmul_design_i/axi_mem_intercon/m00_couplers/auto_pc/inst/gen_axi4_axi3.axi3_conv_inst/USE_READ.USE_SPLIT_R.read_addr_inst/USE_R_CHANNEL.cmd_queue/inst/fifo_gen_inst/inst_fifo_gen/gconvfifo.rf/grf.rf/rstblk/gpregsm1.curr_fwft_state[1]_i_2/O
                         net (fo=33, routed)          1.003     5.655    matvecmul_design_i/axi_mem_intercon/m00_couplers/auto_pc/inst/gen_axi4_axi3.axi3_conv_inst/USE_READ.USE_SPLIT_R.read_addr_inst/USE_R_CHANNEL.cmd_queue/inst/fifo_gen_inst/inst_fifo_gen/gconvfifo.rf/grf.rf/gntv_or_sync_fifo.gl0.wr/gwss.wsts/ram_full_i_reg_0
    SLICE_X13Y43         FDCE                                         f  matvecmul_design_i/axi_mem_intercon/m00_couplers/auto_pc/inst/gen_axi4_axi3.axi3_conv_inst/USE_READ.USE_SPLIT_R.read_addr_inst/USE_R_CHANNEL.cmd_queue/inst/fifo_gen_inst/inst_fifo_gen/gconvfifo.rf/grf.rf/gntv_or_sync_fifo.gl0.wr/gwss.wsts/ram_full_fb_i_reg/CLR
  -------------------------------------------------------------------    -------------------

                         (clock clk_fpga_0 rise edge)
                                                     10.000    10.000 r  
    PS7_X0Y0             PS7                          0.000    10.000 r  matvecmul_design_i/ps7/inst/PS7_i/FCLKCLK[0]
                         net (fo=1, routed)           1.088    11.088    matvecmul_design_i/ps7/inst/FCLK_CLK_unbuffered[0]
    BUFGCTRL_X0Y16       BUFG (Prop_bufg_I_O)         0.091    11.179 r  matvecmul_design_i/ps7/inst/buffer_fclk_clk_0.FCLK_CLK_0_BUFG/O
                         net (fo=5456, routed)        1.580    12.759    matvecmul_design_i/axi_mem_intercon/m00_couplers/auto_pc/inst/gen_axi4_axi3.axi3_conv_inst/USE_READ.USE_SPLIT_R.read_addr_inst/USE_R_CHANNEL.cmd_queue/inst/fifo_gen_inst/inst_fifo_gen/gconvfifo.rf/grf.rf/gntv_or_sync_fifo.gl0.wr/gwss.wsts/clk
    SLICE_X13Y43         FDCE                                         r  matvecmul_design_i/axi_mem_intercon/m00_couplers/auto_pc/inst/gen_axi4_axi3.axi3_conv_inst/USE_READ.USE_SPLIT_R.read_addr_inst/USE_R_CHANNEL.cmd_queue/inst/fifo_gen_inst/inst_fifo_gen/gconvfifo.rf/grf.rf/gntv_or_sync_fifo.gl0.wr/gwss.wsts/ram_full_fb_i_reg/C
                         clock pessimism              0.267    13.026    
                         clock uncertainty           -0.154    12.872    
    SLICE_X13Y43         FDCE (Recov_fdce_C_CLR)     -0.405    12.467    matvecmul_design_i/axi_mem_intercon/m00_couplers/auto_pc/inst/gen_axi4_axi3.axi3_conv_inst/USE_READ.USE_SPLIT_R.read_addr_inst/USE_R_CHANNEL.cmd_queue/inst/fifo_gen_inst/inst_fifo_gen/gconvfifo.rf/grf.rf/gntv_or_sync_fifo.gl0.wr/gwss.wsts/ram_full_fb_i_reg
  -------------------------------------------------------------------
                         required time                         12.467    
                         arrival time                          -5.655    
  -------------------------------------------------------------------
                         slack                                  6.811    

Slack (MET) :             6.811ns  (required time - arrival time)
  Source:                 matvecmul_design_i/axi_mem_intercon/m00_couplers/auto_pc/inst/gen_axi4_axi3.axi3_conv_inst/USE_READ.USE_SPLIT_R.read_addr_inst/USE_R_CHANNEL.cmd_queue/inst/fifo_gen_inst/inst_fifo_gen/gconvfifo.rf/grf.rf/rstblk/ngwrdrst.grst.g7serrst.gnsckt_wrst.rst_wr_reg2_inst/arststages_ff_reg[1]/C
                            (rising edge-triggered cell FDPE clocked by clk_fpga_0  {rise@0.000ns fall@5.000ns period=10.000ns})
  Destination:            matvecmul_design_i/axi_mem_intercon/m00_couplers/auto_pc/inst/gen_axi4_axi3.axi3_conv_inst/USE_READ.USE_SPLIT_R.read_addr_inst/USE_R_CHANNEL.cmd_queue/inst/fifo_gen_inst/inst_fifo_gen/gconvfifo.rf/grf.rf/gntv_or_sync_fifo.gl0.wr/gwss.wsts/ram_full_i_reg/CLR
                            (recovery check against rising-edge clock clk_fpga_0  {rise@0.000ns fall@5.000ns period=10.000ns})
  Path Group:             **async_default**
  Path Type:              Recovery (Max at Slow Process Corner)
  Requirement:            10.000ns  (clk_fpga_0 rise@10.000ns - clk_fpga_0 rise@0.000ns)
  Data Path Delay:        2.607ns  (logic 0.718ns (27.536%)  route 1.889ns (72.464%))
  Logic Levels:           1  (LUT3=1)
  Clock Path Skew:        -0.022ns (DCD - SCD + CPR)
    Destination Clock Delay (DCD):    2.759ns = ( 12.759 - 10.000 ) 
    Source Clock Delay      (SCD):    3.048ns
    Clock Pessimism Removal (CPR):    0.267ns
  Clock Uncertainty:      0.154ns  ((TSJ^2 + TIJ^2)^1/2 + DJ) / 2 + PE
    Total System Jitter     (TSJ):    0.071ns
    Total Input Jitter      (TIJ):    0.300ns
    Discrete Jitter          (DJ):    0.000ns
    Phase Error              (PE):    0.000ns

    Location             Delay type                Incr(ns)  Path(ns)    Netlist Resource(s)
  -------------------------------------------------------------------    -------------------
                         (clock clk_fpga_0 rise edge)
                                                      0.000     0.000 r  
    PS7_X0Y0             PS7                          0.000     0.000 r  matvecmul_design_i/ps7/inst/PS7_i/FCLKCLK[0]
                         net (fo=1, routed)           1.193     1.193    matvecmul_design_i/ps7/inst/FCLK_CLK_unbuffered[0]
    BUFGCTRL_X0Y16       BUFG (Prop_bufg_I_O)         0.101     1.294 r  matvecmul_design_i/ps7/inst/buffer_fclk_clk_0.FCLK_CLK_0_BUFG/O
                         net (fo=5456, routed)        1.754     3.048    matvecmul_design_i/axi_mem_intercon/m00_couplers/auto_pc/inst/gen_axi4_axi3.axi3_conv_inst/USE_READ.USE_SPLIT_R.read_addr_inst/USE_R_CHANNEL.cmd_queue/inst/fifo_gen_inst/inst_fifo_gen/gconvfifo.rf/grf.rf/rstblk/ngwrdrst.grst.g7serrst.gnsckt_wrst.rst_wr_reg2_inst/dest_clk
    SLICE_X15Y38         FDPE                                         r  matvecmul_design_i/axi_mem_intercon/m00_couplers/auto_pc/inst/gen_axi4_axi3.axi3_conv_inst/USE_READ.USE_SPLIT_R.read_addr_inst/USE_R_CHANNEL.cmd_queue/inst/fifo_gen_inst/inst_fifo_gen/gconvfifo.rf/grf.rf/rstblk/ngwrdrst.grst.g7serrst.gnsckt_wrst.rst_wr_reg2_inst/arststages_ff_reg[1]/C
  -------------------------------------------------------------------    -------------------
    SLICE_X15Y38         FDPE (Prop_fdpe_C_Q)         0.419     3.467 f  matvecmul_design_i/axi_mem_intercon/m00_couplers/auto_pc/inst/gen_axi4_axi3.axi3_conv_inst/USE_READ.USE_SPLIT_R.read_addr_inst/USE_R_CHANNEL.cmd_queue/inst/fifo_gen_inst/inst_fifo_gen/gconvfifo.rf/grf.rf/rstblk/ngwrdrst.grst.g7serrst.gnsckt_wrst.rst_wr_reg2_inst/arststages_ff_reg[1]/Q
                         net (fo=2, routed)           0.887     4.354    matvecmul_design_i/axi_mem_intercon/m00_couplers/auto_pc/inst/gen_axi4_axi3.axi3_conv_inst/USE_READ.USE_SPLIT_R.read_addr_inst/USE_R_CHANNEL.cmd_queue/inst/fifo_gen_inst/inst_fifo_gen/gconvfifo.rf/grf.rf/rstblk/rst_wr_reg2
    SLICE_X14Y38         LUT3 (Prop_lut3_I2_O)        0.299     4.653 f  matvecmul_design_i/axi_mem_intercon/m00_couplers/auto_pc/inst/gen_axi4_axi3.axi3_conv_inst/USE_READ.USE_SPLIT_R.read_addr_inst/USE_R_CHANNEL.cmd_queue/inst/fifo_gen_inst/inst_fifo_gen/gconvfifo.rf/grf.rf/rstblk/gpregsm1.curr_fwft_state[1]_i_2/O
                         net (fo=33, routed)          1.003     5.655    matvecmul_design_i/axi_mem_intercon/m00_couplers/auto_pc/inst/gen_axi4_axi3.axi3_conv_inst/USE_READ.USE_SPLIT_R.read_addr_inst/USE_R_CHANNEL.cmd_queue/inst/fifo_gen_inst/inst_fifo_gen/gconvfifo.rf/grf.rf/gntv_or_sync_fifo.gl0.wr/gwss.wsts/ram_full_i_reg_0
    SLICE_X13Y43         FDCE                                         f  matvecmul_design_i/axi_mem_intercon/m00_couplers/auto_pc/inst/gen_axi4_axi3.axi3_conv_inst/USE_READ.USE_SPLIT_R.read_addr_inst/USE_R_CHANNEL.cmd_queue/inst/fifo_gen_inst/inst_fifo_gen/gconvfifo.rf/grf.rf/gntv_or_sync_fifo.gl0.wr/gwss.wsts/ram_full_i_reg/CLR
  -------------------------------------------------------------------    -------------------

                         (clock clk_fpga_0 rise edge)
                                                     10.000    10.000 r  
    PS7_X0Y0             PS7                          0.000    10.000 r  matvecmul_design_i/ps7/inst/PS7_i/FCLKCLK[0]
                         net (fo=1, routed)           1.088    11.088    matvecmul_design_i/ps7/inst/FCLK_CLK_unbuffered[0]
    BUFGCTRL_X0Y16       BUFG (Prop_bufg_I_O)         0.091    11.179 r  matvecmul_design_i/ps7/inst/buffer_fclk_clk_0.FCLK_CLK_0_BUFG/O
                         net (fo=5456, routed)        1.580    12.759    matvecmul_design_i/axi_mem_intercon/m00_couplers/auto_pc/inst/gen_axi4_axi3.axi3_conv_inst/USE_READ.USE_SPLIT_R.read_addr_inst/USE_R_CHANNEL.cmd_queue/inst/fifo_gen_inst/inst_fifo_gen/gconvfifo.rf/grf.rf/gntv_or_sync_fifo.gl0.wr/gwss.wsts/clk
    SLICE_X13Y43         FDCE                                         r  matvecmul_design_i/axi_mem_intercon/m00_couplers/auto_pc/inst/gen_axi4_axi3.axi3_conv_inst/USE_READ.USE_SPLIT_R.read_addr_inst/USE_R_CHANNEL.cmd_queue/inst/fifo_gen_inst/inst_fifo_gen/gconvfifo.rf/grf.rf/gntv_or_sync_fifo.gl0.wr/gwss.wsts/ram_full_i_reg/C
                         clock pessimism              0.267    13.026    
                         clock uncertainty           -0.154    12.872    
    SLICE_X13Y43         FDCE (Recov_fdce_C_CLR)     -0.405    12.467    matvecmul_design_i/axi_mem_intercon/m00_couplers/auto_pc/inst/gen_axi4_axi3.axi3_conv_inst/USE_READ.USE_SPLIT_R.read_addr_inst/USE_R_CHANNEL.cmd_queue/inst/fifo_gen_inst/inst_fifo_gen/gconvfifo.rf/grf.rf/gntv_or_sync_fifo.gl0.wr/gwss.wsts/ram_full_i_reg
  -------------------------------------------------------------------
                         required time                         12.467    
                         arrival time                          -5.655    
  -------------------------------------------------------------------
                         slack                                  6.811    

Slack (MET) :             6.813ns  (required time - arrival time)
  Source:                 matvecmul_design_i/axi_mem_intercon/m00_couplers/auto_pc/inst/gen_axi4_axi3.axi3_conv_inst/USE_READ.USE_SPLIT_R.read_addr_inst/USE_R_CHANNEL.cmd_queue/inst/fifo_gen_inst/inst_fifo_gen/gconvfifo.rf/grf.rf/rstblk/ngwrdrst.grst.g7serrst.gnsckt_wrst.rst_wr_reg2_inst/arststages_ff_reg[1]/C
                            (rising edge-triggered cell FDPE clocked by clk_fpga_0  {rise@0.000ns fall@5.000ns period=10.000ns})
  Destination:            matvecmul_design_i/axi_mem_intercon/m00_couplers/auto_pc/inst/gen_axi4_axi3.axi3_conv_inst/USE_READ.USE_SPLIT_R.read_addr_inst/USE_R_CHANNEL.cmd_queue/inst/fifo_gen_inst/inst_fifo_gen/gconvfifo.rf/grf.rf/gntv_or_sync_fifo.gl0.wr/wpntr/gcc0.gc0.count_d1_reg[0]/CLR
                            (recovery check against rising-edge clock clk_fpga_0  {rise@0.000ns fall@5.000ns period=10.000ns})
  Path Group:             **async_default**
  Path Type:              Recovery (Max at Slow Process Corner)
  Requirement:            10.000ns  (clk_fpga_0 rise@10.000ns - clk_fpga_0 rise@0.000ns)
  Data Path Delay:        2.604ns  (logic 0.718ns (27.568%)  route 1.886ns (72.432%))
  Logic Levels:           1  (LUT3=1)
  Clock Path Skew:        -0.023ns (DCD - SCD + CPR)
    Destination Clock Delay (DCD):    2.758ns = ( 12.759 - 10.000 ) 
    Source Clock Delay      (SCD):    3.048ns
    Clock Pessimism Removal (CPR):    0.267ns
  Clock Uncertainty:      0.154ns  ((TSJ^2 + TIJ^2)^1/2 + DJ) / 2 + PE
    Total System Jitter     (TSJ):    0.071ns
    Total Input Jitter      (TIJ):    0.300ns
    Discrete Jitter          (DJ):    0.000ns
    Phase Error              (PE):    0.000ns

    Location             Delay type                Incr(ns)  Path(ns)    Netlist Resource(s)
  -------------------------------------------------------------------    -------------------
                         (clock clk_fpga_0 rise edge)
                                                      0.000     0.000 r  
    PS7_X0Y0             PS7                          0.000     0.000 r  matvecmul_design_i/ps7/inst/PS7_i/FCLKCLK[0]
                         net (fo=1, routed)           1.193     1.193    matvecmul_design_i/ps7/inst/FCLK_CLK_unbuffered[0]
    BUFGCTRL_X0Y16       BUFG (Prop_bufg_I_O)         0.101     1.294 r  matvecmul_design_i/ps7/inst/buffer_fclk_clk_0.FCLK_CLK_0_BUFG/O
                         net (fo=5456, routed)        1.754     3.048    matvecmul_design_i/axi_mem_intercon/m00_couplers/auto_pc/inst/gen_axi4_axi3.axi3_conv_inst/USE_READ.USE_SPLIT_R.read_addr_inst/USE_R_CHANNEL.cmd_queue/inst/fifo_gen_inst/inst_fifo_gen/gconvfifo.rf/grf.rf/rstblk/ngwrdrst.grst.g7serrst.gnsckt_wrst.rst_wr_reg2_inst/dest_clk
    SLICE_X15Y38         FDPE                                         r  matvecmul_design_i/axi_mem_intercon/m00_couplers/auto_pc/inst/gen_axi4_axi3.axi3_conv_inst/USE_READ.USE_SPLIT_R.read_addr_inst/USE_R_CHANNEL.cmd_queue/inst/fifo_gen_inst/inst_fifo_gen/gconvfifo.rf/grf.rf/rstblk/ngwrdrst.grst.g7serrst.gnsckt_wrst.rst_wr_reg2_inst/arststages_ff_reg[1]/C
  -------------------------------------------------------------------    -------------------
    SLICE_X15Y38         FDPE (Prop_fdpe_C_Q)         0.419     3.467 f  matvecmul_design_i/axi_mem_intercon/m00_couplers/auto_pc/inst/gen_axi4_axi3.axi3_conv_inst/USE_READ.USE_SPLIT_R.read_addr_inst/USE_R_CHANNEL.cmd_queue/inst/fifo_gen_inst/inst_fifo_gen/gconvfifo.rf/grf.rf/rstblk/ngwrdrst.grst.g7serrst.gnsckt_wrst.rst_wr_reg2_inst/arststages_ff_reg[1]/Q
                         net (fo=2, routed)           0.887     4.354    matvecmul_design_i/axi_mem_intercon/m00_couplers/auto_pc/inst/gen_axi4_axi3.axi3_conv_inst/USE_READ.USE_SPLIT_R.read_addr_inst/USE_R_CHANNEL.cmd_queue/inst/fifo_gen_inst/inst_fifo_gen/gconvfifo.rf/grf.rf/rstblk/rst_wr_reg2
    SLICE_X14Y38         LUT3 (Prop_lut3_I2_O)        0.299     4.653 f  matvecmul_design_i/axi_mem_intercon/m00_couplers/auto_pc/inst/gen_axi4_axi3.axi3_conv_inst/USE_READ.USE_SPLIT_R.read_addr_inst/USE_R_CHANNEL.cmd_queue/inst/fifo_gen_inst/inst_fifo_gen/gconvfifo.rf/grf.rf/rstblk/gpregsm1.curr_fwft_state[1]_i_2/O
                         net (fo=33, routed)          1.000     5.652    matvecmul_design_i/axi_mem_intercon/m00_couplers/auto_pc/inst/gen_axi4_axi3.axi3_conv_inst/USE_READ.USE_SPLIT_R.read_addr_inst/USE_R_CHANNEL.cmd_queue/inst/fifo_gen_inst/inst_fifo_gen/gconvfifo.rf/grf.rf/gntv_or_sync_fifo.gl0.wr/wpntr/gcc0.gc0.count_d1_reg[0]_0
    SLICE_X13Y42         FDCE                                         f  matvecmul_design_i/axi_mem_intercon/m00_couplers/auto_pc/inst/gen_axi4_axi3.axi3_conv_inst/USE_READ.USE_SPLIT_R.read_addr_inst/USE_R_CHANNEL.cmd_queue/inst/fifo_gen_inst/inst_fifo_gen/gconvfifo.rf/grf.rf/gntv_or_sync_fifo.gl0.wr/wpntr/gcc0.gc0.count_d1_reg[0]/CLR
  -------------------------------------------------------------------    -------------------

                         (clock clk_fpga_0 rise edge)
                                                     10.000    10.000 r  
    PS7_X0Y0             PS7                          0.000    10.000 r  matvecmul_design_i/ps7/inst/PS7_i/FCLKCLK[0]
                         net (fo=1, routed)           1.088    11.088    matvecmul_design_i/ps7/inst/FCLK_CLK_unbuffered[0]
    BUFGCTRL_X0Y16       BUFG (Prop_bufg_I_O)         0.091    11.179 r  matvecmul_design_i/ps7/inst/buffer_fclk_clk_0.FCLK_CLK_0_BUFG/O
                         net (fo=5456, routed)        1.579    12.759    matvecmul_design_i/axi_mem_intercon/m00_couplers/auto_pc/inst/gen_axi4_axi3.axi3_conv_inst/USE_READ.USE_SPLIT_R.read_addr_inst/USE_R_CHANNEL.cmd_queue/inst/fifo_gen_inst/inst_fifo_gen/gconvfifo.rf/grf.rf/gntv_or_sync_fifo.gl0.wr/wpntr/clk
    SLICE_X13Y42         FDCE                                         r  matvecmul_design_i/axi_mem_intercon/m00_couplers/auto_pc/inst/gen_axi4_axi3.axi3_conv_inst/USE_READ.USE_SPLIT_R.read_addr_inst/USE_R_CHANNEL.cmd_queue/inst/fifo_gen_inst/inst_fifo_gen/gconvfifo.rf/grf.rf/gntv_or_sync_fifo.gl0.wr/wpntr/gcc0.gc0.count_d1_reg[0]/C
                         clock pessimism              0.267    13.025    
                         clock uncertainty           -0.154    12.871    
    SLICE_X13Y42         FDCE (Recov_fdce_C_CLR)     -0.405    12.466    matvecmul_design_i/axi_mem_intercon/m00_couplers/auto_pc/inst/gen_axi4_axi3.axi3_conv_inst/USE_READ.USE_SPLIT_R.read_addr_inst/USE_R_CHANNEL.cmd_queue/inst/fifo_gen_inst/inst_fifo_gen/gconvfifo.rf/grf.rf/gntv_or_sync_fifo.gl0.wr/wpntr/gcc0.gc0.count_d1_reg[0]
  -------------------------------------------------------------------
                         required time                         12.466    
                         arrival time                          -5.652    
  -------------------------------------------------------------------
                         slack                                  6.813    

Slack (MET) :             6.813ns  (required time - arrival time)
  Source:                 matvecmul_design_i/axi_mem_intercon/m00_couplers/auto_pc/inst/gen_axi4_axi3.axi3_conv_inst/USE_READ.USE_SPLIT_R.read_addr_inst/USE_R_CHANNEL.cmd_queue/inst/fifo_gen_inst/inst_fifo_gen/gconvfifo.rf/grf.rf/rstblk/ngwrdrst.grst.g7serrst.gnsckt_wrst.rst_wr_reg2_inst/arststages_ff_reg[1]/C
                            (rising edge-triggered cell FDPE clocked by clk_fpga_0  {rise@0.000ns fall@5.000ns period=10.000ns})
  Destination:            matvecmul_design_i/axi_mem_intercon/m00_couplers/auto_pc/inst/gen_axi4_axi3.axi3_conv_inst/USE_READ.USE_SPLIT_R.read_addr_inst/USE_R_CHANNEL.cmd_queue/inst/fifo_gen_inst/inst_fifo_gen/gconvfifo.rf/grf.rf/gntv_or_sync_fifo.gl0.wr/wpntr/gcc0.gc0.count_d1_reg[1]/CLR
                            (recovery check against rising-edge clock clk_fpga_0  {rise@0.000ns fall@5.000ns period=10.000ns})
  Path Group:             **async_default**
  Path Type:              Recovery (Max at Slow Process Corner)
  Requirement:            10.000ns  (clk_fpga_0 rise@10.000ns - clk_fpga_0 rise@0.000ns)
  Data Path Delay:        2.604ns  (logic 0.718ns (27.568%)  route 1.886ns (72.432%))
  Logic Levels:           1  (LUT3=1)
  Clock Path Skew:        -0.023ns (DCD - SCD + CPR)
    Destination Clock Delay (DCD):    2.758ns = ( 12.759 - 10.000 ) 
    Source Clock Delay      (SCD):    3.048ns
    Clock Pessimism Removal (CPR):    0.267ns
  Clock Uncertainty:      0.154ns  ((TSJ^2 + TIJ^2)^1/2 + DJ) / 2 + PE
    Total System Jitter     (TSJ):    0.071ns
    Total Input Jitter      (TIJ):    0.300ns
    Discrete Jitter          (DJ):    0.000ns
    Phase Error              (PE):    0.000ns

    Location             Delay type                Incr(ns)  Path(ns)    Netlist Resource(s)
  -------------------------------------------------------------------    -------------------
                         (clock clk_fpga_0 rise edge)
                                                      0.000     0.000 r  
    PS7_X0Y0             PS7                          0.000     0.000 r  matvecmul_design_i/ps7/inst/PS7_i/FCLKCLK[0]
                         net (fo=1, routed)           1.193     1.193    matvecmul_design_i/ps7/inst/FCLK_CLK_unbuffered[0]
    BUFGCTRL_X0Y16       BUFG (Prop_bufg_I_O)         0.101     1.294 r  matvecmul_design_i/ps7/inst/buffer_fclk_clk_0.FCLK_CLK_0_BUFG/O
                         net (fo=5456, routed)        1.754     3.048    matvecmul_design_i/axi_mem_intercon/m00_couplers/auto_pc/inst/gen_axi4_axi3.axi3_conv_inst/USE_READ.USE_SPLIT_R.read_addr_inst/USE_R_CHANNEL.cmd_queue/inst/fifo_gen_inst/inst_fifo_gen/gconvfifo.rf/grf.rf/rstblk/ngwrdrst.grst.g7serrst.gnsckt_wrst.rst_wr_reg2_inst/dest_clk
    SLICE_X15Y38         FDPE                                         r  matvecmul_design_i/axi_mem_intercon/m00_couplers/auto_pc/inst/gen_axi4_axi3.axi3_conv_inst/USE_READ.USE_SPLIT_R.read_addr_inst/USE_R_CHANNEL.cmd_queue/inst/fifo_gen_inst/inst_fifo_gen/gconvfifo.rf/grf.rf/rstblk/ngwrdrst.grst.g7serrst.gnsckt_wrst.rst_wr_reg2_inst/arststages_ff_reg[1]/C
  -------------------------------------------------------------------    -------------------
    SLICE_X15Y38         FDPE (Prop_fdpe_C_Q)         0.419     3.467 f  matvecmul_design_i/axi_mem_intercon/m00_couplers/auto_pc/inst/gen_axi4_axi3.axi3_conv_inst/USE_READ.USE_SPLIT_R.read_addr_inst/USE_R_CHANNEL.cmd_queue/inst/fifo_gen_inst/inst_fifo_gen/gconvfifo.rf/grf.rf/rstblk/ngwrdrst.grst.g7serrst.gnsckt_wrst.rst_wr_reg2_inst/arststages_ff_reg[1]/Q
                         net (fo=2, routed)           0.887     4.354    matvecmul_design_i/axi_mem_intercon/m00_couplers/auto_pc/inst/gen_axi4_axi3.axi3_conv_inst/USE_READ.USE_SPLIT_R.read_addr_inst/USE_R_CHANNEL.cmd_queue/inst/fifo_gen_inst/inst_fifo_gen/gconvfifo.rf/grf.rf/rstblk/rst_wr_reg2
    SLICE_X14Y38         LUT3 (Prop_lut3_I2_O)        0.299     4.653 f  matvecmul_design_i/axi_mem_intercon/m00_couplers/auto_pc/inst/gen_axi4_axi3.axi3_conv_inst/USE_READ.USE_SPLIT_R.read_addr_inst/USE_R_CHANNEL.cmd_queue/inst/fifo_gen_inst/inst_fifo_gen/gconvfifo.rf/grf.rf/rstblk/gpregsm1.curr_fwft_state[1]_i_2/O
                         net (fo=33, routed)          1.000     5.652    matvecmul_design_i/axi_mem_intercon/m00_couplers/auto_pc/inst/gen_axi4_axi3.axi3_conv_inst/USE_READ.USE_SPLIT_R.read_addr_inst/USE_R_CHANNEL.cmd_queue/inst/fifo_gen_inst/inst_fifo_gen/gconvfifo.rf/grf.rf/gntv_or_sync_fifo.gl0.wr/wpntr/gcc0.gc0.count_d1_reg[0]_0
    SLICE_X13Y42         FDCE                                         f  matvecmul_design_i/axi_mem_intercon/m00_couplers/auto_pc/inst/gen_axi4_axi3.axi3_conv_inst/USE_READ.USE_SPLIT_R.read_addr_inst/USE_R_CHANNEL.cmd_queue/inst/fifo_gen_inst/inst_fifo_gen/gconvfifo.rf/grf.rf/gntv_or_sync_fifo.gl0.wr/wpntr/gcc0.gc0.count_d1_reg[1]/CLR
  -------------------------------------------------------------------    -------------------

                         (clock clk_fpga_0 rise edge)
                                                     10.000    10.000 r  
    PS7_X0Y0             PS7                          0.000    10.000 r  matvecmul_design_i/ps7/inst/PS7_i/FCLKCLK[0]
                         net (fo=1, routed)           1.088    11.088    matvecmul_design_i/ps7/inst/FCLK_CLK_unbuffered[0]
    BUFGCTRL_X0Y16       BUFG (Prop_bufg_I_O)         0.091    11.179 r  matvecmul_design_i/ps7/inst/buffer_fclk_clk_0.FCLK_CLK_0_BUFG/O
                         net (fo=5456, routed)        1.579    12.759    matvecmul_design_i/axi_mem_intercon/m00_couplers/auto_pc/inst/gen_axi4_axi3.axi3_conv_inst/USE_READ.USE_SPLIT_R.read_addr_inst/USE_R_CHANNEL.cmd_queue/inst/fifo_gen_inst/inst_fifo_gen/gconvfifo.rf/grf.rf/gntv_or_sync_fifo.gl0.wr/wpntr/clk
    SLICE_X13Y42         FDCE                                         r  matvecmul_design_i/axi_mem_intercon/m00_couplers/auto_pc/inst/gen_axi4_axi3.axi3_conv_inst/USE_READ.USE_SPLIT_R.read_addr_inst/USE_R_CHANNEL.cmd_queue/inst/fifo_gen_inst/inst_fifo_gen/gconvfifo.rf/grf.rf/gntv_or_sync_fifo.gl0.wr/wpntr/gcc0.gc0.count_d1_reg[1]/C
                         clock pessimism              0.267    13.025    
                         clock uncertainty           -0.154    12.871    
    SLICE_X13Y42         FDCE (Recov_fdce_C_CLR)     -0.405    12.466    matvecmul_design_i/axi_mem_intercon/m00_couplers/auto_pc/inst/gen_axi4_axi3.axi3_conv_inst/USE_READ.USE_SPLIT_R.read_addr_inst/USE_R_CHANNEL.cmd_queue/inst/fifo_gen_inst/inst_fifo_gen/gconvfifo.rf/grf.rf/gntv_or_sync_fifo.gl0.wr/wpntr/gcc0.gc0.count_d1_reg[1]
  -------------------------------------------------------------------
                         required time                         12.466    
                         arrival time                          -5.652    
  -------------------------------------------------------------------
                         slack                                  6.813    

Slack (MET) :             6.813ns  (required time - arrival time)
  Source:                 matvecmul_design_i/axi_mem_intercon/m00_couplers/auto_pc/inst/gen_axi4_axi3.axi3_conv_inst/USE_READ.USE_SPLIT_R.read_addr_inst/USE_R_CHANNEL.cmd_queue/inst/fifo_gen_inst/inst_fifo_gen/gconvfifo.rf/grf.rf/rstblk/ngwrdrst.grst.g7serrst.gnsckt_wrst.rst_wr_reg2_inst/arststages_ff_reg[1]/C
                            (rising edge-triggered cell FDPE clocked by clk_fpga_0  {rise@0.000ns fall@5.000ns period=10.000ns})
  Destination:            matvecmul_design_i/axi_mem_intercon/m00_couplers/auto_pc/inst/gen_axi4_axi3.axi3_conv_inst/USE_READ.USE_SPLIT_R.read_addr_inst/USE_R_CHANNEL.cmd_queue/inst/fifo_gen_inst/inst_fifo_gen/gconvfifo.rf/grf.rf/gntv_or_sync_fifo.gl0.wr/wpntr/gcc0.gc0.count_reg[1]/CLR
                            (recovery check against rising-edge clock clk_fpga_0  {rise@0.000ns fall@5.000ns period=10.000ns})
  Path Group:             **async_default**
  Path Type:              Recovery (Max at Slow Process Corner)
  Requirement:            10.000ns  (clk_fpga_0 rise@10.000ns - clk_fpga_0 rise@0.000ns)
  Data Path Delay:        2.604ns  (logic 0.718ns (27.568%)  route 1.886ns (72.432%))
  Logic Levels:           1  (LUT3=1)
  Clock Path Skew:        -0.023ns (DCD - SCD + CPR)
    Destination Clock Delay (DCD):    2.758ns = ( 12.759 - 10.000 ) 
    Source Clock Delay      (SCD):    3.048ns
    Clock Pessimism Removal (CPR):    0.267ns
  Clock Uncertainty:      0.154ns  ((TSJ^2 + TIJ^2)^1/2 + DJ) / 2 + PE
    Total System Jitter     (TSJ):    0.071ns
    Total Input Jitter      (TIJ):    0.300ns
    Discrete Jitter          (DJ):    0.000ns
    Phase Error              (PE):    0.000ns

    Location             Delay type                Incr(ns)  Path(ns)    Netlist Resource(s)
  -------------------------------------------------------------------    -------------------
                         (clock clk_fpga_0 rise edge)
                                                      0.000     0.000 r  
    PS7_X0Y0             PS7                          0.000     0.000 r  matvecmul_design_i/ps7/inst/PS7_i/FCLKCLK[0]
                         net (fo=1, routed)           1.193     1.193    matvecmul_design_i/ps7/inst/FCLK_CLK_unbuffered[0]
    BUFGCTRL_X0Y16       BUFG (Prop_bufg_I_O)         0.101     1.294 r  matvecmul_design_i/ps7/inst/buffer_fclk_clk_0.FCLK_CLK_0_BUFG/O
                         net (fo=5456, routed)        1.754     3.048    matvecmul_design_i/axi_mem_intercon/m00_couplers/auto_pc/inst/gen_axi4_axi3.axi3_conv_inst/USE_READ.USE_SPLIT_R.read_addr_inst/USE_R_CHANNEL.cmd_queue/inst/fifo_gen_inst/inst_fifo_gen/gconvfifo.rf/grf.rf/rstblk/ngwrdrst.grst.g7serrst.gnsckt_wrst.rst_wr_reg2_inst/dest_clk
    SLICE_X15Y38         FDPE                                         r  matvecmul_design_i/axi_mem_intercon/m00_couplers/auto_pc/inst/gen_axi4_axi3.axi3_conv_inst/USE_READ.USE_SPLIT_R.read_addr_inst/USE_R_CHANNEL.cmd_queue/inst/fifo_gen_inst/inst_fifo_gen/gconvfifo.rf/grf.rf/rstblk/ngwrdrst.grst.g7serrst.gnsckt_wrst.rst_wr_reg2_inst/arststages_ff_reg[1]/C
  -------------------------------------------------------------------    -------------------
    SLICE_X15Y38         FDPE (Prop_fdpe_C_Q)         0.419     3.467 f  matvecmul_design_i/axi_mem_intercon/m00_couplers/auto_pc/inst/gen_axi4_axi3.axi3_conv_inst/USE_READ.USE_SPLIT_R.read_addr_inst/USE_R_CHANNEL.cmd_queue/inst/fifo_gen_inst/inst_fifo_gen/gconvfifo.rf/grf.rf/rstblk/ngwrdrst.grst.g7serrst.gnsckt_wrst.rst_wr_reg2_inst/arststages_ff_reg[1]/Q
                         net (fo=2, routed)           0.887     4.354    matvecmul_design_i/axi_mem_intercon/m00_couplers/auto_pc/inst/gen_axi4_axi3.axi3_conv_inst/USE_READ.USE_SPLIT_R.read_addr_inst/USE_R_CHANNEL.cmd_queue/inst/fifo_gen_inst/inst_fifo_gen/gconvfifo.rf/grf.rf/rstblk/rst_wr_reg2
    SLICE_X14Y38         LUT3 (Prop_lut3_I2_O)        0.299     4.653 f  matvecmul_design_i/axi_mem_intercon/m00_couplers/auto_pc/inst/gen_axi4_axi3.axi3_conv_inst/USE_READ.USE_SPLIT_R.read_addr_inst/USE_R_CHANNEL.cmd_queue/inst/fifo_gen_inst/inst_fifo_gen/gconvfifo.rf/grf.rf/rstblk/gpregsm1.curr_fwft_state[1]_i_2/O
                         net (fo=33, routed)          1.000     5.652    matvecmul_design_i/axi_mem_intercon/m00_couplers/auto_pc/inst/gen_axi4_axi3.axi3_conv_inst/USE_READ.USE_SPLIT_R.read_addr_inst/USE_R_CHANNEL.cmd_queue/inst/fifo_gen_inst/inst_fifo_gen/gconvfifo.rf/grf.rf/gntv_or_sync_fifo.gl0.wr/wpntr/gcc0.gc0.count_d1_reg[0]_0
    SLICE_X13Y42         FDCE                                         f  matvecmul_design_i/axi_mem_intercon/m00_couplers/auto_pc/inst/gen_axi4_axi3.axi3_conv_inst/USE_READ.USE_SPLIT_R.read_addr_inst/USE_R_CHANNEL.cmd_queue/inst/fifo_gen_inst/inst_fifo_gen/gconvfifo.rf/grf.rf/gntv_or_sync_fifo.gl0.wr/wpntr/gcc0.gc0.count_reg[1]/CLR
  -------------------------------------------------------------------    -------------------

                         (clock clk_fpga_0 rise edge)
                                                     10.000    10.000 r  
    PS7_X0Y0             PS7                          0.000    10.000 r  matvecmul_design_i/ps7/inst/PS7_i/FCLKCLK[0]
                         net (fo=1, routed)           1.088    11.088    matvecmul_design_i/ps7/inst/FCLK_CLK_unbuffered[0]
    BUFGCTRL_X0Y16       BUFG (Prop_bufg_I_O)         0.091    11.179 r  matvecmul_design_i/ps7/inst/buffer_fclk_clk_0.FCLK_CLK_0_BUFG/O
                         net (fo=5456, routed)        1.579    12.759    matvecmul_design_i/axi_mem_intercon/m00_couplers/auto_pc/inst/gen_axi4_axi3.axi3_conv_inst/USE_READ.USE_SPLIT_R.read_addr_inst/USE_R_CHANNEL.cmd_queue/inst/fifo_gen_inst/inst_fifo_gen/gconvfifo.rf/grf.rf/gntv_or_sync_fifo.gl0.wr/wpntr/clk
    SLICE_X13Y42         FDCE                                         r  matvecmul_design_i/axi_mem_intercon/m00_couplers/auto_pc/inst/gen_axi4_axi3.axi3_conv_inst/USE_READ.USE_SPLIT_R.read_addr_inst/USE_R_CHANNEL.cmd_queue/inst/fifo_gen_inst/inst_fifo_gen/gconvfifo.rf/grf.rf/gntv_or_sync_fifo.gl0.wr/wpntr/gcc0.gc0.count_reg[1]/C
                         clock pessimism              0.267    13.025    
                         clock uncertainty           -0.154    12.871    
    SLICE_X13Y42         FDCE (Recov_fdce_C_CLR)     -0.405    12.466    matvecmul_design_i/axi_mem_intercon/m00_couplers/auto_pc/inst/gen_axi4_axi3.axi3_conv_inst/USE_READ.USE_SPLIT_R.read_addr_inst/USE_R_CHANNEL.cmd_queue/inst/fifo_gen_inst/inst_fifo_gen/gconvfifo.rf/grf.rf/gntv_or_sync_fifo.gl0.wr/wpntr/gcc0.gc0.count_reg[1]
  -------------------------------------------------------------------
                         required time                         12.466    
                         arrival time                          -5.652    
  -------------------------------------------------------------------
                         slack                                  6.813    

Slack (MET) :             6.849ns  (required time - arrival time)
  Source:                 matvecmul_design_i/axi_mem_intercon/m00_couplers/auto_pc/inst/gen_axi4_axi3.axi3_conv_inst/USE_READ.USE_SPLIT_R.read_addr_inst/USE_R_CHANNEL.cmd_queue/inst/fifo_gen_inst/inst_fifo_gen/gconvfifo.rf/grf.rf/rstblk/ngwrdrst.grst.g7serrst.gnsckt_wrst.rst_wr_reg2_inst/arststages_ff_reg[1]/C
                            (rising edge-triggered cell FDPE clocked by clk_fpga_0  {rise@0.000ns fall@5.000ns period=10.000ns})
  Destination:            matvecmul_design_i/axi_mem_intercon/m00_couplers/auto_pc/inst/gen_axi4_axi3.axi3_conv_inst/USE_READ.USE_SPLIT_R.read_addr_inst/USE_R_CHANNEL.cmd_queue/inst/fifo_gen_inst/inst_fifo_gen/gconvfifo.rf/grf.rf/gntv_or_sync_fifo.gl0.rd/gr1.gr1_int.rfwft/empty_fwft_fb_i_reg/PRE
                            (recovery check against rising-edge clock clk_fpga_0  {rise@0.000ns fall@5.000ns period=10.000ns})
  Path Group:             **async_default**
  Path Type:              Recovery (Max at Slow Process Corner)
  Requirement:            10.000ns  (clk_fpga_0 rise@10.000ns - clk_fpga_0 rise@0.000ns)
  Data Path Delay:        2.613ns  (logic 0.718ns (27.473%)  route 1.895ns (72.527%))
  Logic Levels:           1  (LUT3=1)
  Clock Path Skew:        -0.022ns (DCD - SCD + CPR)
    Destination Clock Delay (DCD):    2.759ns = ( 12.759 - 10.000 ) 
    Source Clock Delay      (SCD):    3.048ns
    Clock Pessimism Removal (CPR):    0.267ns
  Clock Uncertainty:      0.154ns  ((TSJ^2 + TIJ^2)^1/2 + DJ) / 2 + PE
    Total System Jitter     (TSJ):    0.071ns
    Total Input Jitter      (TIJ):    0.300ns
    Discrete Jitter          (DJ):    0.000ns
    Phase Error              (PE):    0.000ns

    Location             Delay type                Incr(ns)  Path(ns)    Netlist Resource(s)
  -------------------------------------------------------------------    -------------------
                         (clock clk_fpga_0 rise edge)
                                                      0.000     0.000 r  
    PS7_X0Y0             PS7                          0.000     0.000 r  matvecmul_design_i/ps7/inst/PS7_i/FCLKCLK[0]
                         net (fo=1, routed)           1.193     1.193    matvecmul_design_i/ps7/inst/FCLK_CLK_unbuffered[0]
    BUFGCTRL_X0Y16       BUFG (Prop_bufg_I_O)         0.101     1.294 r  matvecmul_design_i/ps7/inst/buffer_fclk_clk_0.FCLK_CLK_0_BUFG/O
                         net (fo=5456, routed)        1.754     3.048    matvecmul_design_i/axi_mem_intercon/m00_couplers/auto_pc/inst/gen_axi4_axi3.axi3_conv_inst/USE_READ.USE_SPLIT_R.read_addr_inst/USE_R_CHANNEL.cmd_queue/inst/fifo_gen_inst/inst_fifo_gen/gconvfifo.rf/grf.rf/rstblk/ngwrdrst.grst.g7serrst.gnsckt_wrst.rst_wr_reg2_inst/dest_clk
    SLICE_X15Y38         FDPE                                         r  matvecmul_design_i/axi_mem_intercon/m00_couplers/auto_pc/inst/gen_axi4_axi3.axi3_conv_inst/USE_READ.USE_SPLIT_R.read_addr_inst/USE_R_CHANNEL.cmd_queue/inst/fifo_gen_inst/inst_fifo_gen/gconvfifo.rf/grf.rf/rstblk/ngwrdrst.grst.g7serrst.gnsckt_wrst.rst_wr_reg2_inst/arststages_ff_reg[1]/C
  -------------------------------------------------------------------    -------------------
    SLICE_X15Y38         FDPE (Prop_fdpe_C_Q)         0.419     3.467 f  matvecmul_design_i/axi_mem_intercon/m00_couplers/auto_pc/inst/gen_axi4_axi3.axi3_conv_inst/USE_READ.USE_SPLIT_R.read_addr_inst/USE_R_CHANNEL.cmd_queue/inst/fifo_gen_inst/inst_fifo_gen/gconvfifo.rf/grf.rf/rstblk/ngwrdrst.grst.g7serrst.gnsckt_wrst.rst_wr_reg2_inst/arststages_ff_reg[1]/Q
                         net (fo=2, routed)           0.887     4.354    matvecmul_design_i/axi_mem_intercon/m00_couplers/auto_pc/inst/gen_axi4_axi3.axi3_conv_inst/USE_READ.USE_SPLIT_R.read_addr_inst/USE_R_CHANNEL.cmd_queue/inst/fifo_gen_inst/inst_fifo_gen/gconvfifo.rf/grf.rf/rstblk/rst_wr_reg2
    SLICE_X14Y38         LUT3 (Prop_lut3_I2_O)        0.299     4.653 f  matvecmul_design_i/axi_mem_intercon/m00_couplers/auto_pc/inst/gen_axi4_axi3.axi3_conv_inst/USE_READ.USE_SPLIT_R.read_addr_inst/USE_R_CHANNEL.cmd_queue/inst/fifo_gen_inst/inst_fifo_gen/gconvfifo.rf/grf.rf/rstblk/gpregsm1.curr_fwft_state[1]_i_2/O
                         net (fo=33, routed)          1.009     5.661    matvecmul_design_i/axi_mem_intercon/m00_couplers/auto_pc/inst/gen_axi4_axi3.axi3_conv_inst/USE_READ.USE_SPLIT_R.read_addr_inst/USE_R_CHANNEL.cmd_queue/inst/fifo_gen_inst/inst_fifo_gen/gconvfifo.rf/grf.rf/gntv_or_sync_fifo.gl0.rd/gr1.gr1_int.rfwft/gpregsm1.user_valid_reg_0
    SLICE_X14Y43         FDPE                                         f  matvecmul_design_i/axi_mem_intercon/m00_couplers/auto_pc/inst/gen_axi4_axi3.axi3_conv_inst/USE_READ.USE_SPLIT_R.read_addr_inst/USE_R_CHANNEL.cmd_queue/inst/fifo_gen_inst/inst_fifo_gen/gconvfifo.rf/grf.rf/gntv_or_sync_fifo.gl0.rd/gr1.gr1_int.rfwft/empty_fwft_fb_i_reg/PRE
  -------------------------------------------------------------------    -------------------

                         (clock clk_fpga_0 rise edge)
                                                     10.000    10.000 r  
    PS7_X0Y0             PS7                          0.000    10.000 r  matvecmul_design_i/ps7/inst/PS7_i/FCLKCLK[0]
                         net (fo=1, routed)           1.088    11.088    matvecmul_design_i/ps7/inst/FCLK_CLK_unbuffered[0]
    BUFGCTRL_X0Y16       BUFG (Prop_bufg_I_O)         0.091    11.179 r  matvecmul_design_i/ps7/inst/buffer_fclk_clk_0.FCLK_CLK_0_BUFG/O
                         net (fo=5456, routed)        1.580    12.759    matvecmul_design_i/axi_mem_intercon/m00_couplers/auto_pc/inst/gen_axi4_axi3.axi3_conv_inst/USE_READ.USE_SPLIT_R.read_addr_inst/USE_R_CHANNEL.cmd_queue/inst/fifo_gen_inst/inst_fifo_gen/gconvfifo.rf/grf.rf/gntv_or_sync_fifo.gl0.rd/gr1.gr1_int.rfwft/clk
    SLICE_X14Y43         FDPE                                         r  matvecmul_design_i/axi_mem_intercon/m00_couplers/auto_pc/inst/gen_axi4_axi3.axi3_conv_inst/USE_READ.USE_SPLIT_R.read_addr_inst/USE_R_CHANNEL.cmd_queue/inst/fifo_gen_inst/inst_fifo_gen/gconvfifo.rf/grf.rf/gntv_or_sync_fifo.gl0.rd/gr1.gr1_int.rfwft/empty_fwft_fb_i_reg/C
                         clock pessimism              0.267    13.026    
                         clock uncertainty           -0.154    12.872    
    SLICE_X14Y43         FDPE (Recov_fdpe_C_PRE)     -0.361    12.511    matvecmul_design_i/axi_mem_intercon/m00_couplers/auto_pc/inst/gen_axi4_axi3.axi3_conv_inst/USE_READ.USE_SPLIT_R.read_addr_inst/USE_R_CHANNEL.cmd_queue/inst/fifo_gen_inst/inst_fifo_gen/gconvfifo.rf/grf.rf/gntv_or_sync_fifo.gl0.rd/gr1.gr1_int.rfwft/empty_fwft_fb_i_reg
  -------------------------------------------------------------------
                         required time                         12.511    
                         arrival time                          -5.661    
  -------------------------------------------------------------------
                         slack                                  6.849    

Slack (MET) :             6.849ns  (required time - arrival time)
  Source:                 matvecmul_design_i/axi_mem_intercon/m00_couplers/auto_pc/inst/gen_axi4_axi3.axi3_conv_inst/USE_READ.USE_SPLIT_R.read_addr_inst/USE_R_CHANNEL.cmd_queue/inst/fifo_gen_inst/inst_fifo_gen/gconvfifo.rf/grf.rf/rstblk/ngwrdrst.grst.g7serrst.gnsckt_wrst.rst_wr_reg2_inst/arststages_ff_reg[1]/C
                            (rising edge-triggered cell FDPE clocked by clk_fpga_0  {rise@0.000ns fall@5.000ns period=10.000ns})
  Destination:            matvecmul_design_i/axi_mem_intercon/m00_couplers/auto_pc/inst/gen_axi4_axi3.axi3_conv_inst/USE_READ.USE_SPLIT_R.read_addr_inst/USE_R_CHANNEL.cmd_queue/inst/fifo_gen_inst/inst_fifo_gen/gconvfifo.rf/grf.rf/gntv_or_sync_fifo.gl0.rd/gr1.gr1_int.rfwft/empty_fwft_i_reg/PRE
                            (recovery check against rising-edge clock clk_fpga_0  {rise@0.000ns fall@5.000ns period=10.000ns})
  Path Group:             **async_default**
  Path Type:              Recovery (Max at Slow Process Corner)
  Requirement:            10.000ns  (clk_fpga_0 rise@10.000ns - clk_fpga_0 rise@0.000ns)
  Data Path Delay:        2.613ns  (logic 0.718ns (27.473%)  route 1.895ns (72.527%))
  Logic Levels:           1  (LUT3=1)
  Clock Path Skew:        -0.022ns (DCD - SCD + CPR)
    Destination Clock Delay (DCD):    2.759ns = ( 12.759 - 10.000 ) 
    Source Clock Delay      (SCD):    3.048ns
    Clock Pessimism Removal (CPR):    0.267ns
  Clock Uncertainty:      0.154ns  ((TSJ^2 + TIJ^2)^1/2 + DJ) / 2 + PE
    Total System Jitter     (TSJ):    0.071ns
    Total Input Jitter      (TIJ):    0.300ns
    Discrete Jitter          (DJ):    0.000ns
    Phase Error              (PE):    0.000ns

    Location             Delay type                Incr(ns)  Path(ns)    Netlist Resource(s)
  -------------------------------------------------------------------    -------------------
                         (clock clk_fpga_0 rise edge)
                                                      0.000     0.000 r  
    PS7_X0Y0             PS7                          0.000     0.000 r  matvecmul_design_i/ps7/inst/PS7_i/FCLKCLK[0]
                         net (fo=1, routed)           1.193     1.193    matvecmul_design_i/ps7/inst/FCLK_CLK_unbuffered[0]
    BUFGCTRL_X0Y16       BUFG (Prop_bufg_I_O)         0.101     1.294 r  matvecmul_design_i/ps7/inst/buffer_fclk_clk_0.FCLK_CLK_0_BUFG/O
                         net (fo=5456, routed)        1.754     3.048    matvecmul_design_i/axi_mem_intercon/m00_couplers/auto_pc/inst/gen_axi4_axi3.axi3_conv_inst/USE_READ.USE_SPLIT_R.read_addr_inst/USE_R_CHANNEL.cmd_queue/inst/fifo_gen_inst/inst_fifo_gen/gconvfifo.rf/grf.rf/rstblk/ngwrdrst.grst.g7serrst.gnsckt_wrst.rst_wr_reg2_inst/dest_clk
    SLICE_X15Y38         FDPE                                         r  matvecmul_design_i/axi_mem_intercon/m00_couplers/auto_pc/inst/gen_axi4_axi3.axi3_conv_inst/USE_READ.USE_SPLIT_R.read_addr_inst/USE_R_CHANNEL.cmd_queue/inst/fifo_gen_inst/inst_fifo_gen/gconvfifo.rf/grf.rf/rstblk/ngwrdrst.grst.g7serrst.gnsckt_wrst.rst_wr_reg2_inst/arststages_ff_reg[1]/C
  -------------------------------------------------------------------    -------------------
    SLICE_X15Y38         FDPE (Prop_fdpe_C_Q)         0.419     3.467 f  matvecmul_design_i/axi_mem_intercon/m00_couplers/auto_pc/inst/gen_axi4_axi3.axi3_conv_inst/USE_READ.USE_SPLIT_R.read_addr_inst/USE_R_CHANNEL.cmd_queue/inst/fifo_gen_inst/inst_fifo_gen/gconvfifo.rf/grf.rf/rstblk/ngwrdrst.grst.g7serrst.gnsckt_wrst.rst_wr_reg2_inst/arststages_ff_reg[1]/Q
                         net (fo=2, routed)           0.887     4.354    matvecmul_design_i/axi_mem_intercon/m00_couplers/auto_pc/inst/gen_axi4_axi3.axi3_conv_inst/USE_READ.USE_SPLIT_R.read_addr_inst/USE_R_CHANNEL.cmd_queue/inst/fifo_gen_inst/inst_fifo_gen/gconvfifo.rf/grf.rf/rstblk/rst_wr_reg2
    SLICE_X14Y38         LUT3 (Prop_lut3_I2_O)        0.299     4.653 f  matvecmul_design_i/axi_mem_intercon/m00_couplers/auto_pc/inst/gen_axi4_axi3.axi3_conv_inst/USE_READ.USE_SPLIT_R.read_addr_inst/USE_R_CHANNEL.cmd_queue/inst/fifo_gen_inst/inst_fifo_gen/gconvfifo.rf/grf.rf/rstblk/gpregsm1.curr_fwft_state[1]_i_2/O
                         net (fo=33, routed)          1.009     5.661    matvecmul_design_i/axi_mem_intercon/m00_couplers/auto_pc/inst/gen_axi4_axi3.axi3_conv_inst/USE_READ.USE_SPLIT_R.read_addr_inst/USE_R_CHANNEL.cmd_queue/inst/fifo_gen_inst/inst_fifo_gen/gconvfifo.rf/grf.rf/gntv_or_sync_fifo.gl0.rd/gr1.gr1_int.rfwft/gpregsm1.user_valid_reg_0
    SLICE_X14Y43         FDPE                                         f  matvecmul_design_i/axi_mem_intercon/m00_couplers/auto_pc/inst/gen_axi4_axi3.axi3_conv_inst/USE_READ.USE_SPLIT_R.read_addr_inst/USE_R_CHANNEL.cmd_queue/inst/fifo_gen_inst/inst_fifo_gen/gconvfifo.rf/grf.rf/gntv_or_sync_fifo.gl0.rd/gr1.gr1_int.rfwft/empty_fwft_i_reg/PRE
  -------------------------------------------------------------------    -------------------

                         (clock clk_fpga_0 rise edge)
                                                     10.000    10.000 r  
    PS7_X0Y0             PS7                          0.000    10.000 r  matvecmul_design_i/ps7/inst/PS7_i/FCLKCLK[0]
                         net (fo=1, routed)           1.088    11.088    matvecmul_design_i/ps7/inst/FCLK_CLK_unbuffered[0]
    BUFGCTRL_X0Y16       BUFG (Prop_bufg_I_O)         0.091    11.179 r  matvecmul_design_i/ps7/inst/buffer_fclk_clk_0.FCLK_CLK_0_BUFG/O
                         net (fo=5456, routed)        1.580    12.759    matvecmul_design_i/axi_mem_intercon/m00_couplers/auto_pc/inst/gen_axi4_axi3.axi3_conv_inst/USE_READ.USE_SPLIT_R.read_addr_inst/USE_R_CHANNEL.cmd_queue/inst/fifo_gen_inst/inst_fifo_gen/gconvfifo.rf/grf.rf/gntv_or_sync_fifo.gl0.rd/gr1.gr1_int.rfwft/clk
    SLICE_X14Y43         FDPE                                         r  matvecmul_design_i/axi_mem_intercon/m00_couplers/auto_pc/inst/gen_axi4_axi3.axi3_conv_inst/USE_READ.USE_SPLIT_R.read_addr_inst/USE_R_CHANNEL.cmd_queue/inst/fifo_gen_inst/inst_fifo_gen/gconvfifo.rf/grf.rf/gntv_or_sync_fifo.gl0.rd/gr1.gr1_int.rfwft/empty_fwft_i_reg/C
                         clock pessimism              0.267    13.026    
                         clock uncertainty           -0.154    12.872    
    SLICE_X14Y43         FDPE (Recov_fdpe_C_PRE)     -0.361    12.511    matvecmul_design_i/axi_mem_intercon/m00_couplers/auto_pc/inst/gen_axi4_axi3.axi3_conv_inst/USE_READ.USE_SPLIT_R.read_addr_inst/USE_R_CHANNEL.cmd_queue/inst/fifo_gen_inst/inst_fifo_gen/gconvfifo.rf/grf.rf/gntv_or_sync_fifo.gl0.rd/gr1.gr1_int.rfwft/empty_fwft_i_reg
  -------------------------------------------------------------------
                         required time                         12.511    
                         arrival time                          -5.661    
  -------------------------------------------------------------------
                         slack                                  6.849    

Slack (MET) :             6.855ns  (required time - arrival time)
  Source:                 matvecmul_design_i/axi_mem_intercon/m00_couplers/auto_pc/inst/gen_axi4_axi3.axi3_conv_inst/USE_READ.USE_SPLIT_R.read_addr_inst/USE_R_CHANNEL.cmd_queue/inst/fifo_gen_inst/inst_fifo_gen/gconvfifo.rf/grf.rf/rstblk/ngwrdrst.grst.g7serrst.gnsckt_wrst.rst_wr_reg2_inst/arststages_ff_reg[1]/C
                            (rising edge-triggered cell FDPE clocked by clk_fpga_0  {rise@0.000ns fall@5.000ns period=10.000ns})
  Destination:            matvecmul_design_i/axi_mem_intercon/m00_couplers/auto_pc/inst/gen_axi4_axi3.axi3_conv_inst/USE_READ.USE_SPLIT_R.read_addr_inst/USE_R_CHANNEL.cmd_queue/inst/fifo_gen_inst/inst_fifo_gen/gconvfifo.rf/grf.rf/gntv_or_sync_fifo.gl0.rd/gr1.gr1_int.rfwft/empty_fwft_fb_o_i_reg/PRE
                            (recovery check against rising-edge clock clk_fpga_0  {rise@0.000ns fall@5.000ns period=10.000ns})
  Path Group:             **async_default**
  Path Type:              Recovery (Max at Slow Process Corner)
  Requirement:            10.000ns  (clk_fpga_0 rise@10.000ns - clk_fpga_0 rise@0.000ns)
  Data Path Delay:        2.607ns  (logic 0.718ns (27.536%)  route 1.889ns (72.464%))
  Logic Levels:           1  (LUT3=1)
  Clock Path Skew:        -0.022ns (DCD - SCD + CPR)
    Destination Clock Delay (DCD):    2.759ns = ( 12.759 - 10.000 ) 
    Source Clock Delay      (SCD):    3.048ns
    Clock Pessimism Removal (CPR):    0.267ns
  Clock Uncertainty:      0.154ns  ((TSJ^2 + TIJ^2)^1/2 + DJ) / 2 + PE
    Total System Jitter     (TSJ):    0.071ns
    Total Input Jitter      (TIJ):    0.300ns
    Discrete Jitter          (DJ):    0.000ns
    Phase Error              (PE):    0.000ns

    Location             Delay type                Incr(ns)  Path(ns)    Netlist Resource(s)
  -------------------------------------------------------------------    -------------------
                         (clock clk_fpga_0 rise edge)
                                                      0.000     0.000 r  
    PS7_X0Y0             PS7                          0.000     0.000 r  matvecmul_design_i/ps7/inst/PS7_i/FCLKCLK[0]
                         net (fo=1, routed)           1.193     1.193    matvecmul_design_i/ps7/inst/FCLK_CLK_unbuffered[0]
    BUFGCTRL_X0Y16       BUFG (Prop_bufg_I_O)         0.101     1.294 r  matvecmul_design_i/ps7/inst/buffer_fclk_clk_0.FCLK_CLK_0_BUFG/O
                         net (fo=5456, routed)        1.754     3.048    matvecmul_design_i/axi_mem_intercon/m00_couplers/auto_pc/inst/gen_axi4_axi3.axi3_conv_inst/USE_READ.USE_SPLIT_R.read_addr_inst/USE_R_CHANNEL.cmd_queue/inst/fifo_gen_inst/inst_fifo_gen/gconvfifo.rf/grf.rf/rstblk/ngwrdrst.grst.g7serrst.gnsckt_wrst.rst_wr_reg2_inst/dest_clk
    SLICE_X15Y38         FDPE                                         r  matvecmul_design_i/axi_mem_intercon/m00_couplers/auto_pc/inst/gen_axi4_axi3.axi3_conv_inst/USE_READ.USE_SPLIT_R.read_addr_inst/USE_R_CHANNEL.cmd_queue/inst/fifo_gen_inst/inst_fifo_gen/gconvfifo.rf/grf.rf/rstblk/ngwrdrst.grst.g7serrst.gnsckt_wrst.rst_wr_reg2_inst/arststages_ff_reg[1]/C
  -------------------------------------------------------------------    -------------------
    SLICE_X15Y38         FDPE (Prop_fdpe_C_Q)         0.419     3.467 f  matvecmul_design_i/axi_mem_intercon/m00_couplers/auto_pc/inst/gen_axi4_axi3.axi3_conv_inst/USE_READ.USE_SPLIT_R.read_addr_inst/USE_R_CHANNEL.cmd_queue/inst/fifo_gen_inst/inst_fifo_gen/gconvfifo.rf/grf.rf/rstblk/ngwrdrst.grst.g7serrst.gnsckt_wrst.rst_wr_reg2_inst/arststages_ff_reg[1]/Q
                         net (fo=2, routed)           0.887     4.354    matvecmul_design_i/axi_mem_intercon/m00_couplers/auto_pc/inst/gen_axi4_axi3.axi3_conv_inst/USE_READ.USE_SPLIT_R.read_addr_inst/USE_R_CHANNEL.cmd_queue/inst/fifo_gen_inst/inst_fifo_gen/gconvfifo.rf/grf.rf/rstblk/rst_wr_reg2
    SLICE_X14Y38         LUT3 (Prop_lut3_I2_O)        0.299     4.653 f  matvecmul_design_i/axi_mem_intercon/m00_couplers/auto_pc/inst/gen_axi4_axi3.axi3_conv_inst/USE_READ.USE_SPLIT_R.read_addr_inst/USE_R_CHANNEL.cmd_queue/inst/fifo_gen_inst/inst_fifo_gen/gconvfifo.rf/grf.rf/rstblk/gpregsm1.curr_fwft_state[1]_i_2/O
                         net (fo=33, routed)          1.003     5.655    matvecmul_design_i/axi_mem_intercon/m00_couplers/auto_pc/inst/gen_axi4_axi3.axi3_conv_inst/USE_READ.USE_SPLIT_R.read_addr_inst/USE_R_CHANNEL.cmd_queue/inst/fifo_gen_inst/inst_fifo_gen/gconvfifo.rf/grf.rf/gntv_or_sync_fifo.gl0.rd/gr1.gr1_int.rfwft/gpregsm1.user_valid_reg_0
    SLICE_X12Y43         FDPE                                         f  matvecmul_design_i/axi_mem_intercon/m00_couplers/auto_pc/inst/gen_axi4_axi3.axi3_conv_inst/USE_READ.USE_SPLIT_R.read_addr_inst/USE_R_CHANNEL.cmd_queue/inst/fifo_gen_inst/inst_fifo_gen/gconvfifo.rf/grf.rf/gntv_or_sync_fifo.gl0.rd/gr1.gr1_int.rfwft/empty_fwft_fb_o_i_reg/PRE
  -------------------------------------------------------------------    -------------------

                         (clock clk_fpga_0 rise edge)
                                                     10.000    10.000 r  
    PS7_X0Y0             PS7                          0.000    10.000 r  matvecmul_design_i/ps7/inst/PS7_i/FCLKCLK[0]
                         net (fo=1, routed)           1.088    11.088    matvecmul_design_i/ps7/inst/FCLK_CLK_unbuffered[0]
    BUFGCTRL_X0Y16       BUFG (Prop_bufg_I_O)         0.091    11.179 r  matvecmul_design_i/ps7/inst/buffer_fclk_clk_0.FCLK_CLK_0_BUFG/O
                         net (fo=5456, routed)        1.580    12.759    matvecmul_design_i/axi_mem_intercon/m00_couplers/auto_pc/inst/gen_axi4_axi3.axi3_conv_inst/USE_READ.USE_SPLIT_R.read_addr_inst/USE_R_CHANNEL.cmd_queue/inst/fifo_gen_inst/inst_fifo_gen/gconvfifo.rf/grf.rf/gntv_or_sync_fifo.gl0.rd/gr1.gr1_int.rfwft/clk
    SLICE_X12Y43         FDPE                                         r  matvecmul_design_i/axi_mem_intercon/m00_couplers/auto_pc/inst/gen_axi4_axi3.axi3_conv_inst/USE_READ.USE_SPLIT_R.read_addr_inst/USE_R_CHANNEL.cmd_queue/inst/fifo_gen_inst/inst_fifo_gen/gconvfifo.rf/grf.rf/gntv_or_sync_fifo.gl0.rd/gr1.gr1_int.rfwft/empty_fwft_fb_o_i_reg/C
                         clock pessimism              0.267    13.026    
                         clock uncertainty           -0.154    12.872    
    SLICE_X12Y43         FDPE (Recov_fdpe_C_PRE)     -0.361    12.511    matvecmul_design_i/axi_mem_intercon/m00_couplers/auto_pc/inst/gen_axi4_axi3.axi3_conv_inst/USE_READ.USE_SPLIT_R.read_addr_inst/USE_R_CHANNEL.cmd_queue/inst/fifo_gen_inst/inst_fifo_gen/gconvfifo.rf/grf.rf/gntv_or_sync_fifo.gl0.rd/gr1.gr1_int.rfwft/empty_fwft_fb_o_i_reg
  -------------------------------------------------------------------
                         required time                         12.511    
                         arrival time                          -5.655    
  -------------------------------------------------------------------
                         slack                                  6.855    

Slack (MET) :             6.855ns  (required time - arrival time)
  Source:                 matvecmul_design_i/axi_mem_intercon/m00_couplers/auto_pc/inst/gen_axi4_axi3.axi3_conv_inst/USE_READ.USE_SPLIT_R.read_addr_inst/USE_R_CHANNEL.cmd_queue/inst/fifo_gen_inst/inst_fifo_gen/gconvfifo.rf/grf.rf/rstblk/ngwrdrst.grst.g7serrst.gnsckt_wrst.rst_wr_reg2_inst/arststages_ff_reg[1]/C
                            (rising edge-triggered cell FDPE clocked by clk_fpga_0  {rise@0.000ns fall@5.000ns period=10.000ns})
  Destination:            matvecmul_design_i/axi_mem_intercon/m00_couplers/auto_pc/inst/gen_axi4_axi3.axi3_conv_inst/USE_READ.USE_SPLIT_R.read_addr_inst/USE_R_CHANNEL.cmd_queue/inst/fifo_gen_inst/inst_fifo_gen/gconvfifo.rf/grf.rf/gntv_or_sync_fifo.gl0.rd/gr1.gr1_int.rfwft/gpregsm1.curr_fwft_state_reg[1]/CLR
                            (recovery check against rising-edge clock clk_fpga_0  {rise@0.000ns fall@5.000ns period=10.000ns})
  Path Group:             **async_default**
  Path Type:              Recovery (Max at Slow Process Corner)
  Requirement:            10.000ns  (clk_fpga_0 rise@10.000ns - clk_fpga_0 rise@0.000ns)
  Data Path Delay:        2.607ns  (logic 0.718ns (27.536%)  route 1.889ns (72.464%))
  Logic Levels:           1  (LUT3=1)
  Clock Path Skew:        -0.022ns (DCD - SCD + CPR)
    Destination Clock Delay (DCD):    2.759ns = ( 12.759 - 10.000 ) 
    Source Clock Delay      (SCD):    3.048ns
    Clock Pessimism Removal (CPR):    0.267ns
  Clock Uncertainty:      0.154ns  ((TSJ^2 + TIJ^2)^1/2 + DJ) / 2 + PE
    Total System Jitter     (TSJ):    0.071ns
    Total Input Jitter      (TIJ):    0.300ns
    Discrete Jitter          (DJ):    0.000ns
    Phase Error              (PE):    0.000ns

    Location             Delay type                Incr(ns)  Path(ns)    Netlist Resource(s)
  -------------------------------------------------------------------    -------------------
                         (clock clk_fpga_0 rise edge)
                                                      0.000     0.000 r  
    PS7_X0Y0             PS7                          0.000     0.000 r  matvecmul_design_i/ps7/inst/PS7_i/FCLKCLK[0]
                         net (fo=1, routed)           1.193     1.193    matvecmul_design_i/ps7/inst/FCLK_CLK_unbuffered[0]
    BUFGCTRL_X0Y16       BUFG (Prop_bufg_I_O)         0.101     1.294 r  matvecmul_design_i/ps7/inst/buffer_fclk_clk_0.FCLK_CLK_0_BUFG/O
                         net (fo=5456, routed)        1.754     3.048    matvecmul_design_i/axi_mem_intercon/m00_couplers/auto_pc/inst/gen_axi4_axi3.axi3_conv_inst/USE_READ.USE_SPLIT_R.read_addr_inst/USE_R_CHANNEL.cmd_queue/inst/fifo_gen_inst/inst_fifo_gen/gconvfifo.rf/grf.rf/rstblk/ngwrdrst.grst.g7serrst.gnsckt_wrst.rst_wr_reg2_inst/dest_clk
    SLICE_X15Y38         FDPE                                         r  matvecmul_design_i/axi_mem_intercon/m00_couplers/auto_pc/inst/gen_axi4_axi3.axi3_conv_inst/USE_READ.USE_SPLIT_R.read_addr_inst/USE_R_CHANNEL.cmd_queue/inst/fifo_gen_inst/inst_fifo_gen/gconvfifo.rf/grf.rf/rstblk/ngwrdrst.grst.g7serrst.gnsckt_wrst.rst_wr_reg2_inst/arststages_ff_reg[1]/C
  -------------------------------------------------------------------    -------------------
    SLICE_X15Y38         FDPE (Prop_fdpe_C_Q)         0.419     3.467 f  matvecmul_design_i/axi_mem_intercon/m00_couplers/auto_pc/inst/gen_axi4_axi3.axi3_conv_inst/USE_READ.USE_SPLIT_R.read_addr_inst/USE_R_CHANNEL.cmd_queue/inst/fifo_gen_inst/inst_fifo_gen/gconvfifo.rf/grf.rf/rstblk/ngwrdrst.grst.g7serrst.gnsckt_wrst.rst_wr_reg2_inst/arststages_ff_reg[1]/Q
                         net (fo=2, routed)           0.887     4.354    matvecmul_design_i/axi_mem_intercon/m00_couplers/auto_pc/inst/gen_axi4_axi3.axi3_conv_inst/USE_READ.USE_SPLIT_R.read_addr_inst/USE_R_CHANNEL.cmd_queue/inst/fifo_gen_inst/inst_fifo_gen/gconvfifo.rf/grf.rf/rstblk/rst_wr_reg2
    SLICE_X14Y38         LUT3 (Prop_lut3_I2_O)        0.299     4.653 f  matvecmul_design_i/axi_mem_intercon/m00_couplers/auto_pc/inst/gen_axi4_axi3.axi3_conv_inst/USE_READ.USE_SPLIT_R.read_addr_inst/USE_R_CHANNEL.cmd_queue/inst/fifo_gen_inst/inst_fifo_gen/gconvfifo.rf/grf.rf/rstblk/gpregsm1.curr_fwft_state[1]_i_2/O
                         net (fo=33, routed)          1.003     5.655    matvecmul_design_i/axi_mem_intercon/m00_couplers/auto_pc/inst/gen_axi4_axi3.axi3_conv_inst/USE_READ.USE_SPLIT_R.read_addr_inst/USE_R_CHANNEL.cmd_queue/inst/fifo_gen_inst/inst_fifo_gen/gconvfifo.rf/grf.rf/gntv_or_sync_fifo.gl0.rd/gr1.gr1_int.rfwft/gpregsm1.user_valid_reg_0
    SLICE_X12Y43         FDCE                                         f  matvecmul_design_i/axi_mem_intercon/m00_couplers/auto_pc/inst/gen_axi4_axi3.axi3_conv_inst/USE_READ.USE_SPLIT_R.read_addr_inst/USE_R_CHANNEL.cmd_queue/inst/fifo_gen_inst/inst_fifo_gen/gconvfifo.rf/grf.rf/gntv_or_sync_fifo.gl0.rd/gr1.gr1_int.rfwft/gpregsm1.curr_fwft_state_reg[1]/CLR
  -------------------------------------------------------------------    -------------------

                         (clock clk_fpga_0 rise edge)
                                                     10.000    10.000 r  
    PS7_X0Y0             PS7                          0.000    10.000 r  matvecmul_design_i/ps7/inst/PS7_i/FCLKCLK[0]
                         net (fo=1, routed)           1.088    11.088    matvecmul_design_i/ps7/inst/FCLK_CLK_unbuffered[0]
    BUFGCTRL_X0Y16       BUFG (Prop_bufg_I_O)         0.091    11.179 r  matvecmul_design_i/ps7/inst/buffer_fclk_clk_0.FCLK_CLK_0_BUFG/O
                         net (fo=5456, routed)        1.580    12.759    matvecmul_design_i/axi_mem_intercon/m00_couplers/auto_pc/inst/gen_axi4_axi3.axi3_conv_inst/USE_READ.USE_SPLIT_R.read_addr_inst/USE_R_CHANNEL.cmd_queue/inst/fifo_gen_inst/inst_fifo_gen/gconvfifo.rf/grf.rf/gntv_or_sync_fifo.gl0.rd/gr1.gr1_int.rfwft/clk
    SLICE_X12Y43         FDCE                                         r  matvecmul_design_i/axi_mem_intercon/m00_couplers/auto_pc/inst/gen_axi4_axi3.axi3_conv_inst/USE_READ.USE_SPLIT_R.read_addr_inst/USE_R_CHANNEL.cmd_queue/inst/fifo_gen_inst/inst_fifo_gen/gconvfifo.rf/grf.rf/gntv_or_sync_fifo.gl0.rd/gr1.gr1_int.rfwft/gpregsm1.curr_fwft_state_reg[1]/C
                         clock pessimism              0.267    13.026    
                         clock uncertainty           -0.154    12.872    
    SLICE_X12Y43         FDCE (Recov_fdce_C_CLR)     -0.361    12.511    matvecmul_design_i/axi_mem_intercon/m00_couplers/auto_pc/inst/gen_axi4_axi3.axi3_conv_inst/USE_READ.USE_SPLIT_R.read_addr_inst/USE_R_CHANNEL.cmd_queue/inst/fifo_gen_inst/inst_fifo_gen/gconvfifo.rf/grf.rf/gntv_or_sync_fifo.gl0.rd/gr1.gr1_int.rfwft/gpregsm1.curr_fwft_state_reg[1]
  -------------------------------------------------------------------
                         required time                         12.511    
                         arrival time                          -5.655    
  -------------------------------------------------------------------
                         slack                                  6.855    

Slack (MET) :             6.857ns  (required time - arrival time)
  Source:                 matvecmul_design_i/axi_mem_intercon/m00_couplers/auto_pc/inst/gen_axi4_axi3.axi3_conv_inst/USE_READ.USE_SPLIT_R.read_addr_inst/USE_R_CHANNEL.cmd_queue/inst/fifo_gen_inst/inst_fifo_gen/gconvfifo.rf/grf.rf/rstblk/ngwrdrst.grst.g7serrst.gnsckt_wrst.rst_wr_reg2_inst/arststages_ff_reg[1]/C
                            (rising edge-triggered cell FDPE clocked by clk_fpga_0  {rise@0.000ns fall@5.000ns period=10.000ns})
  Destination:            matvecmul_design_i/axi_mem_intercon/m00_couplers/auto_pc/inst/gen_axi4_axi3.axi3_conv_inst/USE_READ.USE_SPLIT_R.read_addr_inst/USE_R_CHANNEL.cmd_queue/inst/fifo_gen_inst/inst_fifo_gen/gconvfifo.rf/grf.rf/gntv_or_sync_fifo.gl0.rd/grss.rsts/ram_empty_fb_i_reg/PRE
                            (recovery check against rising-edge clock clk_fpga_0  {rise@0.000ns fall@5.000ns period=10.000ns})
  Path Group:             **async_default**
  Path Type:              Recovery (Max at Slow Process Corner)
  Requirement:            10.000ns  (clk_fpga_0 rise@10.000ns - clk_fpga_0 rise@0.000ns)
  Data Path Delay:        2.607ns  (logic 0.718ns (27.536%)  route 1.889ns (72.464%))
  Logic Levels:           1  (LUT3=1)
  Clock Path Skew:        -0.022ns (DCD - SCD + CPR)
    Destination Clock Delay (DCD):    2.759ns = ( 12.759 - 10.000 ) 
    Source Clock Delay      (SCD):    3.048ns
    Clock Pessimism Removal (CPR):    0.267ns
  Clock Uncertainty:      0.154ns  ((TSJ^2 + TIJ^2)^1/2 + DJ) / 2 + PE
    Total System Jitter     (TSJ):    0.071ns
    Total Input Jitter      (TIJ):    0.300ns
    Discrete Jitter          (DJ):    0.000ns
    Phase Error              (PE):    0.000ns

    Location             Delay type                Incr(ns)  Path(ns)    Netlist Resource(s)
  -------------------------------------------------------------------    -------------------
                         (clock clk_fpga_0 rise edge)
                                                      0.000     0.000 r  
    PS7_X0Y0             PS7                          0.000     0.000 r  matvecmul_design_i/ps7/inst/PS7_i/FCLKCLK[0]
                         net (fo=1, routed)           1.193     1.193    matvecmul_design_i/ps7/inst/FCLK_CLK_unbuffered[0]
    BUFGCTRL_X0Y16       BUFG (Prop_bufg_I_O)         0.101     1.294 r  matvecmul_design_i/ps7/inst/buffer_fclk_clk_0.FCLK_CLK_0_BUFG/O
                         net (fo=5456, routed)        1.754     3.048    matvecmul_design_i/axi_mem_intercon/m00_couplers/auto_pc/inst/gen_axi4_axi3.axi3_conv_inst/USE_READ.USE_SPLIT_R.read_addr_inst/USE_R_CHANNEL.cmd_queue/inst/fifo_gen_inst/inst_fifo_gen/gconvfifo.rf/grf.rf/rstblk/ngwrdrst.grst.g7serrst.gnsckt_wrst.rst_wr_reg2_inst/dest_clk
    SLICE_X15Y38         FDPE                                         r  matvecmul_design_i/axi_mem_intercon/m00_couplers/auto_pc/inst/gen_axi4_axi3.axi3_conv_inst/USE_READ.USE_SPLIT_R.read_addr_inst/USE_R_CHANNEL.cmd_queue/inst/fifo_gen_inst/inst_fifo_gen/gconvfifo.rf/grf.rf/rstblk/ngwrdrst.grst.g7serrst.gnsckt_wrst.rst_wr_reg2_inst/arststages_ff_reg[1]/C
  -------------------------------------------------------------------    -------------------
    SLICE_X15Y38         FDPE (Prop_fdpe_C_Q)         0.419     3.467 f  matvecmul_design_i/axi_mem_intercon/m00_couplers/auto_pc/inst/gen_axi4_axi3.axi3_conv_inst/USE_READ.USE_SPLIT_R.read_addr_inst/USE_R_CHANNEL.cmd_queue/inst/fifo_gen_inst/inst_fifo_gen/gconvfifo.rf/grf.rf/rstblk/ngwrdrst.grst.g7serrst.gnsckt_wrst.rst_wr_reg2_inst/arststages_ff_reg[1]/Q
                         net (fo=2, routed)           0.887     4.354    matvecmul_design_i/axi_mem_intercon/m00_couplers/auto_pc/inst/gen_axi4_axi3.axi3_conv_inst/USE_READ.USE_SPLIT_R.read_addr_inst/USE_R_CHANNEL.cmd_queue/inst/fifo_gen_inst/inst_fifo_gen/gconvfifo.rf/grf.rf/rstblk/rst_wr_reg2
    SLICE_X14Y38         LUT3 (Prop_lut3_I2_O)        0.299     4.653 f  matvecmul_design_i/axi_mem_intercon/m00_couplers/auto_pc/inst/gen_axi4_axi3.axi3_conv_inst/USE_READ.USE_SPLIT_R.read_addr_inst/USE_R_CHANNEL.cmd_queue/inst/fifo_gen_inst/inst_fifo_gen/gconvfifo.rf/grf.rf/rstblk/gpregsm1.curr_fwft_state[1]_i_2/O
                         net (fo=33, routed)          1.003     5.655    matvecmul_design_i/axi_mem_intercon/m00_couplers/auto_pc/inst/gen_axi4_axi3.axi3_conv_inst/USE_READ.USE_SPLIT_R.read_addr_inst/USE_R_CHANNEL.cmd_queue/inst/fifo_gen_inst/inst_fifo_gen/gconvfifo.rf/grf.rf/gntv_or_sync_fifo.gl0.rd/grss.rsts/ram_empty_i_reg_1
    SLICE_X13Y43         FDPE                                         f  matvecmul_design_i/axi_mem_intercon/m00_couplers/auto_pc/inst/gen_axi4_axi3.axi3_conv_inst/USE_READ.USE_SPLIT_R.read_addr_inst/USE_R_CHANNEL.cmd_queue/inst/fifo_gen_inst/inst_fifo_gen/gconvfifo.rf/grf.rf/gntv_or_sync_fifo.gl0.rd/grss.rsts/ram_empty_fb_i_reg/PRE
  -------------------------------------------------------------------    -------------------

                         (clock clk_fpga_0 rise edge)
                                                     10.000    10.000 r  
    PS7_X0Y0             PS7                          0.000    10.000 r  matvecmul_design_i/ps7/inst/PS7_i/FCLKCLK[0]
                         net (fo=1, routed)           1.088    11.088    matvecmul_design_i/ps7/inst/FCLK_CLK_unbuffered[0]
    BUFGCTRL_X0Y16       BUFG (Prop_bufg_I_O)         0.091    11.179 r  matvecmul_design_i/ps7/inst/buffer_fclk_clk_0.FCLK_CLK_0_BUFG/O
                         net (fo=5456, routed)        1.580    12.759    matvecmul_design_i/axi_mem_intercon/m00_couplers/auto_pc/inst/gen_axi4_axi3.axi3_conv_inst/USE_READ.USE_SPLIT_R.read_addr_inst/USE_R_CHANNEL.cmd_queue/inst/fifo_gen_inst/inst_fifo_gen/gconvfifo.rf/grf.rf/gntv_or_sync_fifo.gl0.rd/grss.rsts/clk
    SLICE_X13Y43         FDPE                                         r  matvecmul_design_i/axi_mem_intercon/m00_couplers/auto_pc/inst/gen_axi4_axi3.axi3_conv_inst/USE_READ.USE_SPLIT_R.read_addr_inst/USE_R_CHANNEL.cmd_queue/inst/fifo_gen_inst/inst_fifo_gen/gconvfifo.rf/grf.rf/gntv_or_sync_fifo.gl0.rd/grss.rsts/ram_empty_fb_i_reg/C
                         clock pessimism              0.267    13.026    
                         clock uncertainty           -0.154    12.872    
    SLICE_X13Y43         FDPE (Recov_fdpe_C_PRE)     -0.359    12.513    matvecmul_design_i/axi_mem_intercon/m00_couplers/auto_pc/inst/gen_axi4_axi3.axi3_conv_inst/USE_READ.USE_SPLIT_R.read_addr_inst/USE_R_CHANNEL.cmd_queue/inst/fifo_gen_inst/inst_fifo_gen/gconvfifo.rf/grf.rf/gntv_or_sync_fifo.gl0.rd/grss.rsts/ram_empty_fb_i_reg
  -------------------------------------------------------------------
                         required time                         12.513    
                         arrival time                          -5.655    
  -------------------------------------------------------------------
                         slack                                  6.857    





Min Delay Paths
--------------------------------------------------------------------------------------
Slack (MET) :             0.563ns  (arrival time - required time)
  Source:                 matvecmul_design_i/axi_mem_intercon/m00_couplers/auto_pc/inst/gen_axi4_axi3.axi3_conv_inst/USE_WRITE.write_addr_inst/USE_BURSTS.cmd_queue/inst/fifo_gen_inst/inst_fifo_gen/gconvfifo.rf/grf.rf/rstblk/ngwrdrst.grst.g7serrst.gnsckt_wrst.gcc_rst.sckt_wr_rst_cc_reg[0]/C
                            (rising edge-triggered cell FDRE clocked by clk_fpga_0  {rise@0.000ns fall@5.000ns period=10.000ns})
  Destination:            matvecmul_design_i/axi_mem_intercon/m00_couplers/auto_pc/inst/gen_axi4_axi3.axi3_conv_inst/USE_WRITE.write_addr_inst/USE_BURSTS.cmd_queue/inst/fifo_gen_inst/inst_fifo_gen/gconvfifo.rf/grf.rf/gntv_or_sync_fifo.gl0.wr/wpntr/gcc0.gc0.count_d1_reg[0]/CLR
                            (removal check against rising-edge clock clk_fpga_0  {rise@0.000ns fall@5.000ns period=10.000ns})
  Path Group:             **async_default**
  Path Type:              Removal (Min at Fast Process Corner)
  Requirement:            0.000ns  (clk_fpga_0 rise@0.000ns - clk_fpga_0 rise@0.000ns)
  Data Path Delay:        0.512ns  (logic 0.186ns (36.309%)  route 0.326ns (63.691%))
  Logic Levels:           1  (LUT3=1)
  Clock Path Skew:        0.016ns (DCD - SCD - CPR)
    Destination Clock Delay (DCD):    1.229ns
    Source Clock Delay      (SCD):    0.929ns
    Clock Pessimism Removal (CPR):    0.284ns

    Location             Delay type                Incr(ns)  Path(ns)    Netlist Resource(s)
  -------------------------------------------------------------------    -------------------
                         (clock clk_fpga_0 rise edge)
                                                      0.000     0.000 r  
    PS7_X0Y0             PS7                          0.000     0.000 r  matvecmul_design_i/ps7/inst/PS7_i/FCLKCLK[0]
                         net (fo=1, routed)           0.310     0.310    matvecmul_design_i/ps7/inst/FCLK_CLK_unbuffered[0]
    BUFGCTRL_X0Y16       BUFG (Prop_bufg_I_O)         0.026     0.336 r  matvecmul_design_i/ps7/inst/buffer_fclk_clk_0.FCLK_CLK_0_BUFG/O
                         net (fo=5456, routed)        0.593     0.929    matvecmul_design_i/axi_mem_intercon/m00_couplers/auto_pc/inst/gen_axi4_axi3.axi3_conv_inst/USE_WRITE.write_addr_inst/USE_BURSTS.cmd_queue/inst/fifo_gen_inst/inst_fifo_gen/gconvfifo.rf/grf.rf/rstblk/clk
    SLICE_X17Y38         FDRE                                         r  matvecmul_design_i/axi_mem_intercon/m00_couplers/auto_pc/inst/gen_axi4_axi3.axi3_conv_inst/USE_WRITE.write_addr_inst/USE_BURSTS.cmd_queue/inst/fifo_gen_inst/inst_fifo_gen/gconvfifo.rf/grf.rf/rstblk/ngwrdrst.grst.g7serrst.gnsckt_wrst.gcc_rst.sckt_wr_rst_cc_reg[0]/C
  -------------------------------------------------------------------    -------------------
    SLICE_X17Y38         FDRE (Prop_fdre_C_Q)         0.141     1.070 f  matvecmul_design_i/axi_mem_intercon/m00_couplers/auto_pc/inst/gen_axi4_axi3.axi3_conv_inst/USE_WRITE.write_addr_inst/USE_BURSTS.cmd_queue/inst/fifo_gen_inst/inst_fifo_gen/gconvfifo.rf/grf.rf/rstblk/ngwrdrst.grst.g7serrst.gnsckt_wrst.gcc_rst.sckt_wr_rst_cc_reg[0]/Q
                         net (fo=3, routed)           0.119     1.189    matvecmul_design_i/axi_mem_intercon/m00_couplers/auto_pc/inst/gen_axi4_axi3.axi3_conv_inst/USE_WRITE.write_addr_inst/USE_BURSTS.cmd_queue/inst/fifo_gen_inst/inst_fifo_gen/gconvfifo.rf/grf.rf/rstblk/sckt_wr_rst_cc[0]
    SLICE_X18Y38         LUT3 (Prop_lut3_I1_O)        0.045     1.234 f  matvecmul_design_i/axi_mem_intercon/m00_couplers/auto_pc/inst/gen_axi4_axi3.axi3_conv_inst/USE_WRITE.write_addr_inst/USE_BURSTS.cmd_queue/inst/fifo_gen_inst/inst_fifo_gen/gconvfifo.rf/grf.rf/rstblk/gpregsm1.curr_fwft_state[1]_i_2/O
                         net (fo=32, routed)          0.207     1.441    matvecmul_design_i/axi_mem_intercon/m00_couplers/auto_pc/inst/gen_axi4_axi3.axi3_conv_inst/USE_WRITE.write_addr_inst/USE_BURSTS.cmd_queue/inst/fifo_gen_inst/inst_fifo_gen/gconvfifo.rf/grf.rf/gntv_or_sync_fifo.gl0.wr/wpntr/AR[0]
    SLICE_X16Y39         FDCE                                         f  matvecmul_design_i/axi_mem_intercon/m00_couplers/auto_pc/inst/gen_axi4_axi3.axi3_conv_inst/USE_WRITE.write_addr_inst/USE_BURSTS.cmd_queue/inst/fifo_gen_inst/inst_fifo_gen/gconvfifo.rf/grf.rf/gntv_or_sync_fifo.gl0.wr/wpntr/gcc0.gc0.count_d1_reg[0]/CLR
  -------------------------------------------------------------------    -------------------

                         (clock clk_fpga_0 rise edge)
                                                      0.000     0.000 r  
    PS7_X0Y0             PS7                          0.000     0.000 r  matvecmul_design_i/ps7/inst/PS7_i/FCLKCLK[0]
                         net (fo=1, routed)           0.337     0.337    matvecmul_design_i/ps7/inst/FCLK_CLK_unbuffered[0]
    BUFGCTRL_X0Y16       BUFG (Prop_bufg_I_O)         0.029     0.366 r  matvecmul_design_i/ps7/inst/buffer_fclk_clk_0.FCLK_CLK_0_BUFG/O
                         net (fo=5456, routed)        0.863     1.229    matvecmul_design_i/axi_mem_intercon/m00_couplers/auto_pc/inst/gen_axi4_axi3.axi3_conv_inst/USE_WRITE.write_addr_inst/USE_BURSTS.cmd_queue/inst/fifo_gen_inst/inst_fifo_gen/gconvfifo.rf/grf.rf/gntv_or_sync_fifo.gl0.wr/wpntr/clk
    SLICE_X16Y39         FDCE                                         r  matvecmul_design_i/axi_mem_intercon/m00_couplers/auto_pc/inst/gen_axi4_axi3.axi3_conv_inst/USE_WRITE.write_addr_inst/USE_BURSTS.cmd_queue/inst/fifo_gen_inst/inst_fifo_gen/gconvfifo.rf/grf.rf/gntv_or_sync_fifo.gl0.wr/wpntr/gcc0.gc0.count_d1_reg[0]/C
                         clock pessimism             -0.284     0.945    
    SLICE_X16Y39         FDCE (Remov_fdce_C_CLR)     -0.067     0.878    matvecmul_design_i/axi_mem_intercon/m00_couplers/auto_pc/inst/gen_axi4_axi3.axi3_conv_inst/USE_WRITE.write_addr_inst/USE_BURSTS.cmd_queue/inst/fifo_gen_inst/inst_fifo_gen/gconvfifo.rf/grf.rf/gntv_or_sync_fifo.gl0.wr/wpntr/gcc0.gc0.count_d1_reg[0]
  -------------------------------------------------------------------
                         required time                         -0.877    
                         arrival time                           1.441    
  -------------------------------------------------------------------
                         slack                                  0.563    

Slack (MET) :             0.563ns  (arrival time - required time)
  Source:                 matvecmul_design_i/axi_mem_intercon/m00_couplers/auto_pc/inst/gen_axi4_axi3.axi3_conv_inst/USE_WRITE.write_addr_inst/USE_BURSTS.cmd_queue/inst/fifo_gen_inst/inst_fifo_gen/gconvfifo.rf/grf.rf/rstblk/ngwrdrst.grst.g7serrst.gnsckt_wrst.gcc_rst.sckt_wr_rst_cc_reg[0]/C
                            (rising edge-triggered cell FDRE clocked by clk_fpga_0  {rise@0.000ns fall@5.000ns period=10.000ns})
  Destination:            matvecmul_design_i/axi_mem_intercon/m00_couplers/auto_pc/inst/gen_axi4_axi3.axi3_conv_inst/USE_WRITE.write_addr_inst/USE_BURSTS.cmd_queue/inst/fifo_gen_inst/inst_fifo_gen/gconvfifo.rf/grf.rf/gntv_or_sync_fifo.gl0.wr/wpntr/gcc0.gc0.count_d1_reg[3]/CLR
                            (removal check against rising-edge clock clk_fpga_0  {rise@0.000ns fall@5.000ns period=10.000ns})
  Path Group:             **async_default**
  Path Type:              Removal (Min at Fast Process Corner)
  Requirement:            0.000ns  (clk_fpga_0 rise@0.000ns - clk_fpga_0 rise@0.000ns)
  Data Path Delay:        0.512ns  (logic 0.186ns (36.309%)  route 0.326ns (63.691%))
  Logic Levels:           1  (LUT3=1)
  Clock Path Skew:        0.016ns (DCD - SCD - CPR)
    Destination Clock Delay (DCD):    1.229ns
    Source Clock Delay      (SCD):    0.929ns
    Clock Pessimism Removal (CPR):    0.284ns

    Location             Delay type                Incr(ns)  Path(ns)    Netlist Resource(s)
  -------------------------------------------------------------------    -------------------
                         (clock clk_fpga_0 rise edge)
                                                      0.000     0.000 r  
    PS7_X0Y0             PS7                          0.000     0.000 r  matvecmul_design_i/ps7/inst/PS7_i/FCLKCLK[0]
                         net (fo=1, routed)           0.310     0.310    matvecmul_design_i/ps7/inst/FCLK_CLK_unbuffered[0]
    BUFGCTRL_X0Y16       BUFG (Prop_bufg_I_O)         0.026     0.336 r  matvecmul_design_i/ps7/inst/buffer_fclk_clk_0.FCLK_CLK_0_BUFG/O
                         net (fo=5456, routed)        0.593     0.929    matvecmul_design_i/axi_mem_intercon/m00_couplers/auto_pc/inst/gen_axi4_axi3.axi3_conv_inst/USE_WRITE.write_addr_inst/USE_BURSTS.cmd_queue/inst/fifo_gen_inst/inst_fifo_gen/gconvfifo.rf/grf.rf/rstblk/clk
    SLICE_X17Y38         FDRE                                         r  matvecmul_design_i/axi_mem_intercon/m00_couplers/auto_pc/inst/gen_axi4_axi3.axi3_conv_inst/USE_WRITE.write_addr_inst/USE_BURSTS.cmd_queue/inst/fifo_gen_inst/inst_fifo_gen/gconvfifo.rf/grf.rf/rstblk/ngwrdrst.grst.g7serrst.gnsckt_wrst.gcc_rst.sckt_wr_rst_cc_reg[0]/C
  -------------------------------------------------------------------    -------------------
    SLICE_X17Y38         FDRE (Prop_fdre_C_Q)         0.141     1.070 f  matvecmul_design_i/axi_mem_intercon/m00_couplers/auto_pc/inst/gen_axi4_axi3.axi3_conv_inst/USE_WRITE.write_addr_inst/USE_BURSTS.cmd_queue/inst/fifo_gen_inst/inst_fifo_gen/gconvfifo.rf/grf.rf/rstblk/ngwrdrst.grst.g7serrst.gnsckt_wrst.gcc_rst.sckt_wr_rst_cc_reg[0]/Q
                         net (fo=3, routed)           0.119     1.189    matvecmul_design_i/axi_mem_intercon/m00_couplers/auto_pc/inst/gen_axi4_axi3.axi3_conv_inst/USE_WRITE.write_addr_inst/USE_BURSTS.cmd_queue/inst/fifo_gen_inst/inst_fifo_gen/gconvfifo.rf/grf.rf/rstblk/sckt_wr_rst_cc[0]
    SLICE_X18Y38         LUT3 (Prop_lut3_I1_O)        0.045     1.234 f  matvecmul_design_i/axi_mem_intercon/m00_couplers/auto_pc/inst/gen_axi4_axi3.axi3_conv_inst/USE_WRITE.write_addr_inst/USE_BURSTS.cmd_queue/inst/fifo_gen_inst/inst_fifo_gen/gconvfifo.rf/grf.rf/rstblk/gpregsm1.curr_fwft_state[1]_i_2/O
                         net (fo=32, routed)          0.207     1.441    matvecmul_design_i/axi_mem_intercon/m00_couplers/auto_pc/inst/gen_axi4_axi3.axi3_conv_inst/USE_WRITE.write_addr_inst/USE_BURSTS.cmd_queue/inst/fifo_gen_inst/inst_fifo_gen/gconvfifo.rf/grf.rf/gntv_or_sync_fifo.gl0.wr/wpntr/AR[0]
    SLICE_X16Y39         FDCE                                         f  matvecmul_design_i/axi_mem_intercon/m00_couplers/auto_pc/inst/gen_axi4_axi3.axi3_conv_inst/USE_WRITE.write_addr_inst/USE_BURSTS.cmd_queue/inst/fifo_gen_inst/inst_fifo_gen/gconvfifo.rf/grf.rf/gntv_or_sync_fifo.gl0.wr/wpntr/gcc0.gc0.count_d1_reg[3]/CLR
  -------------------------------------------------------------------    -------------------

                         (clock clk_fpga_0 rise edge)
                                                      0.000     0.000 r  
    PS7_X0Y0             PS7                          0.000     0.000 r  matvecmul_design_i/ps7/inst/PS7_i/FCLKCLK[0]
                         net (fo=1, routed)           0.337     0.337    matvecmul_design_i/ps7/inst/FCLK_CLK_unbuffered[0]
    BUFGCTRL_X0Y16       BUFG (Prop_bufg_I_O)         0.029     0.366 r  matvecmul_design_i/ps7/inst/buffer_fclk_clk_0.FCLK_CLK_0_BUFG/O
                         net (fo=5456, routed)        0.863     1.229    matvecmul_design_i/axi_mem_intercon/m00_couplers/auto_pc/inst/gen_axi4_axi3.axi3_conv_inst/USE_WRITE.write_addr_inst/USE_BURSTS.cmd_queue/inst/fifo_gen_inst/inst_fifo_gen/gconvfifo.rf/grf.rf/gntv_or_sync_fifo.gl0.wr/wpntr/clk
    SLICE_X16Y39         FDCE                                         r  matvecmul_design_i/axi_mem_intercon/m00_couplers/auto_pc/inst/gen_axi4_axi3.axi3_conv_inst/USE_WRITE.write_addr_inst/USE_BURSTS.cmd_queue/inst/fifo_gen_inst/inst_fifo_gen/gconvfifo.rf/grf.rf/gntv_or_sync_fifo.gl0.wr/wpntr/gcc0.gc0.count_d1_reg[3]/C
                         clock pessimism             -0.284     0.945    
    SLICE_X16Y39         FDCE (Remov_fdce_C_CLR)     -0.067     0.878    matvecmul_design_i/axi_mem_intercon/m00_couplers/auto_pc/inst/gen_axi4_axi3.axi3_conv_inst/USE_WRITE.write_addr_inst/USE_BURSTS.cmd_queue/inst/fifo_gen_inst/inst_fifo_gen/gconvfifo.rf/grf.rf/gntv_or_sync_fifo.gl0.wr/wpntr/gcc0.gc0.count_d1_reg[3]
  -------------------------------------------------------------------
                         required time                         -0.877    
                         arrival time                           1.441    
  -------------------------------------------------------------------
                         slack                                  0.563    

Slack (MET) :             0.563ns  (arrival time - required time)
  Source:                 matvecmul_design_i/axi_mem_intercon/m00_couplers/auto_pc/inst/gen_axi4_axi3.axi3_conv_inst/USE_WRITE.write_addr_inst/USE_BURSTS.cmd_queue/inst/fifo_gen_inst/inst_fifo_gen/gconvfifo.rf/grf.rf/rstblk/ngwrdrst.grst.g7serrst.gnsckt_wrst.gcc_rst.sckt_wr_rst_cc_reg[0]/C
                            (rising edge-triggered cell FDRE clocked by clk_fpga_0  {rise@0.000ns fall@5.000ns period=10.000ns})
  Destination:            matvecmul_design_i/axi_mem_intercon/m00_couplers/auto_pc/inst/gen_axi4_axi3.axi3_conv_inst/USE_WRITE.write_addr_inst/USE_BURSTS.cmd_queue/inst/fifo_gen_inst/inst_fifo_gen/gconvfifo.rf/grf.rf/gntv_or_sync_fifo.gl0.wr/wpntr/gcc0.gc0.count_d1_reg[4]/CLR
                            (removal check against rising-edge clock clk_fpga_0  {rise@0.000ns fall@5.000ns period=10.000ns})
  Path Group:             **async_default**
  Path Type:              Removal (Min at Fast Process Corner)
  Requirement:            0.000ns  (clk_fpga_0 rise@0.000ns - clk_fpga_0 rise@0.000ns)
  Data Path Delay:        0.512ns  (logic 0.186ns (36.309%)  route 0.326ns (63.691%))
  Logic Levels:           1  (LUT3=1)
  Clock Path Skew:        0.016ns (DCD - SCD - CPR)
    Destination Clock Delay (DCD):    1.229ns
    Source Clock Delay      (SCD):    0.929ns
    Clock Pessimism Removal (CPR):    0.284ns

    Location             Delay type                Incr(ns)  Path(ns)    Netlist Resource(s)
  -------------------------------------------------------------------    -------------------
                         (clock clk_fpga_0 rise edge)
                                                      0.000     0.000 r  
    PS7_X0Y0             PS7                          0.000     0.000 r  matvecmul_design_i/ps7/inst/PS7_i/FCLKCLK[0]
                         net (fo=1, routed)           0.310     0.310    matvecmul_design_i/ps7/inst/FCLK_CLK_unbuffered[0]
    BUFGCTRL_X0Y16       BUFG (Prop_bufg_I_O)         0.026     0.336 r  matvecmul_design_i/ps7/inst/buffer_fclk_clk_0.FCLK_CLK_0_BUFG/O
                         net (fo=5456, routed)        0.593     0.929    matvecmul_design_i/axi_mem_intercon/m00_couplers/auto_pc/inst/gen_axi4_axi3.axi3_conv_inst/USE_WRITE.write_addr_inst/USE_BURSTS.cmd_queue/inst/fifo_gen_inst/inst_fifo_gen/gconvfifo.rf/grf.rf/rstblk/clk
    SLICE_X17Y38         FDRE                                         r  matvecmul_design_i/axi_mem_intercon/m00_couplers/auto_pc/inst/gen_axi4_axi3.axi3_conv_inst/USE_WRITE.write_addr_inst/USE_BURSTS.cmd_queue/inst/fifo_gen_inst/inst_fifo_gen/gconvfifo.rf/grf.rf/rstblk/ngwrdrst.grst.g7serrst.gnsckt_wrst.gcc_rst.sckt_wr_rst_cc_reg[0]/C
  -------------------------------------------------------------------    -------------------
    SLICE_X17Y38         FDRE (Prop_fdre_C_Q)         0.141     1.070 f  matvecmul_design_i/axi_mem_intercon/m00_couplers/auto_pc/inst/gen_axi4_axi3.axi3_conv_inst/USE_WRITE.write_addr_inst/USE_BURSTS.cmd_queue/inst/fifo_gen_inst/inst_fifo_gen/gconvfifo.rf/grf.rf/rstblk/ngwrdrst.grst.g7serrst.gnsckt_wrst.gcc_rst.sckt_wr_rst_cc_reg[0]/Q
                         net (fo=3, routed)           0.119     1.189    matvecmul_design_i/axi_mem_intercon/m00_couplers/auto_pc/inst/gen_axi4_axi3.axi3_conv_inst/USE_WRITE.write_addr_inst/USE_BURSTS.cmd_queue/inst/fifo_gen_inst/inst_fifo_gen/gconvfifo.rf/grf.rf/rstblk/sckt_wr_rst_cc[0]
    SLICE_X18Y38         LUT3 (Prop_lut3_I1_O)        0.045     1.234 f  matvecmul_design_i/axi_mem_intercon/m00_couplers/auto_pc/inst/gen_axi4_axi3.axi3_conv_inst/USE_WRITE.write_addr_inst/USE_BURSTS.cmd_queue/inst/fifo_gen_inst/inst_fifo_gen/gconvfifo.rf/grf.rf/rstblk/gpregsm1.curr_fwft_state[1]_i_2/O
                         net (fo=32, routed)          0.207     1.441    matvecmul_design_i/axi_mem_intercon/m00_couplers/auto_pc/inst/gen_axi4_axi3.axi3_conv_inst/USE_WRITE.write_addr_inst/USE_BURSTS.cmd_queue/inst/fifo_gen_inst/inst_fifo_gen/gconvfifo.rf/grf.rf/gntv_or_sync_fifo.gl0.wr/wpntr/AR[0]
    SLICE_X16Y39         FDCE                                         f  matvecmul_design_i/axi_mem_intercon/m00_couplers/auto_pc/inst/gen_axi4_axi3.axi3_conv_inst/USE_WRITE.write_addr_inst/USE_BURSTS.cmd_queue/inst/fifo_gen_inst/inst_fifo_gen/gconvfifo.rf/grf.rf/gntv_or_sync_fifo.gl0.wr/wpntr/gcc0.gc0.count_d1_reg[4]/CLR
  -------------------------------------------------------------------    -------------------

                         (clock clk_fpga_0 rise edge)
                                                      0.000     0.000 r  
    PS7_X0Y0             PS7                          0.000     0.000 r  matvecmul_design_i/ps7/inst/PS7_i/FCLKCLK[0]
                         net (fo=1, routed)           0.337     0.337    matvecmul_design_i/ps7/inst/FCLK_CLK_unbuffered[0]
    BUFGCTRL_X0Y16       BUFG (Prop_bufg_I_O)         0.029     0.366 r  matvecmul_design_i/ps7/inst/buffer_fclk_clk_0.FCLK_CLK_0_BUFG/O
                         net (fo=5456, routed)        0.863     1.229    matvecmul_design_i/axi_mem_intercon/m00_couplers/auto_pc/inst/gen_axi4_axi3.axi3_conv_inst/USE_WRITE.write_addr_inst/USE_BURSTS.cmd_queue/inst/fifo_gen_inst/inst_fifo_gen/gconvfifo.rf/grf.rf/gntv_or_sync_fifo.gl0.wr/wpntr/clk
    SLICE_X16Y39         FDCE                                         r  matvecmul_design_i/axi_mem_intercon/m00_couplers/auto_pc/inst/gen_axi4_axi3.axi3_conv_inst/USE_WRITE.write_addr_inst/USE_BURSTS.cmd_queue/inst/fifo_gen_inst/inst_fifo_gen/gconvfifo.rf/grf.rf/gntv_or_sync_fifo.gl0.wr/wpntr/gcc0.gc0.count_d1_reg[4]/C
                         clock pessimism             -0.284     0.945    
    SLICE_X16Y39         FDCE (Remov_fdce_C_CLR)     -0.067     0.878    matvecmul_design_i/axi_mem_intercon/m00_couplers/auto_pc/inst/gen_axi4_axi3.axi3_conv_inst/USE_WRITE.write_addr_inst/USE_BURSTS.cmd_queue/inst/fifo_gen_inst/inst_fifo_gen/gconvfifo.rf/grf.rf/gntv_or_sync_fifo.gl0.wr/wpntr/gcc0.gc0.count_d1_reg[4]
  -------------------------------------------------------------------
                         required time                         -0.877    
                         arrival time                           1.441    
  -------------------------------------------------------------------
                         slack                                  0.563    

Slack (MET) :             0.564ns  (arrival time - required time)
  Source:                 matvecmul_design_i/axi_mem_intercon/m00_couplers/auto_pc/inst/gen_axi4_axi3.axi3_conv_inst/USE_WRITE.write_addr_inst/USE_BURSTS.cmd_queue/inst/fifo_gen_inst/inst_fifo_gen/gconvfifo.rf/grf.rf/rstblk/ngwrdrst.grst.g7serrst.gnsckt_wrst.gcc_rst.sckt_wr_rst_cc_reg[0]/C
                            (rising edge-triggered cell FDRE clocked by clk_fpga_0  {rise@0.000ns fall@5.000ns period=10.000ns})
  Destination:            matvecmul_design_i/axi_mem_intercon/m00_couplers/auto_pc/inst/gen_axi4_axi3.axi3_conv_inst/USE_WRITE.write_addr_inst/USE_BURSTS.cmd_queue/inst/fifo_gen_inst/inst_fifo_gen/gconvfifo.rf/grf.rf/gntv_or_sync_fifo.gl0.rd/gr1.gr1_int.rfwft/aempty_fwft_fb_i_reg/PRE
                            (removal check against rising-edge clock clk_fpga_0  {rise@0.000ns fall@5.000ns period=10.000ns})
  Path Group:             **async_default**
  Path Type:              Removal (Min at Fast Process Corner)
  Requirement:            0.000ns  (clk_fpga_0 rise@0.000ns - clk_fpga_0 rise@0.000ns)
  Data Path Delay:        0.509ns  (logic 0.186ns (36.542%)  route 0.323ns (63.458%))
  Logic Levels:           1  (LUT3=1)
  Clock Path Skew:        0.016ns (DCD - SCD - CPR)
    Destination Clock Delay (DCD):    1.229ns
    Source Clock Delay      (SCD):    0.929ns
    Clock Pessimism Removal (CPR):    0.284ns

    Location             Delay type                Incr(ns)  Path(ns)    Netlist Resource(s)
  -------------------------------------------------------------------    -------------------
                         (clock clk_fpga_0 rise edge)
                                                      0.000     0.000 r  
    PS7_X0Y0             PS7                          0.000     0.000 r  matvecmul_design_i/ps7/inst/PS7_i/FCLKCLK[0]
                         net (fo=1, routed)           0.310     0.310    matvecmul_design_i/ps7/inst/FCLK_CLK_unbuffered[0]
    BUFGCTRL_X0Y16       BUFG (Prop_bufg_I_O)         0.026     0.336 r  matvecmul_design_i/ps7/inst/buffer_fclk_clk_0.FCLK_CLK_0_BUFG/O
                         net (fo=5456, routed)        0.593     0.929    matvecmul_design_i/axi_mem_intercon/m00_couplers/auto_pc/inst/gen_axi4_axi3.axi3_conv_inst/USE_WRITE.write_addr_inst/USE_BURSTS.cmd_queue/inst/fifo_gen_inst/inst_fifo_gen/gconvfifo.rf/grf.rf/rstblk/clk
    SLICE_X17Y38         FDRE                                         r  matvecmul_design_i/axi_mem_intercon/m00_couplers/auto_pc/inst/gen_axi4_axi3.axi3_conv_inst/USE_WRITE.write_addr_inst/USE_BURSTS.cmd_queue/inst/fifo_gen_inst/inst_fifo_gen/gconvfifo.rf/grf.rf/rstblk/ngwrdrst.grst.g7serrst.gnsckt_wrst.gcc_rst.sckt_wr_rst_cc_reg[0]/C
  -------------------------------------------------------------------    -------------------
    SLICE_X17Y38         FDRE (Prop_fdre_C_Q)         0.141     1.070 f  matvecmul_design_i/axi_mem_intercon/m00_couplers/auto_pc/inst/gen_axi4_axi3.axi3_conv_inst/USE_WRITE.write_addr_inst/USE_BURSTS.cmd_queue/inst/fifo_gen_inst/inst_fifo_gen/gconvfifo.rf/grf.rf/rstblk/ngwrdrst.grst.g7serrst.gnsckt_wrst.gcc_rst.sckt_wr_rst_cc_reg[0]/Q
                         net (fo=3, routed)           0.119     1.189    matvecmul_design_i/axi_mem_intercon/m00_couplers/auto_pc/inst/gen_axi4_axi3.axi3_conv_inst/USE_WRITE.write_addr_inst/USE_BURSTS.cmd_queue/inst/fifo_gen_inst/inst_fifo_gen/gconvfifo.rf/grf.rf/rstblk/sckt_wr_rst_cc[0]
    SLICE_X18Y38         LUT3 (Prop_lut3_I1_O)        0.045     1.234 f  matvecmul_design_i/axi_mem_intercon/m00_couplers/auto_pc/inst/gen_axi4_axi3.axi3_conv_inst/USE_WRITE.write_addr_inst/USE_BURSTS.cmd_queue/inst/fifo_gen_inst/inst_fifo_gen/gconvfifo.rf/grf.rf/rstblk/gpregsm1.curr_fwft_state[1]_i_2/O
                         net (fo=32, routed)          0.204     1.438    matvecmul_design_i/axi_mem_intercon/m00_couplers/auto_pc/inst/gen_axi4_axi3.axi3_conv_inst/USE_WRITE.write_addr_inst/USE_BURSTS.cmd_queue/inst/fifo_gen_inst/inst_fifo_gen/gconvfifo.rf/grf.rf/gntv_or_sync_fifo.gl0.rd/gr1.gr1_int.rfwft/gpregsm1.user_valid_reg_0
    SLICE_X18Y38         FDPE                                         f  matvecmul_design_i/axi_mem_intercon/m00_couplers/auto_pc/inst/gen_axi4_axi3.axi3_conv_inst/USE_WRITE.write_addr_inst/USE_BURSTS.cmd_queue/inst/fifo_gen_inst/inst_fifo_gen/gconvfifo.rf/grf.rf/gntv_or_sync_fifo.gl0.rd/gr1.gr1_int.rfwft/aempty_fwft_fb_i_reg/PRE
  -------------------------------------------------------------------    -------------------

                         (clock clk_fpga_0 rise edge)
                                                      0.000     0.000 r  
    PS7_X0Y0             PS7                          0.000     0.000 r  matvecmul_design_i/ps7/inst/PS7_i/FCLKCLK[0]
                         net (fo=1, routed)           0.337     0.337    matvecmul_design_i/ps7/inst/FCLK_CLK_unbuffered[0]
    BUFGCTRL_X0Y16       BUFG (Prop_bufg_I_O)         0.029     0.366 r  matvecmul_design_i/ps7/inst/buffer_fclk_clk_0.FCLK_CLK_0_BUFG/O
                         net (fo=5456, routed)        0.863     1.229    matvecmul_design_i/axi_mem_intercon/m00_couplers/auto_pc/inst/gen_axi4_axi3.axi3_conv_inst/USE_WRITE.write_addr_inst/USE_BURSTS.cmd_queue/inst/fifo_gen_inst/inst_fifo_gen/gconvfifo.rf/grf.rf/gntv_or_sync_fifo.gl0.rd/gr1.gr1_int.rfwft/clk
    SLICE_X18Y38         FDPE                                         r  matvecmul_design_i/axi_mem_intercon/m00_couplers/auto_pc/inst/gen_axi4_axi3.axi3_conv_inst/USE_WRITE.write_addr_inst/USE_BURSTS.cmd_queue/inst/fifo_gen_inst/inst_fifo_gen/gconvfifo.rf/grf.rf/gntv_or_sync_fifo.gl0.rd/gr1.gr1_int.rfwft/aempty_fwft_fb_i_reg/C
                         clock pessimism             -0.284     0.945    
    SLICE_X18Y38         FDPE (Remov_fdpe_C_PRE)     -0.071     0.874    matvecmul_design_i/axi_mem_intercon/m00_couplers/auto_pc/inst/gen_axi4_axi3.axi3_conv_inst/USE_WRITE.write_addr_inst/USE_BURSTS.cmd_queue/inst/fifo_gen_inst/inst_fifo_gen/gconvfifo.rf/grf.rf/gntv_or_sync_fifo.gl0.rd/gr1.gr1_int.rfwft/aempty_fwft_fb_i_reg
  -------------------------------------------------------------------
                         required time                         -0.874    
                         arrival time                           1.438    
  -------------------------------------------------------------------
                         slack                                  0.564    

Slack (MET) :             0.564ns  (arrival time - required time)
  Source:                 matvecmul_design_i/axi_mem_intercon/m00_couplers/auto_pc/inst/gen_axi4_axi3.axi3_conv_inst/USE_WRITE.write_addr_inst/USE_BURSTS.cmd_queue/inst/fifo_gen_inst/inst_fifo_gen/gconvfifo.rf/grf.rf/rstblk/ngwrdrst.grst.g7serrst.gnsckt_wrst.gcc_rst.sckt_wr_rst_cc_reg[0]/C
                            (rising edge-triggered cell FDRE clocked by clk_fpga_0  {rise@0.000ns fall@5.000ns period=10.000ns})
  Destination:            matvecmul_design_i/axi_mem_intercon/m00_couplers/auto_pc/inst/gen_axi4_axi3.axi3_conv_inst/USE_WRITE.write_addr_inst/USE_BURSTS.cmd_queue/inst/fifo_gen_inst/inst_fifo_gen/gconvfifo.rf/grf.rf/gntv_or_sync_fifo.gl0.rd/gr1.gr1_int.rfwft/aempty_fwft_i_reg/PRE
                            (removal check against rising-edge clock clk_fpga_0  {rise@0.000ns fall@5.000ns period=10.000ns})
  Path Group:             **async_default**
  Path Type:              Removal (Min at Fast Process Corner)
  Requirement:            0.000ns  (clk_fpga_0 rise@0.000ns - clk_fpga_0 rise@0.000ns)
  Data Path Delay:        0.509ns  (logic 0.186ns (36.542%)  route 0.323ns (63.458%))
  Logic Levels:           1  (LUT3=1)
  Clock Path Skew:        0.016ns (DCD - SCD - CPR)
    Destination Clock Delay (DCD):    1.229ns
    Source Clock Delay      (SCD):    0.929ns
    Clock Pessimism Removal (CPR):    0.284ns

    Location             Delay type                Incr(ns)  Path(ns)    Netlist Resource(s)
  -------------------------------------------------------------------    -------------------
                         (clock clk_fpga_0 rise edge)
                                                      0.000     0.000 r  
    PS7_X0Y0             PS7                          0.000     0.000 r  matvecmul_design_i/ps7/inst/PS7_i/FCLKCLK[0]
                         net (fo=1, routed)           0.310     0.310    matvecmul_design_i/ps7/inst/FCLK_CLK_unbuffered[0]
    BUFGCTRL_X0Y16       BUFG (Prop_bufg_I_O)         0.026     0.336 r  matvecmul_design_i/ps7/inst/buffer_fclk_clk_0.FCLK_CLK_0_BUFG/O
                         net (fo=5456, routed)        0.593     0.929    matvecmul_design_i/axi_mem_intercon/m00_couplers/auto_pc/inst/gen_axi4_axi3.axi3_conv_inst/USE_WRITE.write_addr_inst/USE_BURSTS.cmd_queue/inst/fifo_gen_inst/inst_fifo_gen/gconvfifo.rf/grf.rf/rstblk/clk
    SLICE_X17Y38         FDRE                                         r  matvecmul_design_i/axi_mem_intercon/m00_couplers/auto_pc/inst/gen_axi4_axi3.axi3_conv_inst/USE_WRITE.write_addr_inst/USE_BURSTS.cmd_queue/inst/fifo_gen_inst/inst_fifo_gen/gconvfifo.rf/grf.rf/rstblk/ngwrdrst.grst.g7serrst.gnsckt_wrst.gcc_rst.sckt_wr_rst_cc_reg[0]/C
  -------------------------------------------------------------------    -------------------
    SLICE_X17Y38         FDRE (Prop_fdre_C_Q)         0.141     1.070 f  matvecmul_design_i/axi_mem_intercon/m00_couplers/auto_pc/inst/gen_axi4_axi3.axi3_conv_inst/USE_WRITE.write_addr_inst/USE_BURSTS.cmd_queue/inst/fifo_gen_inst/inst_fifo_gen/gconvfifo.rf/grf.rf/rstblk/ngwrdrst.grst.g7serrst.gnsckt_wrst.gcc_rst.sckt_wr_rst_cc_reg[0]/Q
                         net (fo=3, routed)           0.119     1.189    matvecmul_design_i/axi_mem_intercon/m00_couplers/auto_pc/inst/gen_axi4_axi3.axi3_conv_inst/USE_WRITE.write_addr_inst/USE_BURSTS.cmd_queue/inst/fifo_gen_inst/inst_fifo_gen/gconvfifo.rf/grf.rf/rstblk/sckt_wr_rst_cc[0]
    SLICE_X18Y38         LUT3 (Prop_lut3_I1_O)        0.045     1.234 f  matvecmul_design_i/axi_mem_intercon/m00_couplers/auto_pc/inst/gen_axi4_axi3.axi3_conv_inst/USE_WRITE.write_addr_inst/USE_BURSTS.cmd_queue/inst/fifo_gen_inst/inst_fifo_gen/gconvfifo.rf/grf.rf/rstblk/gpregsm1.curr_fwft_state[1]_i_2/O
                         net (fo=32, routed)          0.204     1.438    matvecmul_design_i/axi_mem_intercon/m00_couplers/auto_pc/inst/gen_axi4_axi3.axi3_conv_inst/USE_WRITE.write_addr_inst/USE_BURSTS.cmd_queue/inst/fifo_gen_inst/inst_fifo_gen/gconvfifo.rf/grf.rf/gntv_or_sync_fifo.gl0.rd/gr1.gr1_int.rfwft/gpregsm1.user_valid_reg_0
    SLICE_X18Y38         FDPE                                         f  matvecmul_design_i/axi_mem_intercon/m00_couplers/auto_pc/inst/gen_axi4_axi3.axi3_conv_inst/USE_WRITE.write_addr_inst/USE_BURSTS.cmd_queue/inst/fifo_gen_inst/inst_fifo_gen/gconvfifo.rf/grf.rf/gntv_or_sync_fifo.gl0.rd/gr1.gr1_int.rfwft/aempty_fwft_i_reg/PRE
  -------------------------------------------------------------------    -------------------

                         (clock clk_fpga_0 rise edge)
                                                      0.000     0.000 r  
    PS7_X0Y0             PS7                          0.000     0.000 r  matvecmul_design_i/ps7/inst/PS7_i/FCLKCLK[0]
                         net (fo=1, routed)           0.337     0.337    matvecmul_design_i/ps7/inst/FCLK_CLK_unbuffered[0]
    BUFGCTRL_X0Y16       BUFG (Prop_bufg_I_O)         0.029     0.366 r  matvecmul_design_i/ps7/inst/buffer_fclk_clk_0.FCLK_CLK_0_BUFG/O
                         net (fo=5456, routed)        0.863     1.229    matvecmul_design_i/axi_mem_intercon/m00_couplers/auto_pc/inst/gen_axi4_axi3.axi3_conv_inst/USE_WRITE.write_addr_inst/USE_BURSTS.cmd_queue/inst/fifo_gen_inst/inst_fifo_gen/gconvfifo.rf/grf.rf/gntv_or_sync_fifo.gl0.rd/gr1.gr1_int.rfwft/clk
    SLICE_X18Y38         FDPE                                         r  matvecmul_design_i/axi_mem_intercon/m00_couplers/auto_pc/inst/gen_axi4_axi3.axi3_conv_inst/USE_WRITE.write_addr_inst/USE_BURSTS.cmd_queue/inst/fifo_gen_inst/inst_fifo_gen/gconvfifo.rf/grf.rf/gntv_or_sync_fifo.gl0.rd/gr1.gr1_int.rfwft/aempty_fwft_i_reg/C
                         clock pessimism             -0.284     0.945    
    SLICE_X18Y38         FDPE (Remov_fdpe_C_PRE)     -0.071     0.874    matvecmul_design_i/axi_mem_intercon/m00_couplers/auto_pc/inst/gen_axi4_axi3.axi3_conv_inst/USE_WRITE.write_addr_inst/USE_BURSTS.cmd_queue/inst/fifo_gen_inst/inst_fifo_gen/gconvfifo.rf/grf.rf/gntv_or_sync_fifo.gl0.rd/gr1.gr1_int.rfwft/aempty_fwft_i_reg
  -------------------------------------------------------------------
                         required time                         -0.874    
                         arrival time                           1.438    
  -------------------------------------------------------------------
                         slack                                  0.564    

Slack (MET) :             0.564ns  (arrival time - required time)
  Source:                 matvecmul_design_i/axi_mem_intercon/m00_couplers/auto_pc/inst/gen_axi4_axi3.axi3_conv_inst/USE_WRITE.write_addr_inst/USE_BURSTS.cmd_queue/inst/fifo_gen_inst/inst_fifo_gen/gconvfifo.rf/grf.rf/rstblk/ngwrdrst.grst.g7serrst.gnsckt_wrst.gcc_rst.sckt_wr_rst_cc_reg[0]/C
                            (rising edge-triggered cell FDRE clocked by clk_fpga_0  {rise@0.000ns fall@5.000ns period=10.000ns})
  Destination:            matvecmul_design_i/axi_mem_intercon/m00_couplers/auto_pc/inst/gen_axi4_axi3.axi3_conv_inst/USE_WRITE.write_addr_inst/USE_BURSTS.cmd_queue/inst/fifo_gen_inst/inst_fifo_gen/gconvfifo.rf/grf.rf/gntv_or_sync_fifo.gl0.rd/gr1.gr1_int.rfwft/empty_fwft_fb_i_reg/PRE
                            (removal check against rising-edge clock clk_fpga_0  {rise@0.000ns fall@5.000ns period=10.000ns})
  Path Group:             **async_default**
  Path Type:              Removal (Min at Fast Process Corner)
  Requirement:            0.000ns  (clk_fpga_0 rise@0.000ns - clk_fpga_0 rise@0.000ns)
  Data Path Delay:        0.509ns  (logic 0.186ns (36.542%)  route 0.323ns (63.458%))
  Logic Levels:           1  (LUT3=1)
  Clock Path Skew:        0.016ns (DCD - SCD - CPR)
    Destination Clock Delay (DCD):    1.229ns
    Source Clock Delay      (SCD):    0.929ns
    Clock Pessimism Removal (CPR):    0.284ns

    Location             Delay type                Incr(ns)  Path(ns)    Netlist Resource(s)
  -------------------------------------------------------------------    -------------------
                         (clock clk_fpga_0 rise edge)
                                                      0.000     0.000 r  
    PS7_X0Y0             PS7                          0.000     0.000 r  matvecmul_design_i/ps7/inst/PS7_i/FCLKCLK[0]
                         net (fo=1, routed)           0.310     0.310    matvecmul_design_i/ps7/inst/FCLK_CLK_unbuffered[0]
    BUFGCTRL_X0Y16       BUFG (Prop_bufg_I_O)         0.026     0.336 r  matvecmul_design_i/ps7/inst/buffer_fclk_clk_0.FCLK_CLK_0_BUFG/O
                         net (fo=5456, routed)        0.593     0.929    matvecmul_design_i/axi_mem_intercon/m00_couplers/auto_pc/inst/gen_axi4_axi3.axi3_conv_inst/USE_WRITE.write_addr_inst/USE_BURSTS.cmd_queue/inst/fifo_gen_inst/inst_fifo_gen/gconvfifo.rf/grf.rf/rstblk/clk
    SLICE_X17Y38         FDRE                                         r  matvecmul_design_i/axi_mem_intercon/m00_couplers/auto_pc/inst/gen_axi4_axi3.axi3_conv_inst/USE_WRITE.write_addr_inst/USE_BURSTS.cmd_queue/inst/fifo_gen_inst/inst_fifo_gen/gconvfifo.rf/grf.rf/rstblk/ngwrdrst.grst.g7serrst.gnsckt_wrst.gcc_rst.sckt_wr_rst_cc_reg[0]/C
  -------------------------------------------------------------------    -------------------
    SLICE_X17Y38         FDRE (Prop_fdre_C_Q)         0.141     1.070 f  matvecmul_design_i/axi_mem_intercon/m00_couplers/auto_pc/inst/gen_axi4_axi3.axi3_conv_inst/USE_WRITE.write_addr_inst/USE_BURSTS.cmd_queue/inst/fifo_gen_inst/inst_fifo_gen/gconvfifo.rf/grf.rf/rstblk/ngwrdrst.grst.g7serrst.gnsckt_wrst.gcc_rst.sckt_wr_rst_cc_reg[0]/Q
                         net (fo=3, routed)           0.119     1.189    matvecmul_design_i/axi_mem_intercon/m00_couplers/auto_pc/inst/gen_axi4_axi3.axi3_conv_inst/USE_WRITE.write_addr_inst/USE_BURSTS.cmd_queue/inst/fifo_gen_inst/inst_fifo_gen/gconvfifo.rf/grf.rf/rstblk/sckt_wr_rst_cc[0]
    SLICE_X18Y38         LUT3 (Prop_lut3_I1_O)        0.045     1.234 f  matvecmul_design_i/axi_mem_intercon/m00_couplers/auto_pc/inst/gen_axi4_axi3.axi3_conv_inst/USE_WRITE.write_addr_inst/USE_BURSTS.cmd_queue/inst/fifo_gen_inst/inst_fifo_gen/gconvfifo.rf/grf.rf/rstblk/gpregsm1.curr_fwft_state[1]_i_2/O
                         net (fo=32, routed)          0.204     1.438    matvecmul_design_i/axi_mem_intercon/m00_couplers/auto_pc/inst/gen_axi4_axi3.axi3_conv_inst/USE_WRITE.write_addr_inst/USE_BURSTS.cmd_queue/inst/fifo_gen_inst/inst_fifo_gen/gconvfifo.rf/grf.rf/gntv_or_sync_fifo.gl0.rd/gr1.gr1_int.rfwft/gpregsm1.user_valid_reg_0
    SLICE_X18Y38         FDPE                                         f  matvecmul_design_i/axi_mem_intercon/m00_couplers/auto_pc/inst/gen_axi4_axi3.axi3_conv_inst/USE_WRITE.write_addr_inst/USE_BURSTS.cmd_queue/inst/fifo_gen_inst/inst_fifo_gen/gconvfifo.rf/grf.rf/gntv_or_sync_fifo.gl0.rd/gr1.gr1_int.rfwft/empty_fwft_fb_i_reg/PRE
  -------------------------------------------------------------------    -------------------

                         (clock clk_fpga_0 rise edge)
                                                      0.000     0.000 r  
    PS7_X0Y0             PS7                          0.000     0.000 r  matvecmul_design_i/ps7/inst/PS7_i/FCLKCLK[0]
                         net (fo=1, routed)           0.337     0.337    matvecmul_design_i/ps7/inst/FCLK_CLK_unbuffered[0]
    BUFGCTRL_X0Y16       BUFG (Prop_bufg_I_O)         0.029     0.366 r  matvecmul_design_i/ps7/inst/buffer_fclk_clk_0.FCLK_CLK_0_BUFG/O
                         net (fo=5456, routed)        0.863     1.229    matvecmul_design_i/axi_mem_intercon/m00_couplers/auto_pc/inst/gen_axi4_axi3.axi3_conv_inst/USE_WRITE.write_addr_inst/USE_BURSTS.cmd_queue/inst/fifo_gen_inst/inst_fifo_gen/gconvfifo.rf/grf.rf/gntv_or_sync_fifo.gl0.rd/gr1.gr1_int.rfwft/clk
    SLICE_X18Y38         FDPE                                         r  matvecmul_design_i/axi_mem_intercon/m00_couplers/auto_pc/inst/gen_axi4_axi3.axi3_conv_inst/USE_WRITE.write_addr_inst/USE_BURSTS.cmd_queue/inst/fifo_gen_inst/inst_fifo_gen/gconvfifo.rf/grf.rf/gntv_or_sync_fifo.gl0.rd/gr1.gr1_int.rfwft/empty_fwft_fb_i_reg/C
                         clock pessimism             -0.284     0.945    
    SLICE_X18Y38         FDPE (Remov_fdpe_C_PRE)     -0.071     0.874    matvecmul_design_i/axi_mem_intercon/m00_couplers/auto_pc/inst/gen_axi4_axi3.axi3_conv_inst/USE_WRITE.write_addr_inst/USE_BURSTS.cmd_queue/inst/fifo_gen_inst/inst_fifo_gen/gconvfifo.rf/grf.rf/gntv_or_sync_fifo.gl0.rd/gr1.gr1_int.rfwft/empty_fwft_fb_i_reg
  -------------------------------------------------------------------
                         required time                         -0.874    
                         arrival time                           1.438    
  -------------------------------------------------------------------
                         slack                                  0.564    

Slack (MET) :             0.564ns  (arrival time - required time)
  Source:                 matvecmul_design_i/axi_mem_intercon/m00_couplers/auto_pc/inst/gen_axi4_axi3.axi3_conv_inst/USE_WRITE.write_addr_inst/USE_BURSTS.cmd_queue/inst/fifo_gen_inst/inst_fifo_gen/gconvfifo.rf/grf.rf/rstblk/ngwrdrst.grst.g7serrst.gnsckt_wrst.gcc_rst.sckt_wr_rst_cc_reg[0]/C
                            (rising edge-triggered cell FDRE clocked by clk_fpga_0  {rise@0.000ns fall@5.000ns period=10.000ns})
  Destination:            matvecmul_design_i/axi_mem_intercon/m00_couplers/auto_pc/inst/gen_axi4_axi3.axi3_conv_inst/USE_WRITE.write_addr_inst/USE_BURSTS.cmd_queue/inst/fifo_gen_inst/inst_fifo_gen/gconvfifo.rf/grf.rf/gntv_or_sync_fifo.gl0.rd/gr1.gr1_int.rfwft/empty_fwft_i_reg/PRE
                            (removal check against rising-edge clock clk_fpga_0  {rise@0.000ns fall@5.000ns period=10.000ns})
  Path Group:             **async_default**
  Path Type:              Removal (Min at Fast Process Corner)
  Requirement:            0.000ns  (clk_fpga_0 rise@0.000ns - clk_fpga_0 rise@0.000ns)
  Data Path Delay:        0.509ns  (logic 0.186ns (36.542%)  route 0.323ns (63.458%))
  Logic Levels:           1  (LUT3=1)
  Clock Path Skew:        0.016ns (DCD - SCD - CPR)
    Destination Clock Delay (DCD):    1.229ns
    Source Clock Delay      (SCD):    0.929ns
    Clock Pessimism Removal (CPR):    0.284ns

    Location             Delay type                Incr(ns)  Path(ns)    Netlist Resource(s)
  -------------------------------------------------------------------    -------------------
                         (clock clk_fpga_0 rise edge)
                                                      0.000     0.000 r  
    PS7_X0Y0             PS7                          0.000     0.000 r  matvecmul_design_i/ps7/inst/PS7_i/FCLKCLK[0]
                         net (fo=1, routed)           0.310     0.310    matvecmul_design_i/ps7/inst/FCLK_CLK_unbuffered[0]
    BUFGCTRL_X0Y16       BUFG (Prop_bufg_I_O)         0.026     0.336 r  matvecmul_design_i/ps7/inst/buffer_fclk_clk_0.FCLK_CLK_0_BUFG/O
                         net (fo=5456, routed)        0.593     0.929    matvecmul_design_i/axi_mem_intercon/m00_couplers/auto_pc/inst/gen_axi4_axi3.axi3_conv_inst/USE_WRITE.write_addr_inst/USE_BURSTS.cmd_queue/inst/fifo_gen_inst/inst_fifo_gen/gconvfifo.rf/grf.rf/rstblk/clk
    SLICE_X17Y38         FDRE                                         r  matvecmul_design_i/axi_mem_intercon/m00_couplers/auto_pc/inst/gen_axi4_axi3.axi3_conv_inst/USE_WRITE.write_addr_inst/USE_BURSTS.cmd_queue/inst/fifo_gen_inst/inst_fifo_gen/gconvfifo.rf/grf.rf/rstblk/ngwrdrst.grst.g7serrst.gnsckt_wrst.gcc_rst.sckt_wr_rst_cc_reg[0]/C
  -------------------------------------------------------------------    -------------------
    SLICE_X17Y38         FDRE (Prop_fdre_C_Q)         0.141     1.070 f  matvecmul_design_i/axi_mem_intercon/m00_couplers/auto_pc/inst/gen_axi4_axi3.axi3_conv_inst/USE_WRITE.write_addr_inst/USE_BURSTS.cmd_queue/inst/fifo_gen_inst/inst_fifo_gen/gconvfifo.rf/grf.rf/rstblk/ngwrdrst.grst.g7serrst.gnsckt_wrst.gcc_rst.sckt_wr_rst_cc_reg[0]/Q
                         net (fo=3, routed)           0.119     1.189    matvecmul_design_i/axi_mem_intercon/m00_couplers/auto_pc/inst/gen_axi4_axi3.axi3_conv_inst/USE_WRITE.write_addr_inst/USE_BURSTS.cmd_queue/inst/fifo_gen_inst/inst_fifo_gen/gconvfifo.rf/grf.rf/rstblk/sckt_wr_rst_cc[0]
    SLICE_X18Y38         LUT3 (Prop_lut3_I1_O)        0.045     1.234 f  matvecmul_design_i/axi_mem_intercon/m00_couplers/auto_pc/inst/gen_axi4_axi3.axi3_conv_inst/USE_WRITE.write_addr_inst/USE_BURSTS.cmd_queue/inst/fifo_gen_inst/inst_fifo_gen/gconvfifo.rf/grf.rf/rstblk/gpregsm1.curr_fwft_state[1]_i_2/O
                         net (fo=32, routed)          0.204     1.438    matvecmul_design_i/axi_mem_intercon/m00_couplers/auto_pc/inst/gen_axi4_axi3.axi3_conv_inst/USE_WRITE.write_addr_inst/USE_BURSTS.cmd_queue/inst/fifo_gen_inst/inst_fifo_gen/gconvfifo.rf/grf.rf/gntv_or_sync_fifo.gl0.rd/gr1.gr1_int.rfwft/gpregsm1.user_valid_reg_0
    SLICE_X18Y38         FDPE                                         f  matvecmul_design_i/axi_mem_intercon/m00_couplers/auto_pc/inst/gen_axi4_axi3.axi3_conv_inst/USE_WRITE.write_addr_inst/USE_BURSTS.cmd_queue/inst/fifo_gen_inst/inst_fifo_gen/gconvfifo.rf/grf.rf/gntv_or_sync_fifo.gl0.rd/gr1.gr1_int.rfwft/empty_fwft_i_reg/PRE
  -------------------------------------------------------------------    -------------------

                         (clock clk_fpga_0 rise edge)
                                                      0.000     0.000 r  
    PS7_X0Y0             PS7                          0.000     0.000 r  matvecmul_design_i/ps7/inst/PS7_i/FCLKCLK[0]
                         net (fo=1, routed)           0.337     0.337    matvecmul_design_i/ps7/inst/FCLK_CLK_unbuffered[0]
    BUFGCTRL_X0Y16       BUFG (Prop_bufg_I_O)         0.029     0.366 r  matvecmul_design_i/ps7/inst/buffer_fclk_clk_0.FCLK_CLK_0_BUFG/O
                         net (fo=5456, routed)        0.863     1.229    matvecmul_design_i/axi_mem_intercon/m00_couplers/auto_pc/inst/gen_axi4_axi3.axi3_conv_inst/USE_WRITE.write_addr_inst/USE_BURSTS.cmd_queue/inst/fifo_gen_inst/inst_fifo_gen/gconvfifo.rf/grf.rf/gntv_or_sync_fifo.gl0.rd/gr1.gr1_int.rfwft/clk
    SLICE_X18Y38         FDPE                                         r  matvecmul_design_i/axi_mem_intercon/m00_couplers/auto_pc/inst/gen_axi4_axi3.axi3_conv_inst/USE_WRITE.write_addr_inst/USE_BURSTS.cmd_queue/inst/fifo_gen_inst/inst_fifo_gen/gconvfifo.rf/grf.rf/gntv_or_sync_fifo.gl0.rd/gr1.gr1_int.rfwft/empty_fwft_i_reg/C
                         clock pessimism             -0.284     0.945    
    SLICE_X18Y38         FDPE (Remov_fdpe_C_PRE)     -0.071     0.874    matvecmul_design_i/axi_mem_intercon/m00_couplers/auto_pc/inst/gen_axi4_axi3.axi3_conv_inst/USE_WRITE.write_addr_inst/USE_BURSTS.cmd_queue/inst/fifo_gen_inst/inst_fifo_gen/gconvfifo.rf/grf.rf/gntv_or_sync_fifo.gl0.rd/gr1.gr1_int.rfwft/empty_fwft_i_reg
  -------------------------------------------------------------------
                         required time                         -0.874    
                         arrival time                           1.438    
  -------------------------------------------------------------------
                         slack                                  0.564    

Slack (MET) :             0.565ns  (arrival time - required time)
  Source:                 matvecmul_design_i/axi_mem_intercon/m00_couplers/auto_pc/inst/gen_axi4_axi3.axi3_conv_inst/USE_WRITE.write_addr_inst/USE_BURSTS.cmd_queue/inst/fifo_gen_inst/inst_fifo_gen/gconvfifo.rf/grf.rf/rstblk/ngwrdrst.grst.g7serrst.gnsckt_wrst.gcc_rst.sckt_wr_rst_cc_reg[0]/C
                            (rising edge-triggered cell FDRE clocked by clk_fpga_0  {rise@0.000ns fall@5.000ns period=10.000ns})
  Destination:            matvecmul_design_i/axi_mem_intercon/m00_couplers/auto_pc/inst/gen_axi4_axi3.axi3_conv_inst/USE_WRITE.write_addr_inst/USE_BURSTS.cmd_queue/inst/fifo_gen_inst/inst_fifo_gen/gconvfifo.rf/grf.rf/gntv_or_sync_fifo.gl0.rd/gr1.gr1_int.rfwft/gpregsm1.curr_fwft_state_reg[0]/CLR
                            (removal check against rising-edge clock clk_fpga_0  {rise@0.000ns fall@5.000ns period=10.000ns})
  Path Group:             **async_default**
  Path Type:              Removal (Min at Fast Process Corner)
  Requirement:            0.000ns  (clk_fpga_0 rise@0.000ns - clk_fpga_0 rise@0.000ns)
  Data Path Delay:        0.514ns  (logic 0.186ns (36.220%)  route 0.328ns (63.780%))
  Logic Levels:           1  (LUT3=1)
  Clock Path Skew:        0.016ns (DCD - SCD - CPR)
    Destination Clock Delay (DCD):    1.229ns
    Source Clock Delay      (SCD):    0.929ns
    Clock Pessimism Removal (CPR):    0.284ns

    Location             Delay type                Incr(ns)  Path(ns)    Netlist Resource(s)
  -------------------------------------------------------------------    -------------------
                         (clock clk_fpga_0 rise edge)
                                                      0.000     0.000 r  
    PS7_X0Y0             PS7                          0.000     0.000 r  matvecmul_design_i/ps7/inst/PS7_i/FCLKCLK[0]
                         net (fo=1, routed)           0.310     0.310    matvecmul_design_i/ps7/inst/FCLK_CLK_unbuffered[0]
    BUFGCTRL_X0Y16       BUFG (Prop_bufg_I_O)         0.026     0.336 r  matvecmul_design_i/ps7/inst/buffer_fclk_clk_0.FCLK_CLK_0_BUFG/O
                         net (fo=5456, routed)        0.593     0.929    matvecmul_design_i/axi_mem_intercon/m00_couplers/auto_pc/inst/gen_axi4_axi3.axi3_conv_inst/USE_WRITE.write_addr_inst/USE_BURSTS.cmd_queue/inst/fifo_gen_inst/inst_fifo_gen/gconvfifo.rf/grf.rf/rstblk/clk
    SLICE_X17Y38         FDRE                                         r  matvecmul_design_i/axi_mem_intercon/m00_couplers/auto_pc/inst/gen_axi4_axi3.axi3_conv_inst/USE_WRITE.write_addr_inst/USE_BURSTS.cmd_queue/inst/fifo_gen_inst/inst_fifo_gen/gconvfifo.rf/grf.rf/rstblk/ngwrdrst.grst.g7serrst.gnsckt_wrst.gcc_rst.sckt_wr_rst_cc_reg[0]/C
  -------------------------------------------------------------------    -------------------
    SLICE_X17Y38         FDRE (Prop_fdre_C_Q)         0.141     1.070 f  matvecmul_design_i/axi_mem_intercon/m00_couplers/auto_pc/inst/gen_axi4_axi3.axi3_conv_inst/USE_WRITE.write_addr_inst/USE_BURSTS.cmd_queue/inst/fifo_gen_inst/inst_fifo_gen/gconvfifo.rf/grf.rf/rstblk/ngwrdrst.grst.g7serrst.gnsckt_wrst.gcc_rst.sckt_wr_rst_cc_reg[0]/Q
                         net (fo=3, routed)           0.119     1.189    matvecmul_design_i/axi_mem_intercon/m00_couplers/auto_pc/inst/gen_axi4_axi3.axi3_conv_inst/USE_WRITE.write_addr_inst/USE_BURSTS.cmd_queue/inst/fifo_gen_inst/inst_fifo_gen/gconvfifo.rf/grf.rf/rstblk/sckt_wr_rst_cc[0]
    SLICE_X18Y38         LUT3 (Prop_lut3_I1_O)        0.045     1.234 f  matvecmul_design_i/axi_mem_intercon/m00_couplers/auto_pc/inst/gen_axi4_axi3.axi3_conv_inst/USE_WRITE.write_addr_inst/USE_BURSTS.cmd_queue/inst/fifo_gen_inst/inst_fifo_gen/gconvfifo.rf/grf.rf/rstblk/gpregsm1.curr_fwft_state[1]_i_2/O
                         net (fo=32, routed)          0.208     1.442    matvecmul_design_i/axi_mem_intercon/m00_couplers/auto_pc/inst/gen_axi4_axi3.axi3_conv_inst/USE_WRITE.write_addr_inst/USE_BURSTS.cmd_queue/inst/fifo_gen_inst/inst_fifo_gen/gconvfifo.rf/grf.rf/gntv_or_sync_fifo.gl0.rd/gr1.gr1_int.rfwft/gpregsm1.user_valid_reg_0
    SLICE_X18Y39         FDCE                                         f  matvecmul_design_i/axi_mem_intercon/m00_couplers/auto_pc/inst/gen_axi4_axi3.axi3_conv_inst/USE_WRITE.write_addr_inst/USE_BURSTS.cmd_queue/inst/fifo_gen_inst/inst_fifo_gen/gconvfifo.rf/grf.rf/gntv_or_sync_fifo.gl0.rd/gr1.gr1_int.rfwft/gpregsm1.curr_fwft_state_reg[0]/CLR
  -------------------------------------------------------------------    -------------------

                         (clock clk_fpga_0 rise edge)
                                                      0.000     0.000 r  
    PS7_X0Y0             PS7                          0.000     0.000 r  matvecmul_design_i/ps7/inst/PS7_i/FCLKCLK[0]
                         net (fo=1, routed)           0.337     0.337    matvecmul_design_i/ps7/inst/FCLK_CLK_unbuffered[0]
    BUFGCTRL_X0Y16       BUFG (Prop_bufg_I_O)         0.029     0.366 r  matvecmul_design_i/ps7/inst/buffer_fclk_clk_0.FCLK_CLK_0_BUFG/O
                         net (fo=5456, routed)        0.863     1.229    matvecmul_design_i/axi_mem_intercon/m00_couplers/auto_pc/inst/gen_axi4_axi3.axi3_conv_inst/USE_WRITE.write_addr_inst/USE_BURSTS.cmd_queue/inst/fifo_gen_inst/inst_fifo_gen/gconvfifo.rf/grf.rf/gntv_or_sync_fifo.gl0.rd/gr1.gr1_int.rfwft/clk
    SLICE_X18Y39         FDCE                                         r  matvecmul_design_i/axi_mem_intercon/m00_couplers/auto_pc/inst/gen_axi4_axi3.axi3_conv_inst/USE_WRITE.write_addr_inst/USE_BURSTS.cmd_queue/inst/fifo_gen_inst/inst_fifo_gen/gconvfifo.rf/grf.rf/gntv_or_sync_fifo.gl0.rd/gr1.gr1_int.rfwft/gpregsm1.curr_fwft_state_reg[0]/C
                         clock pessimism             -0.284     0.945    
    SLICE_X18Y39         FDCE (Remov_fdce_C_CLR)     -0.067     0.878    matvecmul_design_i/axi_mem_intercon/m00_couplers/auto_pc/inst/gen_axi4_axi3.axi3_conv_inst/USE_WRITE.write_addr_inst/USE_BURSTS.cmd_queue/inst/fifo_gen_inst/inst_fifo_gen/gconvfifo.rf/grf.rf/gntv_or_sync_fifo.gl0.rd/gr1.gr1_int.rfwft/gpregsm1.curr_fwft_state_reg[0]
  -------------------------------------------------------------------
                         required time                         -0.877    
                         arrival time                           1.442    
  -------------------------------------------------------------------
                         slack                                  0.565    

Slack (MET) :             0.565ns  (arrival time - required time)
  Source:                 matvecmul_design_i/axi_mem_intercon/m00_couplers/auto_pc/inst/gen_axi4_axi3.axi3_conv_inst/USE_WRITE.write_addr_inst/USE_BURSTS.cmd_queue/inst/fifo_gen_inst/inst_fifo_gen/gconvfifo.rf/grf.rf/rstblk/ngwrdrst.grst.g7serrst.gnsckt_wrst.gcc_rst.sckt_wr_rst_cc_reg[0]/C
                            (rising edge-triggered cell FDRE clocked by clk_fpga_0  {rise@0.000ns fall@5.000ns period=10.000ns})
  Destination:            matvecmul_design_i/axi_mem_intercon/m00_couplers/auto_pc/inst/gen_axi4_axi3.axi3_conv_inst/USE_WRITE.write_addr_inst/USE_BURSTS.cmd_queue/inst/fifo_gen_inst/inst_fifo_gen/gconvfifo.rf/grf.rf/gntv_or_sync_fifo.gl0.rd/gr1.gr1_int.rfwft/gpregsm1.curr_fwft_state_reg[1]/CLR
                            (removal check against rising-edge clock clk_fpga_0  {rise@0.000ns fall@5.000ns period=10.000ns})
  Path Group:             **async_default**
  Path Type:              Removal (Min at Fast Process Corner)
  Requirement:            0.000ns  (clk_fpga_0 rise@0.000ns - clk_fpga_0 rise@0.000ns)
  Data Path Delay:        0.514ns  (logic 0.186ns (36.220%)  route 0.328ns (63.780%))
  Logic Levels:           1  (LUT3=1)
  Clock Path Skew:        0.016ns (DCD - SCD - CPR)
    Destination Clock Delay (DCD):    1.229ns
    Source Clock Delay      (SCD):    0.929ns
    Clock Pessimism Removal (CPR):    0.284ns

    Location             Delay type                Incr(ns)  Path(ns)    Netlist Resource(s)
  -------------------------------------------------------------------    -------------------
                         (clock clk_fpga_0 rise edge)
                                                      0.000     0.000 r  
    PS7_X0Y0             PS7                          0.000     0.000 r  matvecmul_design_i/ps7/inst/PS7_i/FCLKCLK[0]
                         net (fo=1, routed)           0.310     0.310    matvecmul_design_i/ps7/inst/FCLK_CLK_unbuffered[0]
    BUFGCTRL_X0Y16       BUFG (Prop_bufg_I_O)         0.026     0.336 r  matvecmul_design_i/ps7/inst/buffer_fclk_clk_0.FCLK_CLK_0_BUFG/O
                         net (fo=5456, routed)        0.593     0.929    matvecmul_design_i/axi_mem_intercon/m00_couplers/auto_pc/inst/gen_axi4_axi3.axi3_conv_inst/USE_WRITE.write_addr_inst/USE_BURSTS.cmd_queue/inst/fifo_gen_inst/inst_fifo_gen/gconvfifo.rf/grf.rf/rstblk/clk
    SLICE_X17Y38         FDRE                                         r  matvecmul_design_i/axi_mem_intercon/m00_couplers/auto_pc/inst/gen_axi4_axi3.axi3_conv_inst/USE_WRITE.write_addr_inst/USE_BURSTS.cmd_queue/inst/fifo_gen_inst/inst_fifo_gen/gconvfifo.rf/grf.rf/rstblk/ngwrdrst.grst.g7serrst.gnsckt_wrst.gcc_rst.sckt_wr_rst_cc_reg[0]/C
  -------------------------------------------------------------------    -------------------
    SLICE_X17Y38         FDRE (Prop_fdre_C_Q)         0.141     1.070 f  matvecmul_design_i/axi_mem_intercon/m00_couplers/auto_pc/inst/gen_axi4_axi3.axi3_conv_inst/USE_WRITE.write_addr_inst/USE_BURSTS.cmd_queue/inst/fifo_gen_inst/inst_fifo_gen/gconvfifo.rf/grf.rf/rstblk/ngwrdrst.grst.g7serrst.gnsckt_wrst.gcc_rst.sckt_wr_rst_cc_reg[0]/Q
                         net (fo=3, routed)           0.119     1.189    matvecmul_design_i/axi_mem_intercon/m00_couplers/auto_pc/inst/gen_axi4_axi3.axi3_conv_inst/USE_WRITE.write_addr_inst/USE_BURSTS.cmd_queue/inst/fifo_gen_inst/inst_fifo_gen/gconvfifo.rf/grf.rf/rstblk/sckt_wr_rst_cc[0]
    SLICE_X18Y38         LUT3 (Prop_lut3_I1_O)        0.045     1.234 f  matvecmul_design_i/axi_mem_intercon/m00_couplers/auto_pc/inst/gen_axi4_axi3.axi3_conv_inst/USE_WRITE.write_addr_inst/USE_BURSTS.cmd_queue/inst/fifo_gen_inst/inst_fifo_gen/gconvfifo.rf/grf.rf/rstblk/gpregsm1.curr_fwft_state[1]_i_2/O
                         net (fo=32, routed)          0.208     1.442    matvecmul_design_i/axi_mem_intercon/m00_couplers/auto_pc/inst/gen_axi4_axi3.axi3_conv_inst/USE_WRITE.write_addr_inst/USE_BURSTS.cmd_queue/inst/fifo_gen_inst/inst_fifo_gen/gconvfifo.rf/grf.rf/gntv_or_sync_fifo.gl0.rd/gr1.gr1_int.rfwft/gpregsm1.user_valid_reg_0
    SLICE_X18Y39         FDCE                                         f  matvecmul_design_i/axi_mem_intercon/m00_couplers/auto_pc/inst/gen_axi4_axi3.axi3_conv_inst/USE_WRITE.write_addr_inst/USE_BURSTS.cmd_queue/inst/fifo_gen_inst/inst_fifo_gen/gconvfifo.rf/grf.rf/gntv_or_sync_fifo.gl0.rd/gr1.gr1_int.rfwft/gpregsm1.curr_fwft_state_reg[1]/CLR
  -------------------------------------------------------------------    -------------------

                         (clock clk_fpga_0 rise edge)
                                                      0.000     0.000 r  
    PS7_X0Y0             PS7                          0.000     0.000 r  matvecmul_design_i/ps7/inst/PS7_i/FCLKCLK[0]
                         net (fo=1, routed)           0.337     0.337    matvecmul_design_i/ps7/inst/FCLK_CLK_unbuffered[0]
    BUFGCTRL_X0Y16       BUFG (Prop_bufg_I_O)         0.029     0.366 r  matvecmul_design_i/ps7/inst/buffer_fclk_clk_0.FCLK_CLK_0_BUFG/O
                         net (fo=5456, routed)        0.863     1.229    matvecmul_design_i/axi_mem_intercon/m00_couplers/auto_pc/inst/gen_axi4_axi3.axi3_conv_inst/USE_WRITE.write_addr_inst/USE_BURSTS.cmd_queue/inst/fifo_gen_inst/inst_fifo_gen/gconvfifo.rf/grf.rf/gntv_or_sync_fifo.gl0.rd/gr1.gr1_int.rfwft/clk
    SLICE_X18Y39         FDCE                                         r  matvecmul_design_i/axi_mem_intercon/m00_couplers/auto_pc/inst/gen_axi4_axi3.axi3_conv_inst/USE_WRITE.write_addr_inst/USE_BURSTS.cmd_queue/inst/fifo_gen_inst/inst_fifo_gen/gconvfifo.rf/grf.rf/gntv_or_sync_fifo.gl0.rd/gr1.gr1_int.rfwft/gpregsm1.curr_fwft_state_reg[1]/C
                         clock pessimism             -0.284     0.945    
    SLICE_X18Y39         FDCE (Remov_fdce_C_CLR)     -0.067     0.878    matvecmul_design_i/axi_mem_intercon/m00_couplers/auto_pc/inst/gen_axi4_axi3.axi3_conv_inst/USE_WRITE.write_addr_inst/USE_BURSTS.cmd_queue/inst/fifo_gen_inst/inst_fifo_gen/gconvfifo.rf/grf.rf/gntv_or_sync_fifo.gl0.rd/gr1.gr1_int.rfwft/gpregsm1.curr_fwft_state_reg[1]
  -------------------------------------------------------------------
                         required time                         -0.877    
                         arrival time                           1.442    
  -------------------------------------------------------------------
                         slack                                  0.565    

Slack (MET) :             0.565ns  (arrival time - required time)
  Source:                 matvecmul_design_i/axi_mem_intercon/m00_couplers/auto_pc/inst/gen_axi4_axi3.axi3_conv_inst/USE_WRITE.write_addr_inst/USE_BURSTS.cmd_queue/inst/fifo_gen_inst/inst_fifo_gen/gconvfifo.rf/grf.rf/rstblk/ngwrdrst.grst.g7serrst.gnsckt_wrst.gcc_rst.sckt_wr_rst_cc_reg[0]/C
                            (rising edge-triggered cell FDRE clocked by clk_fpga_0  {rise@0.000ns fall@5.000ns period=10.000ns})
  Destination:            matvecmul_design_i/axi_mem_intercon/m00_couplers/auto_pc/inst/gen_axi4_axi3.axi3_conv_inst/USE_WRITE.write_addr_inst/USE_BURSTS.cmd_queue/inst/fifo_gen_inst/inst_fifo_gen/gconvfifo.rf/grf.rf/gntv_or_sync_fifo.gl0.rd/gr1.gr1_int.rfwft/gpregsm1.user_valid_reg/CLR
                            (removal check against rising-edge clock clk_fpga_0  {rise@0.000ns fall@5.000ns period=10.000ns})
  Path Group:             **async_default**
  Path Type:              Removal (Min at Fast Process Corner)
  Requirement:            0.000ns  (clk_fpga_0 rise@0.000ns - clk_fpga_0 rise@0.000ns)
  Data Path Delay:        0.514ns  (logic 0.186ns (36.220%)  route 0.328ns (63.780%))
  Logic Levels:           1  (LUT3=1)
  Clock Path Skew:        0.016ns (DCD - SCD - CPR)
    Destination Clock Delay (DCD):    1.229ns
    Source Clock Delay      (SCD):    0.929ns
    Clock Pessimism Removal (CPR):    0.284ns

    Location             Delay type                Incr(ns)  Path(ns)    Netlist Resource(s)
  -------------------------------------------------------------------    -------------------
                         (clock clk_fpga_0 rise edge)
                                                      0.000     0.000 r  
    PS7_X0Y0             PS7                          0.000     0.000 r  matvecmul_design_i/ps7/inst/PS7_i/FCLKCLK[0]
                         net (fo=1, routed)           0.310     0.310    matvecmul_design_i/ps7/inst/FCLK_CLK_unbuffered[0]
    BUFGCTRL_X0Y16       BUFG (Prop_bufg_I_O)         0.026     0.336 r  matvecmul_design_i/ps7/inst/buffer_fclk_clk_0.FCLK_CLK_0_BUFG/O
                         net (fo=5456, routed)        0.593     0.929    matvecmul_design_i/axi_mem_intercon/m00_couplers/auto_pc/inst/gen_axi4_axi3.axi3_conv_inst/USE_WRITE.write_addr_inst/USE_BURSTS.cmd_queue/inst/fifo_gen_inst/inst_fifo_gen/gconvfifo.rf/grf.rf/rstblk/clk
    SLICE_X17Y38         FDRE                                         r  matvecmul_design_i/axi_mem_intercon/m00_couplers/auto_pc/inst/gen_axi4_axi3.axi3_conv_inst/USE_WRITE.write_addr_inst/USE_BURSTS.cmd_queue/inst/fifo_gen_inst/inst_fifo_gen/gconvfifo.rf/grf.rf/rstblk/ngwrdrst.grst.g7serrst.gnsckt_wrst.gcc_rst.sckt_wr_rst_cc_reg[0]/C
  -------------------------------------------------------------------    -------------------
    SLICE_X17Y38         FDRE (Prop_fdre_C_Q)         0.141     1.070 f  matvecmul_design_i/axi_mem_intercon/m00_couplers/auto_pc/inst/gen_axi4_axi3.axi3_conv_inst/USE_WRITE.write_addr_inst/USE_BURSTS.cmd_queue/inst/fifo_gen_inst/inst_fifo_gen/gconvfifo.rf/grf.rf/rstblk/ngwrdrst.grst.g7serrst.gnsckt_wrst.gcc_rst.sckt_wr_rst_cc_reg[0]/Q
                         net (fo=3, routed)           0.119     1.189    matvecmul_design_i/axi_mem_intercon/m00_couplers/auto_pc/inst/gen_axi4_axi3.axi3_conv_inst/USE_WRITE.write_addr_inst/USE_BURSTS.cmd_queue/inst/fifo_gen_inst/inst_fifo_gen/gconvfifo.rf/grf.rf/rstblk/sckt_wr_rst_cc[0]
    SLICE_X18Y38         LUT3 (Prop_lut3_I1_O)        0.045     1.234 f  matvecmul_design_i/axi_mem_intercon/m00_couplers/auto_pc/inst/gen_axi4_axi3.axi3_conv_inst/USE_WRITE.write_addr_inst/USE_BURSTS.cmd_queue/inst/fifo_gen_inst/inst_fifo_gen/gconvfifo.rf/grf.rf/rstblk/gpregsm1.curr_fwft_state[1]_i_2/O
                         net (fo=32, routed)          0.208     1.442    matvecmul_design_i/axi_mem_intercon/m00_couplers/auto_pc/inst/gen_axi4_axi3.axi3_conv_inst/USE_WRITE.write_addr_inst/USE_BURSTS.cmd_queue/inst/fifo_gen_inst/inst_fifo_gen/gconvfifo.rf/grf.rf/gntv_or_sync_fifo.gl0.rd/gr1.gr1_int.rfwft/gpregsm1.user_valid_reg_0
    SLICE_X18Y39         FDCE                                         f  matvecmul_design_i/axi_mem_intercon/m00_couplers/auto_pc/inst/gen_axi4_axi3.axi3_conv_inst/USE_WRITE.write_addr_inst/USE_BURSTS.cmd_queue/inst/fifo_gen_inst/inst_fifo_gen/gconvfifo.rf/grf.rf/gntv_or_sync_fifo.gl0.rd/gr1.gr1_int.rfwft/gpregsm1.user_valid_reg/CLR
  -------------------------------------------------------------------    -------------------

                         (clock clk_fpga_0 rise edge)
                                                      0.000     0.000 r  
    PS7_X0Y0             PS7                          0.000     0.000 r  matvecmul_design_i/ps7/inst/PS7_i/FCLKCLK[0]
                         net (fo=1, routed)           0.337     0.337    matvecmul_design_i/ps7/inst/FCLK_CLK_unbuffered[0]
    BUFGCTRL_X0Y16       BUFG (Prop_bufg_I_O)         0.029     0.366 r  matvecmul_design_i/ps7/inst/buffer_fclk_clk_0.FCLK_CLK_0_BUFG/O
                         net (fo=5456, routed)        0.863     1.229    matvecmul_design_i/axi_mem_intercon/m00_couplers/auto_pc/inst/gen_axi4_axi3.axi3_conv_inst/USE_WRITE.write_addr_inst/USE_BURSTS.cmd_queue/inst/fifo_gen_inst/inst_fifo_gen/gconvfifo.rf/grf.rf/gntv_or_sync_fifo.gl0.rd/gr1.gr1_int.rfwft/clk
    SLICE_X18Y39         FDCE                                         r  matvecmul_design_i/axi_mem_intercon/m00_couplers/auto_pc/inst/gen_axi4_axi3.axi3_conv_inst/USE_WRITE.write_addr_inst/USE_BURSTS.cmd_queue/inst/fifo_gen_inst/inst_fifo_gen/gconvfifo.rf/grf.rf/gntv_or_sync_fifo.gl0.rd/gr1.gr1_int.rfwft/gpregsm1.user_valid_reg/C
                         clock pessimism             -0.284     0.945    
    SLICE_X18Y39         FDCE (Remov_fdce_C_CLR)     -0.067     0.878    matvecmul_design_i/axi_mem_intercon/m00_couplers/auto_pc/inst/gen_axi4_axi3.axi3_conv_inst/USE_WRITE.write_addr_inst/USE_BURSTS.cmd_queue/inst/fifo_gen_inst/inst_fifo_gen/gconvfifo.rf/grf.rf/gntv_or_sync_fifo.gl0.rd/gr1.gr1_int.rfwft/gpregsm1.user_valid_reg
  -------------------------------------------------------------------
                         required time                         -0.877    
                         arrival time                           1.442    
  -------------------------------------------------------------------
                         slack                                  0.565    





